ISO-10303-21;
HEADER;
FILE_DESCRIPTION(('FreeCAD Model'),'2;1');
FILE_NAME('Open CASCADE Shape Model','2026-01-18T11:08:50',(''),(''),
  'Open CASCADE STEP processor 7.8','FreeCAD','Unknown');
FILE_SCHEMA(('AUTOMOTIVE_DESIGN { 1 0 10303 214 1 1 1 1 }'));
ENDSEC;
DATA;
#1 = APPLICATION_PROTOCOL_DEFINITION('international standard',
  'automotive_design',2000,#2);
#2 = APPLICATION_CONTEXT(
  'core data for automotive mechanical design processes');
#3 = SHAPE_DEFINITION_REPRESENTATION(#4,#10);
#4 = PRODUCT_DEFINITION_SHAPE('','',#5);
#5 = PRODUCT_DEFINITION('design','',#6,#9);
#6 = PRODUCT_DEFINITION_FORMATION('','',#7);
#7 = PRODUCT('Fusion002','Fusion002','',(#8));
#8 = PRODUCT_CONTEXT('',#2,'mechanical');
#9 = PRODUCT_DEFINITION_CONTEXT('part definition',#2,'design');
#10 = ADVANCED_BREP_SHAPE_REPRESENTATION('',(#11,#15),#10053);
#11 = AXIS2_PLACEMENT_3D('',#12,#13,#14);
#12 = CARTESIAN_POINT('',(0.,0.,0.));
#13 = DIRECTION('',(0.,0.,1.));
#14 = DIRECTION('',(1.,0.,-0.));
#15 = MANIFOLD_SOLID_BREP('',#16);
#16 = CLOSED_SHELL('',(#17,#57,#192,#217,#344,#363,#385,#402,#419,#436,
    #453,#465,#496,#520,#537,#554,#566,#597,#698,#799,#816,#833,#889,
    #906,#923,#935,#952,#969,#986,#1037,#1054,#1071,#1119,#1202,#1214,
    #1270,#1339,#1395,#1462,#1521,#1546,#1576,#1628,#1668,#1692,#1725,
    #1765,#1816,#1840,#1900,#1917,#1929,#1946,#1963,#1980,#1997,#2009,
    #2043,#2060,#2092,#2109,#2149,#2174,#2206,#2224,#2258,#2282,#2306,
    #2328,#2340,#2374,#2406,#2424,#2434,#2649,#2680,#2712,#2743,#2775,
    #2815,#2839,#2931,#2987,#3004,#3028,#3065,#3103,#3158,#3170,#3217,
    #3234,#3258,#3282,#3299,#3333,#3352,#3421,#3455,#3487,#3505,#3541,
    #3574,#3592,#3624,#3642,#3708,#3733,#3791,#3866,#3916,#3950,#4000,
    #4101,#4135,#4153,#4170,#4187,#4204,#4216,#4230,#4247,#4264,#4365,
    #4382,#4414,#4432,#4449,#4466,#4483,#4500,#4517,#4568,#4590,#4607,
    #4624,#4636,#4687,#4697,#4800,#4903,#4920,#4937,#4959,#4976,#4988,
    #5005,#5022,#5039,#5056,#5073,#5085,#5222,#5253,#5277,#5301,#5318,
    #5349,#5373,#5397,#5414,#5426,#5529,#5560,#5584,#5608,#5625,#5656,
    #5688,#5712,#5768,#5812,#5868,#5892,#5924,#5948,#5972,#6009,#6064,
    #6105,#6172,#6189,#6201,#6235,#6269,#6301,#6319,#6337,#6370,#6436,
    #6493,#6568,#6593,#6644,#6676,#6694,#6744,#6778,#6879,#6897,#6914,
    #6931,#6948,#6960,#6982,#6994,#7018,#7112,#7142,#7160,#7177,#7209,
    #7227,#7244,#7261,#7278,#7295,#7346,#7368,#7385,#7402,#7414,#7465,
    #7475,#7578,#7681,#7698,#7715,#7737,#7754,#7771,#7788,#7805,#7822,
    #7834,#7851,#7863,#7892,#7914,#7931,#7948,#8277,#8379,#8415,#8449,
    #8466,#8505,#8524,#8542,#8553,#8563,#8665,#8701,#8735,#8752,#8791,
    #8810,#8828,#8839,#8849,#8951,#8987,#9021,#9038,#9077,#9096,#9114,
    #9125,#9135,#9166,#9190,#9214,#9231,#9243,#9274,#9314,#9338,#9371,
    #9397,#9421,#9438,#9450,#9481,#9505,#9529,#9546,#9558,#9589,#9613,
    #9637,#9662,#9686,#9711,#9735,#9752,#9768,#9800,#9817,#9827,#9859,
    #9883,#9900,#9911,#9942,#9966,#9983,#9994,#10011,#10023,#10035));
#17 = ADVANCED_FACE('',(#18),#52,.T.);
#18 = FACE_BOUND('',#19,.T.);
#19 = EDGE_LOOP('',(#20,#30,#38,#46));
#20 = ORIENTED_EDGE('',*,*,#21,.F.);
#21 = EDGE_CURVE('',#22,#24,#26,.T.);
#22 = VERTEX_POINT('',#23);
#23 = CARTESIAN_POINT('',(1.,2.104598232642,0.802012835373));
#24 = VERTEX_POINT('',#25);
#25 = CARTESIAN_POINT('',(1.,2.56165154865,1.957259763646));
#26 = LINE('',#27,#28);
#27 = CARTESIAN_POINT('',(1.,2.083559377712,0.748835073215));
#28 = VECTOR('',#29,1.);
#29 = DIRECTION('',(-2.465190328816E-32,0.367887053037,0.929870483566));
#30 = ORIENTED_EDGE('',*,*,#31,.F.);
#31 = EDGE_CURVE('',#32,#22,#34,.T.);
#32 = VERTEX_POINT('',#33);
#33 = CARTESIAN_POINT('',(2.5,2.104598232642,0.802012835373));
#34 = LINE('',#35,#36);
#35 = CARTESIAN_POINT('',(2.5,2.104598232642,0.802012835373));
#36 = VECTOR('',#37,1.);
#37 = DIRECTION('',(-1.,2.465190328816E-32,0.));
#38 = ORIENTED_EDGE('',*,*,#39,.T.);
#39 = EDGE_CURVE('',#32,#40,#42,.T.);
#40 = VERTEX_POINT('',#41);
#41 = CARTESIAN_POINT('',(2.5,2.56165154865,1.957259763646));
#42 = LINE('',#43,#44);
#43 = CARTESIAN_POINT('',(2.5,2.083559377712,0.748835073215));
#44 = VECTOR('',#45,1.);
#45 = DIRECTION('',(-2.465190328816E-32,0.367887053037,0.929870483566));
#46 = ORIENTED_EDGE('',*,*,#47,.T.);
#47 = EDGE_CURVE('',#40,#24,#48,.T.);
#48 = LINE('',#49,#50);
#49 = CARTESIAN_POINT('',(2.5,2.56165154865,1.957259763646));
#50 = VECTOR('',#51,1.);
#51 = DIRECTION('',(-1.,2.465190328816E-32,0.));
#52 = PLANE('',#53);
#53 = AXIS2_PLACEMENT_3D('',#54,#55,#56);
#54 = CARTESIAN_POINT('',(2.5,2.083559377712,0.748835073215));
#55 = DIRECTION('',(2.465190328816E-32,-0.929870483566,0.367887053037));
#56 = DIRECTION('',(-2.736911063134E-48,-0.367887053037,-0.929870483566)
  );
#57 = ADVANCED_FACE('',(#58),#187,.T.);
#58 = FACE_BOUND('',#59,.T.);
#59 = EDGE_LOOP('',(#60,#71,#79,#87,#95,#104,#112,#119,#120,#129,#138,
    #146,#155,#164,#172,#181));
#60 = ORIENTED_EDGE('',*,*,#61,.F.);
#61 = EDGE_CURVE('',#62,#64,#66,.T.);
#62 = VERTEX_POINT('',#63);
#63 = CARTESIAN_POINT('',(1.,2.270285379672,-0.71073457847));
#64 = VERTEX_POINT('',#65);
#65 = CARTESIAN_POINT('',(1.,2.269533474425,-0.689507760837));
#66 = CIRCLE('',#67,0.3);
#67 = AXIS2_PLACEMENT_3D('',#68,#69,#70);
#68 = CARTESIAN_POINT('',(1.,2.569533474425,-0.689507760837));
#69 = DIRECTION('',(-1.,2.465190328816E-32,0.));
#70 = DIRECTION('',(-1.069105884037E-46,-4.336808689942E-15,-1.));
#71 = ORIENTED_EDGE('',*,*,#72,.F.);
#72 = EDGE_CURVE('',#73,#62,#75,.T.);
#73 = VERTEX_POINT('',#74);
#74 = CARTESIAN_POINT('',(1.,2.348777579631,-1.817289583392));
#75 = LINE('',#76,#77);
#76 = CARTESIAN_POINT('',(1.,2.348777579631,-1.817289583392));
#77 = VECTOR('',#78,1.);
#78 = DIRECTION('',(-6.162975822039E-33,-7.075605877766E-02,
    0.997493649176));
#79 = ORIENTED_EDGE('',*,*,#80,.T.);
#80 = EDGE_CURVE('',#73,#81,#83,.T.);
#81 = VERTEX_POINT('',#82);
#82 = CARTESIAN_POINT('',(1.,2.149278849796,-1.831440795147));
#83 = LINE('',#84,#85);
#84 = CARTESIAN_POINT('',(1.,2.348777579631,-1.817289583392));
#85 = VECTOR('',#86,1.);
#86 = DIRECTION('',(4.930380657631E-32,-0.997493649176,
    -7.075605877766E-02));
#87 = ORIENTED_EDGE('',*,*,#88,.T.);
#88 = EDGE_CURVE('',#81,#89,#91,.T.);
#89 = VERTEX_POINT('',#90);
#90 = CARTESIAN_POINT('',(1.,2.070786649837,-0.724885790226));
#91 = LINE('',#92,#93);
#92 = CARTESIAN_POINT('',(1.,2.149278849796,-1.831440795147));
#93 = VECTOR('',#94,1.);
#94 = DIRECTION('',(0.,-7.075605877766E-02,0.997493649176));
#95 = ORIENTED_EDGE('',*,*,#96,.T.);
#96 = EDGE_CURVE('',#89,#97,#99,.T.);
#97 = VERTEX_POINT('',#98);
#98 = CARTESIAN_POINT('',(1.,2.069533474425,-0.689507760837));
#99 = CIRCLE('',#100,0.5);
#100 = AXIS2_PLACEMENT_3D('',#101,#102,#103);
#101 = CARTESIAN_POINT('',(1.,2.569533474425,-0.689507760837));
#102 = DIRECTION('',(-1.,2.465190328816E-32,0.));
#103 = DIRECTION('',(0.,0.,-1.));
#104 = ORIENTED_EDGE('',*,*,#105,.T.);
#105 = EDGE_CURVE('',#97,#106,#108,.T.);
#106 = VERTEX_POINT('',#107);
#107 = CARTESIAN_POINT('',(1.,2.069533474425,0.618069308855));
#108 = LINE('',#109,#110);
#109 = CARTESIAN_POINT('',(1.,2.069533474425,-0.700134486805));
#110 = VECTOR('',#111,1.);
#111 = DIRECTION('',(0.,7.035130394291E-33,1.));
#112 = ORIENTED_EDGE('',*,*,#113,.T.);
#113 = EDGE_CURVE('',#106,#22,#114,.T.);
#114 = CIRCLE('',#115,0.5);
#115 = AXIS2_PLACEMENT_3D('',#116,#117,#118);
#116 = CARTESIAN_POINT('',(1.,2.569533474425,0.618069308855));
#117 = DIRECTION('',(-1.,2.465190328816E-32,0.));
#118 = DIRECTION('',(-2.138211768074E-47,-8.673617379884E-16,-1.));
#119 = ORIENTED_EDGE('',*,*,#21,.T.);
#120 = ORIENTED_EDGE('',*,*,#121,.T.);
#121 = EDGE_CURVE('',#24,#122,#124,.T.);
#122 = VERTEX_POINT('',#123);
#123 = CARTESIAN_POINT('',(1.,3.026586790433,2.273316237127));
#124 = CIRCLE('',#125,0.5);
#125 = AXIS2_PLACEMENT_3D('',#126,#127,#128);
#126 = CARTESIAN_POINT('',(1.,3.026586790433,1.773316237127));
#127 = DIRECTION('',(-1.,2.465190328816E-32,0.));
#128 = DIRECTION('',(4.276423536148E-47,1.734723475977E-15,-1.));
#129 = ORIENTED_EDGE('',*,*,#130,.T.);
#130 = EDGE_CURVE('',#122,#131,#133,.T.);
#131 = VERTEX_POINT('',#132);
#132 = CARTESIAN_POINT('',(1.,3.084961274724,2.269896965291));
#133 = CIRCLE('',#134,0.5);
#134 = AXIS2_PLACEMENT_3D('',#135,#136,#137);
#135 = CARTESIAN_POINT('',(1.,3.026586790433,1.773316237127));
#136 = DIRECTION('',(-1.,2.465190328816E-32,0.));
#137 = DIRECTION('',(0.,0.,-1.));
#138 = ORIENTED_EDGE('',*,*,#139,.F.);
#139 = EDGE_CURVE('',#140,#131,#142,.T.);
#140 = VERTEX_POINT('',#141);
#141 = CARTESIAN_POINT('',(1.,3.061611481008,2.071264674026));
#142 = LINE('',#143,#144);
#143 = CARTESIAN_POINT('',(1.,3.061611481008,2.071264674026));
#144 = VECTOR('',#145,1.);
#145 = DIRECTION('',(-1.232595164408E-32,0.116748968583,0.993161456328)
  );
#146 = ORIENTED_EDGE('',*,*,#147,.F.);
#147 = EDGE_CURVE('',#148,#140,#150,.T.);
#148 = VERTEX_POINT('',#149);
#149 = CARTESIAN_POINT('',(1.,3.026586790433,2.073316237127));
#150 = CIRCLE('',#151,0.3);
#151 = AXIS2_PLACEMENT_3D('',#152,#153,#154);
#152 = CARTESIAN_POINT('',(1.,3.026586790433,1.773316237127));
#153 = DIRECTION('',(-1.,2.465190328816E-32,0.));
#154 = DIRECTION('',(3.207317652111E-46,1.301042606983E-14,-1.));
#155 = ORIENTED_EDGE('',*,*,#156,.F.);
#156 = EDGE_CURVE('',#157,#148,#159,.T.);
#157 = VERTEX_POINT('',#158);
#158 = CARTESIAN_POINT('',(1.,2.747625645363,1.883682353038));
#159 = CIRCLE('',#160,0.3);
#160 = AXIS2_PLACEMENT_3D('',#161,#162,#163);
#161 = CARTESIAN_POINT('',(1.,3.026586790433,1.773316237127));
#162 = DIRECTION('',(-1.,2.465190328816E-32,0.));
#163 = DIRECTION('',(3.563686280123E-47,1.445602896647E-15,-1.));
#164 = ORIENTED_EDGE('',*,*,#165,.F.);
#165 = EDGE_CURVE('',#166,#157,#168,.T.);
#166 = VERTEX_POINT('',#167);
#167 = CARTESIAN_POINT('',(1.,2.290572329355,0.728435424766));
#168 = LINE('',#169,#170);
#169 = CARTESIAN_POINT('',(1.,2.269533474425,0.675257662608));
#170 = VECTOR('',#171,1.);
#171 = DIRECTION('',(-2.465190328816E-32,0.367887053037,0.929870483566)
  );
#172 = ORIENTED_EDGE('',*,*,#173,.F.);
#173 = EDGE_CURVE('',#174,#166,#176,.T.);
#174 = VERTEX_POINT('',#175);
#175 = CARTESIAN_POINT('',(1.,2.269533474425,0.618069308855));
#176 = CIRCLE('',#177,0.3);
#177 = AXIS2_PLACEMENT_3D('',#178,#179,#180);
#178 = CARTESIAN_POINT('',(1.,2.569533474425,0.618069308855));
#179 = DIRECTION('',(-1.,2.465190328816E-32,0.));
#180 = DIRECTION('',(7.127372560246E-47,2.891205793295E-15,-1.));
#181 = ORIENTED_EDGE('',*,*,#182,.F.);
#182 = EDGE_CURVE('',#64,#174,#183,.T.);
#183 = LINE('',#184,#185);
#184 = CARTESIAN_POINT('',(1.,2.269533474425,-0.700134486805));
#185 = VECTOR('',#186,1.);
#186 = DIRECTION('',(0.,7.035130394291E-33,1.));
#187 = PLANE('',#188);
#188 = AXIS2_PLACEMENT_3D('',#189,#190,#191);
#189 = CARTESIAN_POINT('',(1.,2.345310493091,0.313717291353));
#190 = DIRECTION('',(-1.,-0.,-0.));
#191 = DIRECTION('',(0.,0.,-1.));
#192 = ADVANCED_FACE('',(#193),#212,.T.);
#193 = FACE_BOUND('',#194,.T.);
#194 = EDGE_LOOP('',(#195,#196,#204,#211));
#195 = ORIENTED_EDGE('',*,*,#113,.F.);
#196 = ORIENTED_EDGE('',*,*,#197,.F.);
#197 = EDGE_CURVE('',#198,#106,#200,.T.);
#198 = VERTEX_POINT('',#199);
#199 = CARTESIAN_POINT('',(2.5,2.069533474425,0.618069308855));
#200 = LINE('',#201,#202);
#201 = CARTESIAN_POINT('',(2.5,2.069533474425,0.618069308855));
#202 = VECTOR('',#203,1.);
#203 = DIRECTION('',(-1.,2.465190328816E-32,0.));
#204 = ORIENTED_EDGE('',*,*,#205,.T.);
#205 = EDGE_CURVE('',#198,#32,#206,.T.);
#206 = CIRCLE('',#207,0.5);
#207 = AXIS2_PLACEMENT_3D('',#208,#209,#210);
#208 = CARTESIAN_POINT('',(2.5,2.569533474425,0.618069308855));
#209 = DIRECTION('',(-1.,2.465190328816E-32,0.));
#210 = DIRECTION('',(-4.276423536148E-47,-1.734723475977E-15,-1.));
#211 = ORIENTED_EDGE('',*,*,#31,.T.);
#212 = CYLINDRICAL_SURFACE('',#213,0.5);
#213 = AXIS2_PLACEMENT_3D('',#214,#215,#216);
#214 = CARTESIAN_POINT('',(2.5,2.569533474425,0.618069308855));
#215 = DIRECTION('',(-1.,2.465190328816E-32,0.));
#216 = DIRECTION('',(0.,0.,1.));
#217 = ADVANCED_FACE('',(#218),#339,.T.);
#218 = FACE_BOUND('',#219,.T.);
#219 = EDGE_LOOP('',(#220,#231,#239,#248,#256,#265,#274,#282,#291,#298,
    #299,#300,#308,#317,#325,#333));
#220 = ORIENTED_EDGE('',*,*,#221,.T.);
#221 = EDGE_CURVE('',#222,#224,#226,.T.);
#222 = VERTEX_POINT('',#223);
#223 = CARTESIAN_POINT('',(2.5,2.270285379672,-0.71073457847));
#224 = VERTEX_POINT('',#225);
#225 = CARTESIAN_POINT('',(2.5,2.269533474425,-0.689507760837));
#226 = CIRCLE('',#227,0.3);
#227 = AXIS2_PLACEMENT_3D('',#228,#229,#230);
#228 = CARTESIAN_POINT('',(2.5,2.569533474425,-0.689507760837));
#229 = DIRECTION('',(-1.,2.465190328816E-32,0.));
#230 = DIRECTION('',(-2.494580396086E-46,-1.011922027653E-14,-1.));
#231 = ORIENTED_EDGE('',*,*,#232,.T.);
#232 = EDGE_CURVE('',#224,#233,#235,.T.);
#233 = VERTEX_POINT('',#234);
#234 = CARTESIAN_POINT('',(2.5,2.269533474425,0.618069308855));
#235 = LINE('',#236,#237);
#236 = CARTESIAN_POINT('',(2.5,2.269533474425,-0.700134486805));
#237 = VECTOR('',#238,1.);
#238 = DIRECTION('',(0.,7.035130394291E-33,1.));
#239 = ORIENTED_EDGE('',*,*,#240,.T.);
#240 = EDGE_CURVE('',#233,#241,#243,.T.);
#241 = VERTEX_POINT('',#242);
#242 = CARTESIAN_POINT('',(2.5,2.290572329355,0.728435424766));
#243 = CIRCLE('',#244,0.3);
#244 = AXIS2_PLACEMENT_3D('',#245,#246,#247);
#245 = CARTESIAN_POINT('',(2.5,2.569533474425,0.618069308855));
#246 = DIRECTION('',(-1.,2.465190328816E-32,0.));
#247 = DIRECTION('',(3.563686280123E-47,1.445602896647E-15,-1.));
#248 = ORIENTED_EDGE('',*,*,#249,.T.);
#249 = EDGE_CURVE('',#241,#250,#252,.T.);
#250 = VERTEX_POINT('',#251);
#251 = CARTESIAN_POINT('',(2.5,2.747625645363,1.883682353038));
#252 = LINE('',#253,#254);
#253 = CARTESIAN_POINT('',(2.5,2.269533474425,0.675257662608));
#254 = VECTOR('',#255,1.);
#255 = DIRECTION('',(-2.465190328816E-32,0.367887053037,0.929870483566)
  );
#256 = ORIENTED_EDGE('',*,*,#257,.T.);
#257 = EDGE_CURVE('',#250,#258,#260,.T.);
#258 = VERTEX_POINT('',#259);
#259 = CARTESIAN_POINT('',(2.5,3.026586790433,2.073316237127));
#260 = CIRCLE('',#261,0.3);
#261 = AXIS2_PLACEMENT_3D('',#262,#263,#264);
#262 = CARTESIAN_POINT('',(2.5,3.026586790433,1.773316237127));
#263 = DIRECTION('',(-1.,2.465190328816E-32,0.));
#264 = DIRECTION('',(3.563686280123E-47,1.445602896647E-15,-1.));
#265 = ORIENTED_EDGE('',*,*,#266,.T.);
#266 = EDGE_CURVE('',#258,#267,#269,.T.);
#267 = VERTEX_POINT('',#268);
#268 = CARTESIAN_POINT('',(2.5,3.061611481008,2.071264674026));
#269 = CIRCLE('',#270,0.3);
#270 = AXIS2_PLACEMENT_3D('',#271,#272,#273);
#271 = CARTESIAN_POINT('',(2.5,3.026586790433,1.773316237127));
#272 = DIRECTION('',(-1.,2.465190328816E-32,0.));
#273 = DIRECTION('',(-3.207317652111E-46,-1.301042606983E-14,-1.));
#274 = ORIENTED_EDGE('',*,*,#275,.F.);
#275 = EDGE_CURVE('',#276,#267,#278,.T.);
#276 = VERTEX_POINT('',#277);
#277 = CARTESIAN_POINT('',(2.5,3.084961274724,2.269896965291));
#278 = LINE('',#279,#280);
#279 = CARTESIAN_POINT('',(2.5,3.084961274724,2.269896965291));
#280 = VECTOR('',#281,1.);
#281 = DIRECTION('',(1.232595164408E-32,-0.116748968583,-0.993161456328)
  );
#282 = ORIENTED_EDGE('',*,*,#283,.F.);
#283 = EDGE_CURVE('',#284,#276,#286,.T.);
#284 = VERTEX_POINT('',#285);
#285 = CARTESIAN_POINT('',(2.5,3.026586790433,2.273316237127));
#286 = CIRCLE('',#287,0.5);
#287 = AXIS2_PLACEMENT_3D('',#288,#289,#290);
#288 = CARTESIAN_POINT('',(2.5,3.026586790433,1.773316237127));
#289 = DIRECTION('',(-1.,2.465190328816E-32,0.));
#290 = DIRECTION('',(2.993496475303E-46,1.214306433184E-14,-1.));
#291 = ORIENTED_EDGE('',*,*,#292,.F.);
#292 = EDGE_CURVE('',#40,#284,#293,.T.);
#293 = CIRCLE('',#294,0.5);
#294 = AXIS2_PLACEMENT_3D('',#295,#296,#297);
#295 = CARTESIAN_POINT('',(2.5,3.026586790433,1.773316237127));
#296 = DIRECTION('',(-1.,2.465190328816E-32,0.));
#297 = DIRECTION('',(2.138211768074E-47,8.673617379884E-16,-1.));
#298 = ORIENTED_EDGE('',*,*,#39,.F.);
#299 = ORIENTED_EDGE('',*,*,#205,.F.);
#300 = ORIENTED_EDGE('',*,*,#301,.F.);
#301 = EDGE_CURVE('',#302,#198,#304,.T.);
#302 = VERTEX_POINT('',#303);
#303 = CARTESIAN_POINT('',(2.5,2.069533474425,-0.689507760837));
#304 = LINE('',#305,#306);
#305 = CARTESIAN_POINT('',(2.5,2.069533474425,-0.700134486805));
#306 = VECTOR('',#307,1.);
#307 = DIRECTION('',(0.,7.035130394291E-33,1.));
#308 = ORIENTED_EDGE('',*,*,#309,.F.);
#309 = EDGE_CURVE('',#310,#302,#312,.T.);
#310 = VERTEX_POINT('',#311);
#311 = CARTESIAN_POINT('',(2.5,2.070786649837,-0.724885790226));
#312 = CIRCLE('',#313,0.5);
#313 = AXIS2_PLACEMENT_3D('',#314,#315,#316);
#314 = CARTESIAN_POINT('',(2.5,2.569533474425,-0.689507760837));
#315 = DIRECTION('',(-1.,2.465190328816E-32,0.));
#316 = DIRECTION('',(0.,0.,-1.));
#317 = ORIENTED_EDGE('',*,*,#318,.F.);
#318 = EDGE_CURVE('',#319,#310,#321,.T.);
#319 = VERTEX_POINT('',#320);
#320 = CARTESIAN_POINT('',(2.5,2.149278849796,-1.831440795147));
#321 = LINE('',#322,#323);
#322 = CARTESIAN_POINT('',(2.5,2.149278849796,-1.831440795147));
#323 = VECTOR('',#324,1.);
#324 = DIRECTION('',(0.,-7.075605877766E-02,0.997493649176));
#325 = ORIENTED_EDGE('',*,*,#326,.F.);
#326 = EDGE_CURVE('',#327,#319,#329,.T.);
#327 = VERTEX_POINT('',#328);
#328 = CARTESIAN_POINT('',(2.5,2.348777579631,-1.817289583392));
#329 = LINE('',#330,#331);
#330 = CARTESIAN_POINT('',(2.5,2.348777579631,-1.817289583392));
#331 = VECTOR('',#332,1.);
#332 = DIRECTION('',(4.930380657631E-32,-0.997493649176,
    -7.075605877766E-02));
#333 = ORIENTED_EDGE('',*,*,#334,.T.);
#334 = EDGE_CURVE('',#327,#222,#335,.T.);
#335 = LINE('',#336,#337);
#336 = CARTESIAN_POINT('',(2.5,2.348777579631,-1.817289583392));
#337 = VECTOR('',#338,1.);
#338 = DIRECTION('',(-6.162975822039E-33,-7.075605877766E-02,
    0.997493649176));
#339 = PLANE('',#340);
#340 = AXIS2_PLACEMENT_3D('',#341,#342,#343);
#341 = CARTESIAN_POINT('',(2.5,2.345310493091,0.313717291353));
#342 = DIRECTION('',(1.,0.,0.));
#343 = DIRECTION('',(0.,0.,1.));
#344 = ADVANCED_FACE('',(#345),#358,.T.);
#345 = FACE_BOUND('',#346,.T.);
#346 = EDGE_LOOP('',(#347,#348,#349,#350,#351,#352));
#347 = ORIENTED_EDGE('',*,*,#130,.F.);
#348 = ORIENTED_EDGE('',*,*,#121,.F.);
#349 = ORIENTED_EDGE('',*,*,#47,.F.);
#350 = ORIENTED_EDGE('',*,*,#292,.T.);
#351 = ORIENTED_EDGE('',*,*,#283,.T.);
#352 = ORIENTED_EDGE('',*,*,#353,.T.);
#353 = EDGE_CURVE('',#276,#131,#354,.T.);
#354 = LINE('',#355,#356);
#355 = CARTESIAN_POINT('',(2.5,3.084961274724,2.269896965291));
#356 = VECTOR('',#357,1.);
#357 = DIRECTION('',(-1.,2.465190328816E-32,0.));
#358 = CYLINDRICAL_SURFACE('',#359,0.5);
#359 = AXIS2_PLACEMENT_3D('',#360,#361,#362);
#360 = CARTESIAN_POINT('',(2.5,3.026586790433,1.773316237127));
#361 = DIRECTION('',(-1.,2.465190328816E-32,0.));
#362 = DIRECTION('',(0.,0.,1.));
#363 = ADVANCED_FACE('',(#364),#380,.F.);
#364 = FACE_BOUND('',#365,.F.);
#365 = EDGE_LOOP('',(#366,#372,#373,#379));
#366 = ORIENTED_EDGE('',*,*,#367,.F.);
#367 = EDGE_CURVE('',#222,#62,#368,.T.);
#368 = LINE('',#369,#370);
#369 = CARTESIAN_POINT('',(2.5,2.270285379672,-0.71073457847));
#370 = VECTOR('',#371,1.);
#371 = DIRECTION('',(-1.,2.465190328816E-32,0.));
#372 = ORIENTED_EDGE('',*,*,#221,.T.);
#373 = ORIENTED_EDGE('',*,*,#374,.T.);
#374 = EDGE_CURVE('',#224,#64,#375,.T.);
#375 = LINE('',#376,#377);
#376 = CARTESIAN_POINT('',(2.5,2.269533474425,-0.689507760837));
#377 = VECTOR('',#378,1.);
#378 = DIRECTION('',(-1.,2.465190328816E-32,0.));
#379 = ORIENTED_EDGE('',*,*,#61,.F.);
#380 = CYLINDRICAL_SURFACE('',#381,0.3);
#381 = AXIS2_PLACEMENT_3D('',#382,#383,#384);
#382 = CARTESIAN_POINT('',(2.5,2.569533474425,-0.689507760837));
#383 = DIRECTION('',(-1.,2.465190328816E-32,0.));
#384 = DIRECTION('',(0.,0.,1.));
#385 = ADVANCED_FACE('',(#386),#397,.F.);
#386 = FACE_BOUND('',#387,.T.);
#387 = EDGE_LOOP('',(#388,#389,#390,#391));
#388 = ORIENTED_EDGE('',*,*,#72,.T.);
#389 = ORIENTED_EDGE('',*,*,#367,.F.);
#390 = ORIENTED_EDGE('',*,*,#334,.F.);
#391 = ORIENTED_EDGE('',*,*,#392,.T.);
#392 = EDGE_CURVE('',#327,#73,#393,.T.);
#393 = LINE('',#394,#395);
#394 = CARTESIAN_POINT('',(2.5,2.348777579631,-1.817289583392));
#395 = VECTOR('',#396,1.);
#396 = DIRECTION('',(-1.,2.465190328816E-32,0.));
#397 = PLANE('',#398);
#398 = AXIS2_PLACEMENT_3D('',#399,#400,#401);
#399 = CARTESIAN_POINT('',(2.5,2.348777579631,-1.817289583392));
#400 = DIRECTION('',(2.465190328816E-32,-0.997493649176,
    -7.075605877766E-02));
#401 = DIRECTION('',(6.162975822039E-33,7.075605877766E-02,
    -0.997493649176));
#402 = ADVANCED_FACE('',(#403),#414,.T.);
#403 = FACE_BOUND('',#404,.T.);
#404 = EDGE_LOOP('',(#405,#406,#407,#408));
#405 = ORIENTED_EDGE('',*,*,#80,.F.);
#406 = ORIENTED_EDGE('',*,*,#392,.F.);
#407 = ORIENTED_EDGE('',*,*,#326,.T.);
#408 = ORIENTED_EDGE('',*,*,#409,.T.);
#409 = EDGE_CURVE('',#319,#81,#410,.T.);
#410 = LINE('',#411,#412);
#411 = CARTESIAN_POINT('',(2.5,2.149278849796,-1.831440795147));
#412 = VECTOR('',#413,1.);
#413 = DIRECTION('',(-1.,2.465190328816E-32,0.));
#414 = PLANE('',#415);
#415 = AXIS2_PLACEMENT_3D('',#416,#417,#418);
#416 = CARTESIAN_POINT('',(2.5,2.348777579631,-1.817289583392));
#417 = DIRECTION('',(6.162975822039E-33,7.075605877766E-02,
    -0.997493649176));
#418 = DIRECTION('',(-4.930380657631E-32,0.997493649176,
    7.075605877766E-02));
#419 = ADVANCED_FACE('',(#420),#431,.T.);
#420 = FACE_BOUND('',#421,.T.);
#421 = EDGE_LOOP('',(#422,#423,#424,#425));
#422 = ORIENTED_EDGE('',*,*,#88,.F.);
#423 = ORIENTED_EDGE('',*,*,#409,.F.);
#424 = ORIENTED_EDGE('',*,*,#318,.T.);
#425 = ORIENTED_EDGE('',*,*,#426,.T.);
#426 = EDGE_CURVE('',#310,#89,#427,.T.);
#427 = LINE('',#428,#429);
#428 = CARTESIAN_POINT('',(2.5,2.070786649837,-0.724885790226));
#429 = VECTOR('',#430,1.);
#430 = DIRECTION('',(-1.,2.465190328816E-32,0.));
#431 = PLANE('',#432);
#432 = AXIS2_PLACEMENT_3D('',#433,#434,#435);
#433 = CARTESIAN_POINT('',(2.5,2.149278849796,-1.831440795147));
#434 = DIRECTION('',(2.465190328816E-32,-0.997493649176,
    -7.075605877766E-02));
#435 = DIRECTION('',(0.,7.075605877766E-02,-0.997493649176));
#436 = ADVANCED_FACE('',(#437),#448,.T.);
#437 = FACE_BOUND('',#438,.T.);
#438 = EDGE_LOOP('',(#439,#440,#441,#442));
#439 = ORIENTED_EDGE('',*,*,#96,.F.);
#440 = ORIENTED_EDGE('',*,*,#426,.F.);
#441 = ORIENTED_EDGE('',*,*,#309,.T.);
#442 = ORIENTED_EDGE('',*,*,#443,.T.);
#443 = EDGE_CURVE('',#302,#97,#444,.T.);
#444 = LINE('',#445,#446);
#445 = CARTESIAN_POINT('',(2.5,2.069533474425,-0.689507760837));
#446 = VECTOR('',#447,1.);
#447 = DIRECTION('',(-1.,2.465190328816E-32,0.));
#448 = CYLINDRICAL_SURFACE('',#449,0.5);
#449 = AXIS2_PLACEMENT_3D('',#450,#451,#452);
#450 = CARTESIAN_POINT('',(2.5,2.569533474425,-0.689507760837));
#451 = DIRECTION('',(-1.,2.465190328816E-32,0.));
#452 = DIRECTION('',(0.,0.,1.));
#453 = ADVANCED_FACE('',(#454),#460,.T.);
#454 = FACE_BOUND('',#455,.T.);
#455 = EDGE_LOOP('',(#456,#457,#458,#459));
#456 = ORIENTED_EDGE('',*,*,#105,.F.);
#457 = ORIENTED_EDGE('',*,*,#443,.F.);
#458 = ORIENTED_EDGE('',*,*,#301,.T.);
#459 = ORIENTED_EDGE('',*,*,#197,.T.);
#460 = PLANE('',#461);
#461 = AXIS2_PLACEMENT_3D('',#462,#463,#464);
#462 = CARTESIAN_POINT('',(2.5,2.069533474425,-0.700134486805));
#463 = DIRECTION('',(2.465190328816E-32,-1.,7.035130394291E-33));
#464 = DIRECTION('',(0.,-7.035130394291E-33,-1.));
#465 = ADVANCED_FACE('',(#466),#491,.T.);
#466 = FACE_BOUND('',#467,.T.);
#467 = EDGE_LOOP('',(#468,#476,#477,#485));
#468 = ORIENTED_EDGE('',*,*,#469,.T.);
#469 = EDGE_CURVE('',#470,#140,#472,.T.);
#470 = VERTEX_POINT('',#471);
#471 = CARTESIAN_POINT('',(0.925,3.061611481008,2.071264674026));
#472 = LINE('',#473,#474);
#473 = CARTESIAN_POINT('',(2.575,3.061611481008,2.071264674026));
#474 = VECTOR('',#475,1.);
#475 = DIRECTION('',(1.,-2.465190328816E-32,0.));
#476 = ORIENTED_EDGE('',*,*,#139,.T.);
#477 = ORIENTED_EDGE('',*,*,#478,.F.);
#478 = EDGE_CURVE('',#479,#131,#481,.T.);
#479 = VERTEX_POINT('',#480);
#480 = CARTESIAN_POINT('',(0.925,3.084961274724,2.269896965291));
#481 = LINE('',#482,#483);
#482 = CARTESIAN_POINT('',(2.575,3.084961274724,2.269896965291));
#483 = VECTOR('',#484,1.);
#484 = DIRECTION('',(1.,-2.465190328816E-32,0.));
#485 = ORIENTED_EDGE('',*,*,#486,.F.);
#486 = EDGE_CURVE('',#470,#479,#487,.T.);
#487 = LINE('',#488,#489);
#488 = CARTESIAN_POINT('',(0.925,3.061611481008,2.071264674026));
#489 = VECTOR('',#490,1.);
#490 = DIRECTION('',(-1.232595164408E-32,0.116748968583,0.993161456328)
  );
#491 = PLANE('',#492);
#492 = AXIS2_PLACEMENT_3D('',#493,#494,#495);
#493 = CARTESIAN_POINT('',(2.575,3.061611481008,2.071264674026));
#494 = DIRECTION('',(2.465190328816E-32,-0.993161456328,0.116748968583)
  );
#495 = DIRECTION('',(1.232595164408E-32,-0.116748968583,-0.993161456328)
  );
#496 = ADVANCED_FACE('',(#497),#515,.F.);
#497 = FACE_BOUND('',#498,.F.);
#498 = EDGE_LOOP('',(#499,#500,#506,#507,#508,#514));
#499 = ORIENTED_EDGE('',*,*,#266,.T.);
#500 = ORIENTED_EDGE('',*,*,#501,.T.);
#501 = EDGE_CURVE('',#267,#140,#502,.T.);
#502 = LINE('',#503,#504);
#503 = CARTESIAN_POINT('',(2.5,3.061611481008,2.071264674026));
#504 = VECTOR('',#505,1.);
#505 = DIRECTION('',(-1.,2.465190328816E-32,0.));
#506 = ORIENTED_EDGE('',*,*,#147,.F.);
#507 = ORIENTED_EDGE('',*,*,#156,.F.);
#508 = ORIENTED_EDGE('',*,*,#509,.F.);
#509 = EDGE_CURVE('',#250,#157,#510,.T.);
#510 = LINE('',#511,#512);
#511 = CARTESIAN_POINT('',(2.5,2.747625645363,1.883682353038));
#512 = VECTOR('',#513,1.);
#513 = DIRECTION('',(-1.,2.465190328816E-32,0.));
#514 = ORIENTED_EDGE('',*,*,#257,.T.);
#515 = CYLINDRICAL_SURFACE('',#516,0.3);
#516 = AXIS2_PLACEMENT_3D('',#517,#518,#519);
#517 = CARTESIAN_POINT('',(2.5,3.026586790433,1.773316237127));
#518 = DIRECTION('',(-1.,2.465190328816E-32,0.));
#519 = DIRECTION('',(0.,0.,1.));
#520 = ADVANCED_FACE('',(#521),#532,.F.);
#521 = FACE_BOUND('',#522,.T.);
#522 = EDGE_LOOP('',(#523,#524,#525,#526));
#523 = ORIENTED_EDGE('',*,*,#165,.T.);
#524 = ORIENTED_EDGE('',*,*,#509,.F.);
#525 = ORIENTED_EDGE('',*,*,#249,.F.);
#526 = ORIENTED_EDGE('',*,*,#527,.T.);
#527 = EDGE_CURVE('',#241,#166,#528,.T.);
#528 = LINE('',#529,#530);
#529 = CARTESIAN_POINT('',(2.5,2.290572329355,0.728435424766));
#530 = VECTOR('',#531,1.);
#531 = DIRECTION('',(-1.,2.465190328816E-32,0.));
#532 = PLANE('',#533);
#533 = AXIS2_PLACEMENT_3D('',#534,#535,#536);
#534 = CARTESIAN_POINT('',(2.5,2.269533474425,0.675257662608));
#535 = DIRECTION('',(2.465190328816E-32,-0.929870483566,0.367887053037)
  );
#536 = DIRECTION('',(-2.736911063134E-48,-0.367887053037,-0.929870483566
    ));
#537 = ADVANCED_FACE('',(#538),#549,.F.);
#538 = FACE_BOUND('',#539,.F.);
#539 = EDGE_LOOP('',(#540,#546,#547,#548));
#540 = ORIENTED_EDGE('',*,*,#541,.F.);
#541 = EDGE_CURVE('',#233,#174,#542,.T.);
#542 = LINE('',#543,#544);
#543 = CARTESIAN_POINT('',(2.5,2.269533474425,0.618069308855));
#544 = VECTOR('',#545,1.);
#545 = DIRECTION('',(-1.,2.465190328816E-32,0.));
#546 = ORIENTED_EDGE('',*,*,#240,.T.);
#547 = ORIENTED_EDGE('',*,*,#527,.T.);
#548 = ORIENTED_EDGE('',*,*,#173,.F.);
#549 = CYLINDRICAL_SURFACE('',#550,0.3);
#550 = AXIS2_PLACEMENT_3D('',#551,#552,#553);
#551 = CARTESIAN_POINT('',(2.5,2.569533474425,0.618069308855));
#552 = DIRECTION('',(-1.,2.465190328816E-32,0.));
#553 = DIRECTION('',(0.,0.,1.));
#554 = ADVANCED_FACE('',(#555),#561,.F.);
#555 = FACE_BOUND('',#556,.T.);
#556 = EDGE_LOOP('',(#557,#558,#559,#560));
#557 = ORIENTED_EDGE('',*,*,#182,.T.);
#558 = ORIENTED_EDGE('',*,*,#541,.F.);
#559 = ORIENTED_EDGE('',*,*,#232,.F.);
#560 = ORIENTED_EDGE('',*,*,#374,.T.);
#561 = PLANE('',#562);
#562 = AXIS2_PLACEMENT_3D('',#563,#564,#565);
#563 = CARTESIAN_POINT('',(2.5,2.269533474425,-0.700134486805));
#564 = DIRECTION('',(2.465190328816E-32,-1.,7.035130394291E-33));
#565 = DIRECTION('',(0.,-7.035130394291E-33,-1.));
#566 = ADVANCED_FACE('',(#567),#592,.T.);
#567 = FACE_BOUND('',#568,.T.);
#568 = EDGE_LOOP('',(#569,#577,#578,#586));
#569 = ORIENTED_EDGE('',*,*,#570,.F.);
#570 = EDGE_CURVE('',#276,#571,#573,.T.);
#571 = VERTEX_POINT('',#572);
#572 = CARTESIAN_POINT('',(2.575,3.084961274724,2.269896965291));
#573 = LINE('',#574,#575);
#574 = CARTESIAN_POINT('',(2.575,3.084961274724,2.269896965291));
#575 = VECTOR('',#576,1.);
#576 = DIRECTION('',(1.,-2.465190328816E-32,0.));
#577 = ORIENTED_EDGE('',*,*,#275,.T.);
#578 = ORIENTED_EDGE('',*,*,#579,.T.);
#579 = EDGE_CURVE('',#267,#580,#582,.T.);
#580 = VERTEX_POINT('',#581);
#581 = CARTESIAN_POINT('',(2.575,3.061611481008,2.071264674026));
#582 = LINE('',#583,#584);
#583 = CARTESIAN_POINT('',(2.575,3.061611481008,2.071264674026));
#584 = VECTOR('',#585,1.);
#585 = DIRECTION('',(1.,-2.465190328816E-32,0.));
#586 = ORIENTED_EDGE('',*,*,#587,.T.);
#587 = EDGE_CURVE('',#580,#571,#588,.T.);
#588 = LINE('',#589,#590);
#589 = CARTESIAN_POINT('',(2.575,3.061611481008,2.071264674026));
#590 = VECTOR('',#591,1.);
#591 = DIRECTION('',(-1.232595164408E-32,0.116748968583,0.993161456328)
  );
#592 = PLANE('',#593);
#593 = AXIS2_PLACEMENT_3D('',#594,#595,#596);
#594 = CARTESIAN_POINT('',(2.575,3.061611481008,2.071264674026));
#595 = DIRECTION('',(2.465190328816E-32,-0.993161456328,0.116748968583)
  );
#596 = DIRECTION('',(1.232595164408E-32,-0.116748968583,-0.993161456328)
  );
#597 = ADVANCED_FACE('',(#598),#693,.T.);
#598 = FACE_BOUND('',#599,.T.);
#599 = EDGE_LOOP('',(#600,#610,#618,#627,#635,#642,#643,#644,#645,#654,
    #662,#671,#679,#687));
#600 = ORIENTED_EDGE('',*,*,#601,.F.);
#601 = EDGE_CURVE('',#602,#604,#606,.T.);
#602 = VERTEX_POINT('',#603);
#603 = CARTESIAN_POINT('',(1.,4.129285035931,2.147133721499));
#604 = VERTEX_POINT('',#605);
#605 = CARTESIAN_POINT('',(1.,4.335024690575,2.122948436898));
#606 = LINE('',#607,#608);
#607 = CARTESIAN_POINT('',(1.,2.855844804849,2.296830261356));
#608 = VECTOR('',#609,1.);
#609 = DIRECTION('',(-4.930380657631E-32,0.993161456328,-0.116748968583)
  );
#610 = ORIENTED_EDGE('',*,*,#611,.T.);
#611 = EDGE_CURVE('',#602,#612,#614,.T.);
#612 = VERTEX_POINT('',#613);
#613 = CARTESIAN_POINT('',(0.925,4.129285035931,2.147133721499));
#614 = LINE('',#615,#616);
#615 = CARTESIAN_POINT('',(2.575,4.129285035931,2.147133721499));
#616 = VECTOR('',#617,1.);
#617 = DIRECTION('',(-1.,2.465190328816E-32,0.));
#618 = ORIENTED_EDGE('',*,*,#619,.T.);
#619 = EDGE_CURVE('',#612,#620,#622,.T.);
#620 = VERTEX_POINT('',#621);
#621 = CARTESIAN_POINT('',(0.825,4.029968890299,2.158808618358));
#622 = CIRCLE('',#623,0.1);
#623 = AXIS2_PLACEMENT_3D('',#624,#625,#626);
#624 = CARTESIAN_POINT('',(0.925,4.029968890299,2.158808618358));
#625 = DIRECTION('',(-1.232595164408E-32,0.116748968583,0.993161456328)
  );
#626 = DIRECTION('',(2.651382592411E-47,-0.993161456328,0.116748968583)
  );
#627 = ORIENTED_EDGE('',*,*,#628,.T.);
#628 = EDGE_CURVE('',#620,#629,#631,.T.);
#629 = VERTEX_POINT('',#630);
#630 = CARTESIAN_POINT('',(0.825,3.184277420357,2.258222068433));
#631 = LINE('',#632,#633);
#632 = CARTESIAN_POINT('',(0.825,3.184277420357,2.258222068433));
#633 = VECTOR('',#634,1.);
#634 = DIRECTION('',(1.018610542356E-15,-0.993161456328,0.116748968583)
  );
#635 = ORIENTED_EDGE('',*,*,#636,.T.);
#636 = EDGE_CURVE('',#629,#479,#637,.T.);
#637 = CIRCLE('',#638,0.1);
#638 = AXIS2_PLACEMENT_3D('',#639,#640,#641);
#639 = CARTESIAN_POINT('',(0.925,3.184277420357,2.258222068433));
#640 = DIRECTION('',(-1.232595164408E-32,0.116748968583,0.993161456328)
  );
#641 = DIRECTION('',(2.600065509978E-47,0.993161456328,-0.116748968583)
  );
#642 = ORIENTED_EDGE('',*,*,#478,.T.);
#643 = ORIENTED_EDGE('',*,*,#353,.F.);
#644 = ORIENTED_EDGE('',*,*,#570,.T.);
#645 = ORIENTED_EDGE('',*,*,#646,.T.);
#646 = EDGE_CURVE('',#571,#647,#649,.T.);
#647 = VERTEX_POINT('',#648);
#648 = CARTESIAN_POINT('',(2.675,3.184277420357,2.258222068433));
#649 = CIRCLE('',#650,0.1);
#650 = AXIS2_PLACEMENT_3D('',#651,#652,#653);
#651 = CARTESIAN_POINT('',(2.575,3.184277420357,2.258222068433));
#652 = DIRECTION('',(-1.232595164408E-32,0.116748968583,0.993161456328)
  );
#653 = DIRECTION('',(-2.600065509978E-47,-0.993161456328,0.116748968583)
  );
#654 = ORIENTED_EDGE('',*,*,#655,.T.);
#655 = EDGE_CURVE('',#647,#656,#658,.T.);
#656 = VERTEX_POINT('',#657);
#657 = CARTESIAN_POINT('',(2.675,4.029968890299,2.158808618358));
#658 = LINE('',#659,#660);
#659 = CARTESIAN_POINT('',(2.675,3.184277420357,2.258222068433));
#660 = VECTOR('',#661,1.);
#661 = DIRECTION('',(-1.018610542356E-15,0.993161456328,-0.116748968583)
  );
#662 = ORIENTED_EDGE('',*,*,#663,.T.);
#663 = EDGE_CURVE('',#656,#664,#666,.T.);
#664 = VERTEX_POINT('',#665);
#665 = CARTESIAN_POINT('',(2.575,4.129285035931,2.147133721499));
#666 = CIRCLE('',#667,1.E-01);
#667 = AXIS2_PLACEMENT_3D('',#668,#669,#670);
#668 = CARTESIAN_POINT('',(2.575,4.029968890299,2.158808618358));
#669 = DIRECTION('',(-1.232595164408E-32,0.116748968583,0.993161456328)
  );
#670 = DIRECTION('',(-1.368455531567E-47,-0.993161456328,0.116748968583)
  );
#671 = ORIENTED_EDGE('',*,*,#672,.T.);
#672 = EDGE_CURVE('',#664,#673,#675,.T.);
#673 = VERTEX_POINT('',#674);
#674 = CARTESIAN_POINT('',(2.5,4.129285035931,2.147133721499));
#675 = LINE('',#676,#677);
#676 = CARTESIAN_POINT('',(2.575,4.129285035931,2.147133721499));
#677 = VECTOR('',#678,1.);
#678 = DIRECTION('',(-1.,2.465190328816E-32,0.));
#679 = ORIENTED_EDGE('',*,*,#680,.T.);
#680 = EDGE_CURVE('',#673,#681,#683,.T.);
#681 = VERTEX_POINT('',#682);
#682 = CARTESIAN_POINT('',(2.5,4.335024690575,2.122948436898));
#683 = LINE('',#684,#685);
#684 = CARTESIAN_POINT('',(2.5,2.855844804849,2.296830261356));
#685 = VECTOR('',#686,1.);
#686 = DIRECTION('',(-4.930380657631E-32,0.993161456328,-0.116748968583)
  );
#687 = ORIENTED_EDGE('',*,*,#688,.T.);
#688 = EDGE_CURVE('',#681,#604,#689,.T.);
#689 = LINE('',#690,#691);
#690 = CARTESIAN_POINT('',(2.5,4.335024690575,2.122948436898));
#691 = VECTOR('',#692,1.);
#692 = DIRECTION('',(-1.,2.465190328816E-32,0.));
#693 = PLANE('',#694);
#694 = AXIS2_PLACEMENT_3D('',#695,#696,#697);
#695 = CARTESIAN_POINT('',(2.5,2.855844804849,2.296830261356));
#696 = DIRECTION('',(-1.232595164408E-32,0.116748968583,0.993161456328)
  );
#697 = DIRECTION('',(2.465190328816E-32,-0.993161456328,0.116748968583)
  );
#698 = ADVANCED_FACE('',(#699),#794,.F.);
#699 = FACE_BOUND('',#700,.T.);
#700 = EDGE_LOOP('',(#701,#711,#719,#728,#736,#743,#744,#745,#746,#755,
    #763,#772,#780,#788));
#701 = ORIENTED_EDGE('',*,*,#702,.F.);
#702 = EDGE_CURVE('',#703,#705,#707,.T.);
#703 = VERTEX_POINT('',#704);
#704 = CARTESIAN_POINT('',(2.5,4.105935242215,1.948501430234));
#705 = VERTEX_POINT('',#706);
#706 = CARTESIAN_POINT('',(2.5,4.311674896858,1.924316145633));
#707 = LINE('',#708,#709);
#708 = CARTESIAN_POINT('',(2.5,2.832495011132,2.09819797009));
#709 = VECTOR('',#710,1.);
#710 = DIRECTION('',(-2.465190328816E-32,0.993161456328,-0.116748968583)
  );
#711 = ORIENTED_EDGE('',*,*,#712,.F.);
#712 = EDGE_CURVE('',#713,#703,#715,.T.);
#713 = VERTEX_POINT('',#714);
#714 = CARTESIAN_POINT('',(2.575,4.105935242215,1.948501430234));
#715 = LINE('',#716,#717);
#716 = CARTESIAN_POINT('',(2.575,4.105935242215,1.948501430234));
#717 = VECTOR('',#718,1.);
#718 = DIRECTION('',(-1.,2.465190328816E-32,0.));
#719 = ORIENTED_EDGE('',*,*,#720,.F.);
#720 = EDGE_CURVE('',#721,#713,#723,.T.);
#721 = VERTEX_POINT('',#722);
#722 = CARTESIAN_POINT('',(2.675,4.006619096582,1.960176327092));
#723 = CIRCLE('',#724,1.E-01);
#724 = AXIS2_PLACEMENT_3D('',#725,#726,#727);
#725 = CARTESIAN_POINT('',(2.575,4.006619096582,1.960176327092));
#726 = DIRECTION('',(-1.232595164408E-32,0.116748968583,0.993161456328)
  );
#727 = DIRECTION('',(-1.368455531567E-47,-0.993161456328,0.116748968583)
  );
#728 = ORIENTED_EDGE('',*,*,#729,.F.);
#729 = EDGE_CURVE('',#730,#721,#732,.T.);
#730 = VERTEX_POINT('',#731);
#731 = CARTESIAN_POINT('',(2.675,3.16092762664,2.059589777167));
#732 = LINE('',#733,#734);
#733 = CARTESIAN_POINT('',(2.675,3.16092762664,2.059589777167));
#734 = VECTOR('',#735,1.);
#735 = DIRECTION('',(-1.018610542356E-15,0.993161456328,-0.116748968583)
  );
#736 = ORIENTED_EDGE('',*,*,#737,.F.);
#737 = EDGE_CURVE('',#580,#730,#738,.T.);
#738 = CIRCLE('',#739,0.1);
#739 = AXIS2_PLACEMENT_3D('',#740,#741,#742);
#740 = CARTESIAN_POINT('',(2.575,3.16092762664,2.059589777167));
#741 = DIRECTION('',(-1.232595164408E-32,0.116748968583,0.993161456328)
  );
#742 = DIRECTION('',(-2.600065509978E-47,-0.993161456328,0.116748968583)
  );
#743 = ORIENTED_EDGE('',*,*,#579,.F.);
#744 = ORIENTED_EDGE('',*,*,#501,.T.);
#745 = ORIENTED_EDGE('',*,*,#469,.F.);
#746 = ORIENTED_EDGE('',*,*,#747,.F.);
#747 = EDGE_CURVE('',#748,#470,#750,.T.);
#748 = VERTEX_POINT('',#749);
#749 = CARTESIAN_POINT('',(0.825,3.16092762664,2.059589777167));
#750 = CIRCLE('',#751,0.1);
#751 = AXIS2_PLACEMENT_3D('',#752,#753,#754);
#752 = CARTESIAN_POINT('',(0.925,3.16092762664,2.059589777167));
#753 = DIRECTION('',(-1.232595164408E-32,0.116748968583,0.993161456328)
  );
#754 = DIRECTION('',(2.600065509978E-47,0.993161456328,-0.116748968583)
  );
#755 = ORIENTED_EDGE('',*,*,#756,.F.);
#756 = EDGE_CURVE('',#757,#748,#759,.T.);
#757 = VERTEX_POINT('',#758);
#758 = CARTESIAN_POINT('',(0.825,4.006619096582,1.960176327092));
#759 = LINE('',#760,#761);
#760 = CARTESIAN_POINT('',(0.825,3.16092762664,2.059589777167));
#761 = VECTOR('',#762,1.);
#762 = DIRECTION('',(1.018610542356E-15,-0.993161456328,0.116748968583)
  );
#763 = ORIENTED_EDGE('',*,*,#764,.F.);
#764 = EDGE_CURVE('',#765,#757,#767,.T.);
#765 = VERTEX_POINT('',#766);
#766 = CARTESIAN_POINT('',(0.925,4.105935242215,1.948501430234));
#767 = CIRCLE('',#768,0.1);
#768 = AXIS2_PLACEMENT_3D('',#769,#770,#771);
#769 = CARTESIAN_POINT('',(0.925,4.006619096582,1.960176327092));
#770 = DIRECTION('',(-1.232595164408E-32,0.116748968583,0.993161456328)
  );
#771 = DIRECTION('',(2.651382592411E-47,-0.993161456328,0.116748968583)
  );
#772 = ORIENTED_EDGE('',*,*,#773,.F.);
#773 = EDGE_CURVE('',#774,#765,#776,.T.);
#774 = VERTEX_POINT('',#775);
#775 = CARTESIAN_POINT('',(1.,4.105935242215,1.948501430234));
#776 = LINE('',#777,#778);
#777 = CARTESIAN_POINT('',(2.575,4.105935242215,1.948501430234));
#778 = VECTOR('',#779,1.);
#779 = DIRECTION('',(-1.,2.465190328816E-32,0.));
#780 = ORIENTED_EDGE('',*,*,#781,.T.);
#781 = EDGE_CURVE('',#774,#782,#784,.T.);
#782 = VERTEX_POINT('',#783);
#783 = CARTESIAN_POINT('',(1.,4.311674896858,1.924316145633));
#784 = LINE('',#785,#786);
#785 = CARTESIAN_POINT('',(1.,2.832495011132,2.09819797009));
#786 = VECTOR('',#787,1.);
#787 = DIRECTION('',(-2.465190328816E-32,0.993161456328,-0.116748968583)
  );
#788 = ORIENTED_EDGE('',*,*,#789,.F.);
#789 = EDGE_CURVE('',#705,#782,#790,.T.);
#790 = LINE('',#791,#792);
#791 = CARTESIAN_POINT('',(2.5,4.311674896858,1.924316145633));
#792 = VECTOR('',#793,1.);
#793 = DIRECTION('',(-1.,2.465190328816E-32,0.));
#794 = PLANE('',#795);
#795 = AXIS2_PLACEMENT_3D('',#796,#797,#798);
#796 = CARTESIAN_POINT('',(2.5,2.832495011132,2.09819797009));
#797 = DIRECTION('',(-1.232595164408E-32,0.116748968583,0.993161456328)
  );
#798 = DIRECTION('',(2.465190328816E-32,-0.993161456328,0.116748968583)
  );
#799 = ADVANCED_FACE('',(#800),#811,.T.);
#800 = FACE_BOUND('',#801,.T.);
#801 = EDGE_LOOP('',(#802,#803,#809,#810));
#802 = ORIENTED_EDGE('',*,*,#636,.F.);
#803 = ORIENTED_EDGE('',*,*,#804,.F.);
#804 = EDGE_CURVE('',#748,#629,#805,.T.);
#805 = LINE('',#806,#807);
#806 = CARTESIAN_POINT('',(0.825,3.16092762664,2.059589777167));
#807 = VECTOR('',#808,1.);
#808 = DIRECTION('',(-1.232595164408E-32,0.116748968583,0.993161456328)
  );
#809 = ORIENTED_EDGE('',*,*,#747,.T.);
#810 = ORIENTED_EDGE('',*,*,#486,.T.);
#811 = CYLINDRICAL_SURFACE('',#812,0.1);
#812 = AXIS2_PLACEMENT_3D('',#813,#814,#815);
#813 = CARTESIAN_POINT('',(0.925,3.16092762664,2.059589777167));
#814 = DIRECTION('',(-1.232595164408E-32,0.116748968583,0.993161456328)
  );
#815 = DIRECTION('',(-2.600065509978E-47,-0.993161456328,0.116748968583)
  );
#816 = ADVANCED_FACE('',(#817),#828,.T.);
#817 = FACE_BOUND('',#818,.T.);
#818 = EDGE_LOOP('',(#819,#820,#821,#822));
#819 = ORIENTED_EDGE('',*,*,#646,.F.);
#820 = ORIENTED_EDGE('',*,*,#587,.F.);
#821 = ORIENTED_EDGE('',*,*,#737,.T.);
#822 = ORIENTED_EDGE('',*,*,#823,.T.);
#823 = EDGE_CURVE('',#730,#647,#824,.T.);
#824 = LINE('',#825,#826);
#825 = CARTESIAN_POINT('',(2.675,3.16092762664,2.059589777167));
#826 = VECTOR('',#827,1.);
#827 = DIRECTION('',(-1.232595164408E-32,0.116748968583,0.993161456328)
  );
#828 = CYLINDRICAL_SURFACE('',#829,0.1);
#829 = AXIS2_PLACEMENT_3D('',#830,#831,#832);
#830 = CARTESIAN_POINT('',(2.575,3.16092762664,2.059589777167));
#831 = DIRECTION('',(-1.232595164408E-32,0.116748968583,0.993161456328)
  );
#832 = DIRECTION('',(-2.600065509978E-47,-0.993161456328,0.116748968583)
  );
#833 = ADVANCED_FACE('',(#834),#884,.T.);
#834 = FACE_BOUND('',#835,.T.);
#835 = EDGE_LOOP('',(#836,#845,#846,#852,#853,#862,#870,#878));
#836 = ORIENTED_EDGE('',*,*,#837,.F.);
#837 = EDGE_CURVE('',#782,#838,#840,.T.);
#838 = VERTEX_POINT('',#839);
#839 = CARTESIAN_POINT('',(1.,4.4,1.825));
#840 = CIRCLE('',#841,0.1);
#841 = AXIS2_PLACEMENT_3D('',#842,#843,#844);
#842 = CARTESIAN_POINT('',(1.,4.3,1.825));
#843 = DIRECTION('',(-1.,2.465190328816E-32,0.));
#844 = DIRECTION('',(0.,0.,1.));
#845 = ORIENTED_EDGE('',*,*,#781,.F.);
#846 = ORIENTED_EDGE('',*,*,#847,.F.);
#847 = EDGE_CURVE('',#602,#774,#848,.T.);
#848 = LINE('',#849,#850);
#849 = CARTESIAN_POINT('',(1.,4.08590169253,1.778079801489));
#850 = VECTOR('',#851,1.);
#851 = DIRECTION('',(1.232595164408E-32,-0.116748968583,-0.993161456328)
  );
#852 = ORIENTED_EDGE('',*,*,#601,.T.);
#853 = ORIENTED_EDGE('',*,*,#854,.T.);
#854 = EDGE_CURVE('',#604,#855,#857,.T.);
#855 = VERTEX_POINT('',#856);
#856 = CARTESIAN_POINT('',(1.,4.6,1.825));
#857 = CIRCLE('',#858,0.3);
#858 = AXIS2_PLACEMENT_3D('',#859,#860,#861);
#859 = CARTESIAN_POINT('',(1.,4.3,1.825));
#860 = DIRECTION('',(-1.,2.465190328816E-32,0.));
#861 = DIRECTION('',(0.,0.,-1.));
#862 = ORIENTED_EDGE('',*,*,#863,.T.);
#863 = EDGE_CURVE('',#855,#864,#866,.T.);
#864 = VERTEX_POINT('',#865);
#865 = CARTESIAN_POINT('',(1.,4.6,0.53830165435));
#866 = LINE('',#867,#868);
#867 = CARTESIAN_POINT('',(1.,4.6,1.825));
#868 = VECTOR('',#869,1.);
#869 = DIRECTION('',(6.162975822039E-33,-7.035130394291E-33,-1.));
#870 = ORIENTED_EDGE('',*,*,#871,.T.);
#871 = EDGE_CURVE('',#864,#872,#874,.T.);
#872 = VERTEX_POINT('',#873);
#873 = CARTESIAN_POINT('',(1.,4.4,0.53830165435));
#874 = LINE('',#875,#876);
#875 = CARTESIAN_POINT('',(1.,-5.454279020539,0.53830165435));
#876 = VECTOR('',#877,1.);
#877 = DIRECTION('',(-0.,-1.,-0.));
#878 = ORIENTED_EDGE('',*,*,#879,.F.);
#879 = EDGE_CURVE('',#838,#872,#880,.T.);
#880 = LINE('',#881,#882);
#881 = CARTESIAN_POINT('',(1.,4.4,1.825));
#882 = VECTOR('',#883,1.);
#883 = DIRECTION('',(6.162975822039E-33,-7.035130394291E-33,-1.));
#884 = PLANE('',#885);
#885 = AXIS2_PLACEMENT_3D('',#886,#887,#888);
#886 = CARTESIAN_POINT('',(1.,4.473681690371,-8.515896064075E-02));
#887 = DIRECTION('',(-1.,-0.,-0.));
#888 = DIRECTION('',(0.,0.,-1.));
#889 = ADVANCED_FACE('',(#890),#901,.T.);
#890 = FACE_BOUND('',#891,.T.);
#891 = EDGE_LOOP('',(#892,#893,#894,#895));
#892 = ORIENTED_EDGE('',*,*,#611,.F.);
#893 = ORIENTED_EDGE('',*,*,#847,.T.);
#894 = ORIENTED_EDGE('',*,*,#773,.T.);
#895 = ORIENTED_EDGE('',*,*,#896,.T.);
#896 = EDGE_CURVE('',#765,#612,#897,.T.);
#897 = LINE('',#898,#899);
#898 = CARTESIAN_POINT('',(0.925,4.105935242215,1.948501430234));
#899 = VECTOR('',#900,1.);
#900 = DIRECTION('',(-1.232595164408E-32,0.116748968583,0.993161456328)
  );
#901 = PLANE('',#902);
#902 = AXIS2_PLACEMENT_3D('',#903,#904,#905);
#903 = CARTESIAN_POINT('',(2.575,4.105935242215,1.948501430234));
#904 = DIRECTION('',(-2.465190328816E-32,0.993161456328,-0.116748968583)
  );
#905 = DIRECTION('',(-1.232595164408E-32,0.116748968583,0.993161456328)
  );
#906 = ADVANCED_FACE('',(#907),#918,.T.);
#907 = FACE_BOUND('',#908,.T.);
#908 = EDGE_LOOP('',(#909,#910,#911,#912));
#909 = ORIENTED_EDGE('',*,*,#619,.F.);
#910 = ORIENTED_EDGE('',*,*,#896,.F.);
#911 = ORIENTED_EDGE('',*,*,#764,.T.);
#912 = ORIENTED_EDGE('',*,*,#913,.T.);
#913 = EDGE_CURVE('',#757,#620,#914,.T.);
#914 = LINE('',#915,#916);
#915 = CARTESIAN_POINT('',(0.825,4.006619096582,1.960176327092));
#916 = VECTOR('',#917,1.);
#917 = DIRECTION('',(-1.232595164408E-32,0.116748968583,0.993161456328)
  );
#918 = CYLINDRICAL_SURFACE('',#919,0.1);
#919 = AXIS2_PLACEMENT_3D('',#920,#921,#922);
#920 = CARTESIAN_POINT('',(0.925,4.006619096582,1.960176327092));
#921 = DIRECTION('',(-1.232595164408E-32,0.116748968583,0.993161456328)
  );
#922 = DIRECTION('',(2.651382592411E-47,-0.993161456328,0.116748968583)
  );
#923 = ADVANCED_FACE('',(#924),#930,.T.);
#924 = FACE_BOUND('',#925,.T.);
#925 = EDGE_LOOP('',(#926,#927,#928,#929));
#926 = ORIENTED_EDGE('',*,*,#628,.F.);
#927 = ORIENTED_EDGE('',*,*,#913,.F.);
#928 = ORIENTED_EDGE('',*,*,#756,.T.);
#929 = ORIENTED_EDGE('',*,*,#804,.T.);
#930 = PLANE('',#931);
#931 = AXIS2_PLACEMENT_3D('',#932,#933,#934);
#932 = CARTESIAN_POINT('',(0.825,3.16092762664,2.059589777167));
#933 = DIRECTION('',(-1.,-1.011644729677E-15,1.189217302078E-16));
#934 = DIRECTION('',(1.011644729677E-15,-1.,4.005968562276E-32));
#935 = ADVANCED_FACE('',(#936),#947,.T.);
#936 = FACE_BOUND('',#937,.T.);
#937 = EDGE_LOOP('',(#938,#939,#940,#941));
#938 = ORIENTED_EDGE('',*,*,#655,.F.);
#939 = ORIENTED_EDGE('',*,*,#823,.F.);
#940 = ORIENTED_EDGE('',*,*,#729,.T.);
#941 = ORIENTED_EDGE('',*,*,#942,.T.);
#942 = EDGE_CURVE('',#721,#656,#943,.T.);
#943 = LINE('',#944,#945);
#944 = CARTESIAN_POINT('',(2.675,4.006619096582,1.960176327092));
#945 = VECTOR('',#946,1.);
#946 = DIRECTION('',(-1.232595164408E-32,0.116748968583,0.993161456328)
  );
#947 = PLANE('',#948);
#948 = AXIS2_PLACEMENT_3D('',#949,#950,#951);
#949 = CARTESIAN_POINT('',(2.675,3.16092762664,2.059589777167));
#950 = DIRECTION('',(1.,1.011644729677E-15,-1.189217302078E-16));
#951 = DIRECTION('',(-1.011644729677E-15,1.,-4.005968562276E-32));
#952 = ADVANCED_FACE('',(#953),#964,.T.);
#953 = FACE_BOUND('',#954,.T.);
#954 = EDGE_LOOP('',(#955,#956,#957,#958));
#955 = ORIENTED_EDGE('',*,*,#663,.F.);
#956 = ORIENTED_EDGE('',*,*,#942,.F.);
#957 = ORIENTED_EDGE('',*,*,#720,.T.);
#958 = ORIENTED_EDGE('',*,*,#959,.T.);
#959 = EDGE_CURVE('',#713,#664,#960,.T.);
#960 = LINE('',#961,#962);
#961 = CARTESIAN_POINT('',(2.575,4.105935242215,1.948501430234));
#962 = VECTOR('',#963,1.);
#963 = DIRECTION('',(-1.232595164408E-32,0.116748968583,0.993161456328)
  );
#964 = CYLINDRICAL_SURFACE('',#965,1.E-01);
#965 = AXIS2_PLACEMENT_3D('',#966,#967,#968);
#966 = CARTESIAN_POINT('',(2.575,4.006619096582,1.960176327092));
#967 = DIRECTION('',(-1.232595164408E-32,0.116748968583,0.993161456328)
  );
#968 = DIRECTION('',(-1.368455531567E-47,-0.993161456328,0.116748968583)
  );
#969 = ADVANCED_FACE('',(#970),#981,.T.);
#970 = FACE_BOUND('',#971,.T.);
#971 = EDGE_LOOP('',(#972,#973,#979,#980));
#972 = ORIENTED_EDGE('',*,*,#712,.T.);
#973 = ORIENTED_EDGE('',*,*,#974,.T.);
#974 = EDGE_CURVE('',#703,#673,#975,.T.);
#975 = LINE('',#976,#977);
#976 = CARTESIAN_POINT('',(2.5,4.098349441856,1.8839704573));
#977 = VECTOR('',#978,1.);
#978 = DIRECTION('',(-1.232595164408E-32,0.116748968583,0.993161456328)
  );
#979 = ORIENTED_EDGE('',*,*,#672,.F.);
#980 = ORIENTED_EDGE('',*,*,#959,.F.);
#981 = PLANE('',#982);
#982 = AXIS2_PLACEMENT_3D('',#983,#984,#985);
#983 = CARTESIAN_POINT('',(2.575,4.105935242215,1.948501430234));
#984 = DIRECTION('',(-2.465190328816E-32,0.993161456328,-0.116748968583)
  );
#985 = DIRECTION('',(-1.232595164408E-32,0.116748968583,0.993161456328)
  );
#986 = ADVANCED_FACE('',(#987),#1032,.T.);
#987 = FACE_BOUND('',#988,.T.);
#988 = EDGE_LOOP('',(#989,#990,#999,#1007,#1015,#1023,#1030,#1031));
#989 = ORIENTED_EDGE('',*,*,#702,.T.);
#990 = ORIENTED_EDGE('',*,*,#991,.T.);
#991 = EDGE_CURVE('',#705,#992,#994,.T.);
#992 = VERTEX_POINT('',#993);
#993 = CARTESIAN_POINT('',(2.5,4.4,1.825));
#994 = CIRCLE('',#995,0.1);
#995 = AXIS2_PLACEMENT_3D('',#996,#997,#998);
#996 = CARTESIAN_POINT('',(2.5,4.3,1.825));
#997 = DIRECTION('',(-1.,2.465190328816E-32,0.));
#998 = DIRECTION('',(0.,0.,1.));
#999 = ORIENTED_EDGE('',*,*,#1000,.T.);
#1000 = EDGE_CURVE('',#992,#1001,#1003,.T.);
#1001 = VERTEX_POINT('',#1002);
#1002 = CARTESIAN_POINT('',(2.5,4.4,0.53830165435));
#1003 = LINE('',#1004,#1005);
#1004 = CARTESIAN_POINT('',(2.5,4.4,1.825));
#1005 = VECTOR('',#1006,1.);
#1006 = DIRECTION('',(6.162975822039E-33,-7.035130394291E-33,-1.));
#1007 = ORIENTED_EDGE('',*,*,#1008,.F.);
#1008 = EDGE_CURVE('',#1009,#1001,#1011,.T.);
#1009 = VERTEX_POINT('',#1010);
#1010 = CARTESIAN_POINT('',(2.5,4.6,0.53830165435));
#1011 = LINE('',#1012,#1013);
#1012 = CARTESIAN_POINT('',(2.5,-5.454279020539,0.53830165435));
#1013 = VECTOR('',#1014,1.);
#1014 = DIRECTION('',(-0.,-1.,-0.));
#1015 = ORIENTED_EDGE('',*,*,#1016,.F.);
#1016 = EDGE_CURVE('',#1017,#1009,#1019,.T.);
#1017 = VERTEX_POINT('',#1018);
#1018 = CARTESIAN_POINT('',(2.5,4.6,1.825));
#1019 = LINE('',#1020,#1021);
#1020 = CARTESIAN_POINT('',(2.5,4.6,1.825));
#1021 = VECTOR('',#1022,1.);
#1022 = DIRECTION('',(6.162975822039E-33,-7.035130394291E-33,-1.));
#1023 = ORIENTED_EDGE('',*,*,#1024,.F.);
#1024 = EDGE_CURVE('',#681,#1017,#1025,.T.);
#1025 = CIRCLE('',#1026,0.3);
#1026 = AXIS2_PLACEMENT_3D('',#1027,#1028,#1029);
#1027 = CARTESIAN_POINT('',(2.5,4.3,1.825));
#1028 = DIRECTION('',(-1.,2.465190328816E-32,0.));
#1029 = DIRECTION('',(-7.127372560246E-47,-2.891205793295E-15,-1.));
#1030 = ORIENTED_EDGE('',*,*,#680,.F.);
#1031 = ORIENTED_EDGE('',*,*,#974,.F.);
#1032 = PLANE('',#1033);
#1033 = AXIS2_PLACEMENT_3D('',#1034,#1035,#1036);
#1034 = CARTESIAN_POINT('',(2.5,4.473681690371,-8.515896064075E-02));
#1035 = DIRECTION('',(1.,0.,0.));
#1036 = DIRECTION('',(0.,0.,1.));
#1037 = ADVANCED_FACE('',(#1038),#1049,.T.);
#1038 = FACE_BOUND('',#1039,.T.);
#1039 = EDGE_LOOP('',(#1040,#1041,#1042,#1043));
#1040 = ORIENTED_EDGE('',*,*,#854,.F.);
#1041 = ORIENTED_EDGE('',*,*,#688,.F.);
#1042 = ORIENTED_EDGE('',*,*,#1024,.T.);
#1043 = ORIENTED_EDGE('',*,*,#1044,.T.);
#1044 = EDGE_CURVE('',#1017,#855,#1045,.T.);
#1045 = LINE('',#1046,#1047);
#1046 = CARTESIAN_POINT('',(2.5,4.6,1.825));
#1047 = VECTOR('',#1048,1.);
#1048 = DIRECTION('',(-1.,2.465190328816E-32,0.));
#1049 = CYLINDRICAL_SURFACE('',#1050,0.3);
#1050 = AXIS2_PLACEMENT_3D('',#1051,#1052,#1053);
#1051 = CARTESIAN_POINT('',(2.5,4.3,1.825));
#1052 = DIRECTION('',(-1.,2.465190328816E-32,0.));
#1053 = DIRECTION('',(0.,0.,1.));
#1054 = ADVANCED_FACE('',(#1055),#1066,.F.);
#1055 = FACE_BOUND('',#1056,.F.);
#1056 = EDGE_LOOP('',(#1057,#1058,#1059,#1065));
#1057 = ORIENTED_EDGE('',*,*,#789,.F.);
#1058 = ORIENTED_EDGE('',*,*,#991,.T.);
#1059 = ORIENTED_EDGE('',*,*,#1060,.T.);
#1060 = EDGE_CURVE('',#992,#838,#1061,.T.);
#1061 = LINE('',#1062,#1063);
#1062 = CARTESIAN_POINT('',(2.5,4.4,1.825));
#1063 = VECTOR('',#1064,1.);
#1064 = DIRECTION('',(-1.,2.465190328816E-32,0.));
#1065 = ORIENTED_EDGE('',*,*,#837,.F.);
#1066 = CYLINDRICAL_SURFACE('',#1067,0.1);
#1067 = AXIS2_PLACEMENT_3D('',#1068,#1069,#1070);
#1068 = CARTESIAN_POINT('',(2.5,4.3,1.825));
#1069 = DIRECTION('',(-1.,2.465190328816E-32,0.));
#1070 = DIRECTION('',(0.,0.,1.));
#1071 = ADVANCED_FACE('',(#1072),#1114,.T.);
#1072 = FACE_BOUND('',#1073,.T.);
#1073 = EDGE_LOOP('',(#1074,#1083,#1091,#1099,#1107,#1113));
#1074 = ORIENTED_EDGE('',*,*,#1075,.T.);
#1075 = EDGE_CURVE('',#872,#1076,#1078,.T.);
#1076 = VERTEX_POINT('',#1077);
#1077 = CARTESIAN_POINT('',(1.,4.4,-0.73830165435));
#1078 = CIRCLE('',#1079,0.984849735719);
#1079 = AXIS2_PLACEMENT_3D('',#1080,#1081,#1082);
#1080 = CARTESIAN_POINT('',(1.75,4.4,-0.1));
#1081 = DIRECTION('',(0.,-1.,0.));
#1082 = DIRECTION('',(0.,0.,-1.));
#1083 = ORIENTED_EDGE('',*,*,#1084,.T.);
#1084 = EDGE_CURVE('',#1076,#1085,#1087,.T.);
#1085 = VERTEX_POINT('',#1086);
#1086 = CARTESIAN_POINT('',(1.,4.4,-2.025));
#1087 = LINE('',#1088,#1089);
#1088 = CARTESIAN_POINT('',(1.,4.4,1.825));
#1089 = VECTOR('',#1090,1.);
#1090 = DIRECTION('',(6.162975822039E-33,-7.035130394291E-33,-1.));
#1091 = ORIENTED_EDGE('',*,*,#1092,.F.);
#1092 = EDGE_CURVE('',#1093,#1085,#1095,.T.);
#1093 = VERTEX_POINT('',#1094);
#1094 = CARTESIAN_POINT('',(0.325,4.4,-2.025));
#1095 = LINE('',#1096,#1097);
#1096 = CARTESIAN_POINT('',(-5.049476718714,4.4,-2.025));
#1097 = VECTOR('',#1098,1.);
#1098 = DIRECTION('',(1.,0.,0.));
#1099 = ORIENTED_EDGE('',*,*,#1100,.F.);
#1100 = EDGE_CURVE('',#1101,#1093,#1103,.T.);
#1101 = VERTEX_POINT('',#1102);
#1102 = CARTESIAN_POINT('',(0.325,4.4,1.825));
#1103 = LINE('',#1104,#1105);
#1104 = CARTESIAN_POINT('',(0.325,4.4,1.825));
#1105 = VECTOR('',#1106,1.);
#1106 = DIRECTION('',(0.,0.,-1.));
#1107 = ORIENTED_EDGE('',*,*,#1108,.T.);
#1108 = EDGE_CURVE('',#1101,#838,#1109,.T.);
#1109 = LINE('',#1110,#1111);
#1110 = CARTESIAN_POINT('',(-5.049476718714,4.4,1.825));
#1111 = VECTOR('',#1112,1.);
#1112 = DIRECTION('',(1.,0.,0.));
#1113 = ORIENTED_EDGE('',*,*,#879,.T.);
#1114 = PLANE('',#1115);
#1115 = AXIS2_PLACEMENT_3D('',#1116,#1117,#1118);
#1116 = CARTESIAN_POINT('',(-5.049476718714,4.4,1.825));
#1117 = DIRECTION('',(0.,1.,0.));
#1118 = DIRECTION('',(0.,0.,1.));
#1119 = ADVANCED_FACE('',(#1120),#1197,.T.);
#1120 = FACE_BOUND('',#1121,.T.);
#1121 = EDGE_LOOP('',(#1122,#1123,#1124,#1131,#1132,#1141,#1149,#1158,
    #1165,#1174,#1181,#1182,#1191));
#1122 = ORIENTED_EDGE('',*,*,#1075,.F.);
#1123 = ORIENTED_EDGE('',*,*,#871,.F.);
#1124 = ORIENTED_EDGE('',*,*,#1125,.F.);
#1125 = EDGE_CURVE('',#1009,#864,#1126,.T.);
#1126 = CIRCLE('',#1127,0.984849735719);
#1127 = AXIS2_PLACEMENT_3D('',#1128,#1129,#1130);
#1128 = CARTESIAN_POINT('',(1.75,4.6,-0.1));
#1129 = DIRECTION('',(0.,-1.,0.));
#1130 = DIRECTION('',(0.,0.,-1.));
#1131 = ORIENTED_EDGE('',*,*,#1008,.T.);
#1132 = ORIENTED_EDGE('',*,*,#1133,.F.);
#1133 = EDGE_CURVE('',#1134,#1001,#1136,.T.);
#1134 = VERTEX_POINT('',#1135);
#1135 = CARTESIAN_POINT('',(2.5,4.4,-0.73830165435));
#1136 = CIRCLE('',#1137,0.984849735719);
#1137 = AXIS2_PLACEMENT_3D('',#1138,#1139,#1140);
#1138 = CARTESIAN_POINT('',(1.75,4.4,-0.1));
#1139 = DIRECTION('',(0.,-1.,0.));
#1140 = DIRECTION('',(0.,0.,-1.));
#1141 = ORIENTED_EDGE('',*,*,#1142,.F.);
#1142 = EDGE_CURVE('',#1143,#1134,#1145,.T.);
#1143 = VERTEX_POINT('',#1144);
#1144 = CARTESIAN_POINT('',(2.5,4.6,-0.73830165435));
#1145 = LINE('',#1146,#1147);
#1146 = CARTESIAN_POINT('',(2.5,-5.454279020539,-0.73830165435));
#1147 = VECTOR('',#1148,1.);
#1148 = DIRECTION('',(-0.,-1.,-0.));
#1149 = ORIENTED_EDGE('',*,*,#1150,.F.);
#1150 = EDGE_CURVE('',#1151,#1143,#1153,.T.);
#1151 = VERTEX_POINT('',#1152);
#1152 = CARTESIAN_POINT('',(1.75,4.6,-1.084849735719));
#1153 = CIRCLE('',#1154,0.984849735719);
#1154 = AXIS2_PLACEMENT_3D('',#1155,#1156,#1157);
#1155 = CARTESIAN_POINT('',(1.75,4.6,-0.1));
#1156 = DIRECTION('',(0.,-1.,0.));
#1157 = DIRECTION('',(0.,0.,-1.));
#1158 = ORIENTED_EDGE('',*,*,#1159,.F.);
#1159 = EDGE_CURVE('',#1160,#1151,#1162,.T.);
#1160 = VERTEX_POINT('',#1161);
#1161 = CARTESIAN_POINT('',(1.75,5.949623841302,-1.084849735719));
#1162 = B_SPLINE_CURVE_WITH_KNOTS('',1,(#1163,#1164),.UNSPECIFIED.,.F.,
  .F.,(2,2),(-11.40390286184,-9.854279020539),.PIECEWISE_BEZIER_KNOTS.);
#1163 = CARTESIAN_POINT('',(1.75,5.949623841302,-1.084849735719));
#1164 = CARTESIAN_POINT('',(1.75,4.4,-1.084849735719));
#1165 = ORIENTED_EDGE('',*,*,#1166,.T.);
#1166 = EDGE_CURVE('',#1160,#1167,#1169,.T.);
#1167 = VERTEX_POINT('',#1168);
#1168 = CARTESIAN_POINT('',(1.75,5.949623841302,0.884849735719));
#1169 = CIRCLE('',#1170,0.984849735719);
#1170 = AXIS2_PLACEMENT_3D('',#1171,#1172,#1173);
#1171 = CARTESIAN_POINT('',(1.75,5.949623841302,-0.1));
#1172 = DIRECTION('',(0.,-1.,0.));
#1173 = DIRECTION('',(0.,0.,-1.));
#1174 = ORIENTED_EDGE('',*,*,#1175,.T.);
#1175 = EDGE_CURVE('',#1167,#1160,#1176,.T.);
#1176 = CIRCLE('',#1177,0.984849735719);
#1177 = AXIS2_PLACEMENT_3D('',#1178,#1179,#1180);
#1178 = CARTESIAN_POINT('',(1.75,5.949623841302,-0.1));
#1179 = DIRECTION('',(0.,-1.,0.));
#1180 = DIRECTION('',(0.,0.,-1.));
#1181 = ORIENTED_EDGE('',*,*,#1159,.T.);
#1182 = ORIENTED_EDGE('',*,*,#1183,.F.);
#1183 = EDGE_CURVE('',#1184,#1151,#1186,.T.);
#1184 = VERTEX_POINT('',#1185);
#1185 = CARTESIAN_POINT('',(1.,4.6,-0.73830165435));
#1186 = CIRCLE('',#1187,0.984849735719);
#1187 = AXIS2_PLACEMENT_3D('',#1188,#1189,#1190);
#1188 = CARTESIAN_POINT('',(1.75,4.6,-0.1));
#1189 = DIRECTION('',(0.,-1.,0.));
#1190 = DIRECTION('',(0.,0.,-1.));
#1191 = ORIENTED_EDGE('',*,*,#1192,.T.);
#1192 = EDGE_CURVE('',#1184,#1076,#1193,.T.);
#1193 = LINE('',#1194,#1195);
#1194 = CARTESIAN_POINT('',(1.,-5.454279020539,-0.73830165435));
#1195 = VECTOR('',#1196,1.);
#1196 = DIRECTION('',(-0.,-1.,-0.));
#1197 = CYLINDRICAL_SURFACE('',#1198,0.984849735719);
#1198 = AXIS2_PLACEMENT_3D('',#1199,#1200,#1201);
#1199 = CARTESIAN_POINT('',(1.75,-5.454279020539,-0.1));
#1200 = DIRECTION('',(-0.,-1.,-0.));
#1201 = DIRECTION('',(0.,0.,-1.));
#1202 = ADVANCED_FACE('',(#1203),#1209,.T.);
#1203 = FACE_BOUND('',#1204,.T.);
#1204 = EDGE_LOOP('',(#1205,#1206,#1207,#1208));
#1205 = ORIENTED_EDGE('',*,*,#863,.F.);
#1206 = ORIENTED_EDGE('',*,*,#1044,.F.);
#1207 = ORIENTED_EDGE('',*,*,#1016,.T.);
#1208 = ORIENTED_EDGE('',*,*,#1125,.T.);
#1209 = PLANE('',#1210);
#1210 = AXIS2_PLACEMENT_3D('',#1211,#1212,#1213);
#1211 = CARTESIAN_POINT('',(2.5,4.6,1.825));
#1212 = DIRECTION('',(-2.465190328816E-32,1.,-7.035130394291E-33));
#1213 = DIRECTION('',(0.,7.035130394291E-33,1.));
#1214 = ADVANCED_FACE('',(#1215),#1265,.T.);
#1215 = FACE_BOUND('',#1216,.T.);
#1216 = EDGE_LOOP('',(#1217,#1225,#1226,#1227,#1235,#1243,#1251,#1259));
#1217 = ORIENTED_EDGE('',*,*,#1218,.T.);
#1218 = EDGE_CURVE('',#1219,#1134,#1221,.T.);
#1219 = VERTEX_POINT('',#1220);
#1220 = CARTESIAN_POINT('',(2.5,4.4,-2.025));
#1221 = LINE('',#1222,#1223);
#1222 = CARTESIAN_POINT('',(2.5,4.4,0.86992051968));
#1223 = VECTOR('',#1224,1.);
#1224 = DIRECTION('',(0.,0.,1.));
#1225 = ORIENTED_EDGE('',*,*,#1133,.T.);
#1226 = ORIENTED_EDGE('',*,*,#1000,.F.);
#1227 = ORIENTED_EDGE('',*,*,#1228,.T.);
#1228 = EDGE_CURVE('',#992,#1229,#1231,.T.);
#1229 = VERTEX_POINT('',#1230);
#1230 = CARTESIAN_POINT('',(3.,4.4,1.825));
#1231 = LINE('',#1232,#1233);
#1232 = CARTESIAN_POINT('',(-5.049476718714,4.4,1.825));
#1233 = VECTOR('',#1234,1.);
#1234 = DIRECTION('',(1.,0.,0.));
#1235 = ORIENTED_EDGE('',*,*,#1236,.F.);
#1236 = EDGE_CURVE('',#1237,#1229,#1239,.T.);
#1237 = VERTEX_POINT('',#1238);
#1238 = CARTESIAN_POINT('',(3.,4.4,1.23));
#1239 = LINE('',#1240,#1241);
#1240 = CARTESIAN_POINT('',(3.,4.4,1.5275));
#1241 = VECTOR('',#1242,1.);
#1242 = DIRECTION('',(0.,0.,1.));
#1243 = ORIENTED_EDGE('',*,*,#1244,.F.);
#1244 = EDGE_CURVE('',#1245,#1237,#1247,.T.);
#1245 = VERTEX_POINT('',#1246);
#1246 = CARTESIAN_POINT('',(3.175,4.4,1.286));
#1247 = LINE('',#1248,#1249);
#1248 = CARTESIAN_POINT('',(-0.314530442087,4.4,0.169350258532));
#1249 = VECTOR('',#1250,1.);
#1250 = DIRECTION('',(-0.952424147199,0.,-0.304775727104));
#1251 = ORIENTED_EDGE('',*,*,#1252,.F.);
#1252 = EDGE_CURVE('',#1253,#1245,#1255,.T.);
#1253 = VERTEX_POINT('',#1254);
#1254 = CARTESIAN_POINT('',(3.175,4.4,-2.025));
#1255 = LINE('',#1256,#1257);
#1256 = CARTESIAN_POINT('',(3.175,4.4,1.825));
#1257 = VECTOR('',#1258,1.);
#1258 = DIRECTION('',(0.,0.,1.));
#1259 = ORIENTED_EDGE('',*,*,#1260,.F.);
#1260 = EDGE_CURVE('',#1219,#1253,#1261,.T.);
#1261 = LINE('',#1262,#1263);
#1262 = CARTESIAN_POINT('',(-5.049476718714,4.4,-2.025));
#1263 = VECTOR('',#1264,1.);
#1264 = DIRECTION('',(1.,0.,0.));
#1265 = PLANE('',#1266);
#1266 = AXIS2_PLACEMENT_3D('',#1267,#1268,#1269);
#1267 = CARTESIAN_POINT('',(-5.049476718714,4.4,1.825));
#1268 = DIRECTION('',(0.,1.,0.));
#1269 = DIRECTION('',(0.,0.,1.));
#1270 = ADVANCED_FACE('',(#1271,#1314),#1334,.T.);
#1271 = FACE_BOUND('',#1272,.T.);
#1272 = EDGE_LOOP('',(#1273,#1281,#1289,#1297,#1305,#1311,#1312,#1313));
#1273 = ORIENTED_EDGE('',*,*,#1274,.F.);
#1274 = EDGE_CURVE('',#1275,#1101,#1277,.T.);
#1275 = VERTEX_POINT('',#1276);
#1276 = CARTESIAN_POINT('',(0.325,0.65,1.825));
#1277 = LINE('',#1278,#1279);
#1278 = CARTESIAN_POINT('',(0.325,0.65,1.825));
#1279 = VECTOR('',#1280,1.);
#1280 = DIRECTION('',(0.,1.,0.));
#1281 = ORIENTED_EDGE('',*,*,#1282,.T.);
#1282 = EDGE_CURVE('',#1275,#1283,#1285,.T.);
#1283 = VERTEX_POINT('',#1284);
#1284 = CARTESIAN_POINT('',(0.924896230895,0.65,1.825));
#1285 = LINE('',#1286,#1287);
#1286 = CARTESIAN_POINT('',(-5.049476718714,0.65,1.825));
#1287 = VECTOR('',#1288,1.);
#1288 = DIRECTION('',(1.,0.,0.));
#1289 = ORIENTED_EDGE('',*,*,#1290,.T.);
#1290 = EDGE_CURVE('',#1283,#1291,#1293,.T.);
#1291 = VERTEX_POINT('',#1292);
#1292 = CARTESIAN_POINT('',(2.575103769105,0.65,1.825));
#1293 = LINE('',#1294,#1295);
#1294 = CARTESIAN_POINT('',(-5.049476718714,0.65,1.825));
#1295 = VECTOR('',#1296,1.);
#1296 = DIRECTION('',(1.,0.,0.));
#1297 = ORIENTED_EDGE('',*,*,#1298,.T.);
#1298 = EDGE_CURVE('',#1291,#1299,#1301,.T.);
#1299 = VERTEX_POINT('',#1300);
#1300 = CARTESIAN_POINT('',(3.,0.65,1.825));
#1301 = LINE('',#1302,#1303);
#1302 = CARTESIAN_POINT('',(-5.049476718714,0.65,1.825));
#1303 = VECTOR('',#1304,1.);
#1304 = DIRECTION('',(1.,0.,0.));
#1305 = ORIENTED_EDGE('',*,*,#1306,.F.);
#1306 = EDGE_CURVE('',#1229,#1299,#1307,.T.);
#1307 = LINE('',#1308,#1309);
#1308 = CARTESIAN_POINT('',(3.,-0.105208288142,1.825));
#1309 = VECTOR('',#1310,1.);
#1310 = DIRECTION('',(0.,-1.,0.));
#1311 = ORIENTED_EDGE('',*,*,#1228,.F.);
#1312 = ORIENTED_EDGE('',*,*,#1060,.T.);
#1313 = ORIENTED_EDGE('',*,*,#1108,.F.);
#1314 = FACE_BOUND('',#1315,.T.);
#1315 = EDGE_LOOP('',(#1316,#1327));
#1316 = ORIENTED_EDGE('',*,*,#1317,.F.);
#1317 = EDGE_CURVE('',#1318,#1320,#1322,.T.);
#1318 = VERTEX_POINT('',#1319);
#1319 = CARTESIAN_POINT('',(2.75,2.220184896686,1.825));
#1320 = VERTEX_POINT('',#1321);
#1321 = CARTESIAN_POINT('',(0.75,2.220184896686,1.825));
#1322 = CIRCLE('',#1323,1.);
#1323 = AXIS2_PLACEMENT_3D('',#1324,#1325,#1326);
#1324 = CARTESIAN_POINT('',(1.75,2.220184896686,1.825));
#1325 = DIRECTION('',(0.,0.,1.));
#1326 = DIRECTION('',(1.,0.,0.));
#1327 = ORIENTED_EDGE('',*,*,#1328,.F.);
#1328 = EDGE_CURVE('',#1320,#1318,#1329,.T.);
#1329 = CIRCLE('',#1330,1.);
#1330 = AXIS2_PLACEMENT_3D('',#1331,#1332,#1333);
#1331 = CARTESIAN_POINT('',(1.75,2.220184896686,1.825));
#1332 = DIRECTION('',(0.,0.,1.));
#1333 = DIRECTION('',(1.,0.,0.));
#1334 = PLANE('',#1335);
#1335 = AXIS2_PLACEMENT_3D('',#1336,#1337,#1338);
#1336 = CARTESIAN_POINT('',(-5.049476718714,0.65,1.825));
#1337 = DIRECTION('',(0.,0.,1.));
#1338 = DIRECTION('',(1.,0.,0.));
#1339 = ADVANCED_FACE('',(#1340),#1390,.T.);
#1340 = FACE_BOUND('',#1341,.T.);
#1341 = EDGE_LOOP('',(#1342,#1352,#1360,#1366,#1367,#1368,#1376,#1384));
#1342 = ORIENTED_EDGE('',*,*,#1343,.T.);
#1343 = EDGE_CURVE('',#1344,#1346,#1348,.T.);
#1344 = VERTEX_POINT('',#1345);
#1345 = CARTESIAN_POINT('',(0.325,4.75,-2.94));
#1346 = VERTEX_POINT('',#1347);
#1347 = CARTESIAN_POINT('',(0.325,4.75,3.5));
#1348 = LINE('',#1349,#1350);
#1349 = CARTESIAN_POINT('',(0.325,4.75,3.5));
#1350 = VECTOR('',#1351,1.);
#1351 = DIRECTION('',(0.,0.,1.));
#1352 = ORIENTED_EDGE('',*,*,#1353,.T.);
#1353 = EDGE_CURVE('',#1346,#1354,#1356,.T.);
#1354 = VERTEX_POINT('',#1355);
#1355 = CARTESIAN_POINT('',(0.325,0.65,3.5));
#1356 = LINE('',#1357,#1358);
#1357 = CARTESIAN_POINT('',(0.325,4.75,3.5));
#1358 = VECTOR('',#1359,1.);
#1359 = DIRECTION('',(0.,-1.,-1.057758217059E-16));
#1360 = ORIENTED_EDGE('',*,*,#1361,.T.);
#1361 = EDGE_CURVE('',#1354,#1275,#1362,.T.);
#1362 = LINE('',#1363,#1364);
#1363 = CARTESIAN_POINT('',(0.325,0.65,3.5));
#1364 = VECTOR('',#1365,1.);
#1365 = DIRECTION('',(0.,-6.734174984382E-17,-1.));
#1366 = ORIENTED_EDGE('',*,*,#1274,.T.);
#1367 = ORIENTED_EDGE('',*,*,#1100,.T.);
#1368 = ORIENTED_EDGE('',*,*,#1369,.T.);
#1369 = EDGE_CURVE('',#1093,#1370,#1372,.T.);
#1370 = VERTEX_POINT('',#1371);
#1371 = CARTESIAN_POINT('',(0.325,0.65,-2.025));
#1372 = LINE('',#1373,#1374);
#1373 = CARTESIAN_POINT('',(0.325,0.65,-2.025));
#1374 = VECTOR('',#1375,1.);
#1375 = DIRECTION('',(0.,-1.,0.));
#1376 = ORIENTED_EDGE('',*,*,#1377,.T.);
#1377 = EDGE_CURVE('',#1370,#1378,#1380,.T.);
#1378 = VERTEX_POINT('',#1379);
#1379 = CARTESIAN_POINT('',(0.325,0.65,-2.94));
#1380 = LINE('',#1381,#1382);
#1381 = CARTESIAN_POINT('',(0.325,0.65,3.5));
#1382 = VECTOR('',#1383,1.);
#1383 = DIRECTION('',(0.,-6.734174984382E-17,-1.));
#1384 = ORIENTED_EDGE('',*,*,#1385,.T.);
#1385 = EDGE_CURVE('',#1378,#1344,#1386,.T.);
#1386 = LINE('',#1387,#1388);
#1387 = CARTESIAN_POINT('',(0.325,4.75,-2.94));
#1388 = VECTOR('',#1389,1.);
#1389 = DIRECTION('',(0.,1.,3.173274651177E-16));
#1390 = PLANE('',#1391);
#1391 = AXIS2_PLACEMENT_3D('',#1392,#1393,#1394);
#1392 = CARTESIAN_POINT('',(0.325,0.,0.));
#1393 = DIRECTION('',(1.,0.,0.));
#1394 = DIRECTION('',(0.,0.,-1.));
#1395 = ADVANCED_FACE('',(#1396,#1437),#1457,.T.);
#1396 = FACE_BOUND('',#1397,.T.);
#1397 = EDGE_LOOP('',(#1398,#1399,#1400,#1408,#1416,#1422,#1423,#1431));
#1398 = ORIENTED_EDGE('',*,*,#1369,.F.);
#1399 = ORIENTED_EDGE('',*,*,#1092,.T.);
#1400 = ORIENTED_EDGE('',*,*,#1401,.T.);
#1401 = EDGE_CURVE('',#1085,#1402,#1404,.T.);
#1402 = VERTEX_POINT('',#1403);
#1403 = CARTESIAN_POINT('',(1.,4.398410619386,-2.025));
#1404 = LINE('',#1405,#1406);
#1405 = CARTESIAN_POINT('',(1.,2.561840845185,-2.025));
#1406 = VECTOR('',#1407,1.);
#1407 = DIRECTION('',(0.,-1.,0.));
#1408 = ORIENTED_EDGE('',*,*,#1409,.F.);
#1409 = EDGE_CURVE('',#1410,#1402,#1412,.T.);
#1410 = VERTEX_POINT('',#1411);
#1411 = CARTESIAN_POINT('',(2.5,4.398410619386,-2.025));
#1412 = LINE('',#1413,#1414);
#1413 = CARTESIAN_POINT('',(2.5,4.398410619386,-2.025));
#1414 = VECTOR('',#1415,1.);
#1415 = DIRECTION('',(-1.,2.465190328816E-32,0.));
#1416 = ORIENTED_EDGE('',*,*,#1417,.T.);
#1417 = EDGE_CURVE('',#1410,#1219,#1418,.T.);
#1418 = LINE('',#1419,#1420);
#1419 = CARTESIAN_POINT('',(2.5,2.561840845185,-2.025));
#1420 = VECTOR('',#1421,1.);
#1421 = DIRECTION('',(0.,1.,0.));
#1422 = ORIENTED_EDGE('',*,*,#1260,.T.);
#1423 = ORIENTED_EDGE('',*,*,#1424,.F.);
#1424 = EDGE_CURVE('',#1425,#1253,#1427,.T.);
#1425 = VERTEX_POINT('',#1426);
#1426 = CARTESIAN_POINT('',(3.175,0.65,-2.025));
#1427 = LINE('',#1428,#1429);
#1428 = CARTESIAN_POINT('',(3.175,0.65,-2.025));
#1429 = VECTOR('',#1430,1.);
#1430 = DIRECTION('',(0.,1.,0.));
#1431 = ORIENTED_EDGE('',*,*,#1432,.F.);
#1432 = EDGE_CURVE('',#1370,#1425,#1433,.T.);
#1433 = LINE('',#1434,#1435);
#1434 = CARTESIAN_POINT('',(-5.049476718714,0.65,-2.025));
#1435 = VECTOR('',#1436,1.);
#1436 = DIRECTION('',(1.,0.,0.));
#1437 = FACE_BOUND('',#1438,.T.);
#1438 = EDGE_LOOP('',(#1439,#1450));
#1439 = ORIENTED_EDGE('',*,*,#1440,.F.);
#1440 = EDGE_CURVE('',#1441,#1443,#1445,.T.);
#1441 = VERTEX_POINT('',#1442);
#1442 = CARTESIAN_POINT('',(2.75,2.220184896686,-2.025));
#1443 = VERTEX_POINT('',#1444);
#1444 = CARTESIAN_POINT('',(0.75,2.220184896686,-2.025));
#1445 = CIRCLE('',#1446,1.);
#1446 = AXIS2_PLACEMENT_3D('',#1447,#1448,#1449);
#1447 = CARTESIAN_POINT('',(1.75,2.220184896686,-2.025));
#1448 = DIRECTION('',(0.,0.,-1.));
#1449 = DIRECTION('',(-1.,0.,0.));
#1450 = ORIENTED_EDGE('',*,*,#1451,.F.);
#1451 = EDGE_CURVE('',#1443,#1441,#1452,.T.);
#1452 = CIRCLE('',#1453,1.);
#1453 = AXIS2_PLACEMENT_3D('',#1454,#1455,#1456);
#1454 = CARTESIAN_POINT('',(1.75,2.220184896686,-2.025));
#1455 = DIRECTION('',(0.,0.,-1.));
#1456 = DIRECTION('',(-1.,0.,0.));
#1457 = PLANE('',#1458);
#1458 = AXIS2_PLACEMENT_3D('',#1459,#1460,#1461);
#1459 = CARTESIAN_POINT('',(-5.049476718714,0.65,-2.025));
#1460 = DIRECTION('',(0.,0.,-1.));
#1461 = DIRECTION('',(-1.,0.,0.));
#1462 = ADVANCED_FACE('',(#1463),#1516,.T.);
#1463 = FACE_BOUND('',#1464,.T.);
#1464 = EDGE_LOOP('',(#1465,#1466,#1467,#1475,#1484,#1492,#1500,#1508,
    #1515));
#1465 = ORIENTED_EDGE('',*,*,#1084,.F.);
#1466 = ORIENTED_EDGE('',*,*,#1192,.F.);
#1467 = ORIENTED_EDGE('',*,*,#1468,.T.);
#1468 = EDGE_CURVE('',#1184,#1469,#1471,.T.);
#1469 = VERTEX_POINT('',#1470);
#1470 = CARTESIAN_POINT('',(1.,4.6,-1.994160054512));
#1471 = LINE('',#1472,#1473);
#1472 = CARTESIAN_POINT('',(1.,4.6,1.825));
#1473 = VECTOR('',#1474,1.);
#1474 = DIRECTION('',(6.162975822039E-33,-7.035130394291E-33,-1.));
#1475 = ORIENTED_EDGE('',*,*,#1476,.T.);
#1476 = EDGE_CURVE('',#1469,#1477,#1479,.T.);
#1477 = VERTEX_POINT('',#1478);
#1478 = CARTESIAN_POINT('',(1.,4.589542707957,-2.095884865083));
#1479 = CIRCLE('',#1480,0.5);
#1480 = AXIS2_PLACEMENT_3D('',#1481,#1482,#1483);
#1481 = CARTESIAN_POINT('',(1.,4.1,-1.994160054512));
#1482 = DIRECTION('',(-1.,2.465190328816E-32,0.));
#1483 = DIRECTION('',(3.848781182533E-46,1.561251128379E-14,-1.));
#1484 = ORIENTED_EDGE('',*,*,#1485,.T.);
#1485 = EDGE_CURVE('',#1477,#1486,#1488,.T.);
#1486 = VERTEX_POINT('',#1487);
#1487 = CARTESIAN_POINT('',(1.,4.51021318224,-2.477652013356));
#1488 = LINE('',#1489,#1490);
#1489 = CARTESIAN_POINT('',(1.,4.595817083183,-2.065689924229));
#1490 = VECTOR('',#1491,1.);
#1491 = DIRECTION('',(0.,-0.203449621143,-0.979085415915));
#1492 = ORIENTED_EDGE('',*,*,#1493,.T.);
#1493 = EDGE_CURVE('',#1486,#1494,#1496,.T.);
#1494 = VERTEX_POINT('',#1495);
#1495 = CARTESIAN_POINT('',(1.,4.314396099058,-2.436962089128));
#1496 = LINE('',#1497,#1498);
#1497 = CARTESIAN_POINT('',(1.,4.51021318224,-2.477652013356));
#1498 = VECTOR('',#1499,1.);
#1499 = DIRECTION('',(4.930380657631E-32,-0.979085415915,0.203449621143)
  );
#1500 = ORIENTED_EDGE('',*,*,#1501,.F.);
#1501 = EDGE_CURVE('',#1502,#1494,#1504,.T.);
#1502 = VERTEX_POINT('',#1503);
#1503 = CARTESIAN_POINT('',(1.,4.393725624774,-2.055194940855));
#1504 = LINE('',#1505,#1506);
#1505 = CARTESIAN_POINT('',(1.,4.4,-2.025));
#1506 = VECTOR('',#1507,1.);
#1507 = DIRECTION('',(1.232595164408E-32,-0.203449621143,-0.979085415915
    ));
#1508 = ORIENTED_EDGE('',*,*,#1509,.F.);
#1509 = EDGE_CURVE('',#1402,#1502,#1510,.T.);
#1510 = CIRCLE('',#1511,0.3);
#1511 = AXIS2_PLACEMENT_3D('',#1512,#1513,#1514);
#1512 = CARTESIAN_POINT('',(1.,4.1,-1.994160054512));
#1513 = DIRECTION('',(-1.,2.465190328816E-32,0.));
#1514 = DIRECTION('',(2.850949024098E-46,1.156482317318E-14,-1.));
#1515 = ORIENTED_EDGE('',*,*,#1401,.F.);
#1516 = PLANE('',#1517);
#1517 = AXIS2_PLACEMENT_3D('',#1518,#1519,#1520);
#1518 = CARTESIAN_POINT('',(1.,4.473681690371,-8.515896064075E-02));
#1519 = DIRECTION('',(-1.,-0.,-0.));
#1520 = DIRECTION('',(0.,0.,-1.));
#1521 = ADVANCED_FACE('',(#1522),#1541,.T.);
#1522 = FACE_BOUND('',#1523,.T.);
#1523 = EDGE_LOOP('',(#1524,#1525,#1526,#1527,#1535));
#1524 = ORIENTED_EDGE('',*,*,#1468,.F.);
#1525 = ORIENTED_EDGE('',*,*,#1183,.T.);
#1526 = ORIENTED_EDGE('',*,*,#1150,.T.);
#1527 = ORIENTED_EDGE('',*,*,#1528,.T.);
#1528 = EDGE_CURVE('',#1143,#1529,#1531,.T.);
#1529 = VERTEX_POINT('',#1530);
#1530 = CARTESIAN_POINT('',(2.5,4.6,-1.994160054512));
#1531 = LINE('',#1532,#1533);
#1532 = CARTESIAN_POINT('',(2.5,4.6,1.825));
#1533 = VECTOR('',#1534,1.);
#1534 = DIRECTION('',(6.162975822039E-33,-7.035130394291E-33,-1.));
#1535 = ORIENTED_EDGE('',*,*,#1536,.T.);
#1536 = EDGE_CURVE('',#1529,#1469,#1537,.T.);
#1537 = LINE('',#1538,#1539);
#1538 = CARTESIAN_POINT('',(2.5,4.6,-1.994160054512));
#1539 = VECTOR('',#1540,1.);
#1540 = DIRECTION('',(-1.,2.465190328816E-32,0.));
#1541 = PLANE('',#1542);
#1542 = AXIS2_PLACEMENT_3D('',#1543,#1544,#1545);
#1543 = CARTESIAN_POINT('',(2.5,4.6,1.825));
#1544 = DIRECTION('',(-2.465190328816E-32,1.,-7.035130394291E-33));
#1545 = DIRECTION('',(0.,7.035130394291E-33,1.));
#1546 = ADVANCED_FACE('',(#1547,#1551),#1571,.F.);
#1547 = FACE_BOUND('',#1548,.T.);
#1548 = EDGE_LOOP('',(#1549,#1550));
#1549 = ORIENTED_EDGE('',*,*,#1166,.F.);
#1550 = ORIENTED_EDGE('',*,*,#1175,.F.);
#1551 = FACE_BOUND('',#1552,.T.);
#1552 = EDGE_LOOP('',(#1553,#1564));
#1553 = ORIENTED_EDGE('',*,*,#1554,.T.);
#1554 = EDGE_CURVE('',#1555,#1557,#1559,.T.);
#1555 = VERTEX_POINT('',#1556);
#1556 = CARTESIAN_POINT('',(1.75,5.949623841302,-1.6));
#1557 = VERTEX_POINT('',#1558);
#1558 = CARTESIAN_POINT('',(1.75,5.949623841302,1.4));
#1559 = CIRCLE('',#1560,1.5);
#1560 = AXIS2_PLACEMENT_3D('',#1561,#1562,#1563);
#1561 = CARTESIAN_POINT('',(1.75,5.949623841302,-0.1));
#1562 = DIRECTION('',(0.,-1.,0.));
#1563 = DIRECTION('',(0.,0.,-1.));
#1564 = ORIENTED_EDGE('',*,*,#1565,.T.);
#1565 = EDGE_CURVE('',#1557,#1555,#1566,.T.);
#1566 = CIRCLE('',#1567,1.5);
#1567 = AXIS2_PLACEMENT_3D('',#1568,#1569,#1570);
#1568 = CARTESIAN_POINT('',(1.75,5.949623841302,-0.1));
#1569 = DIRECTION('',(0.,-1.,0.));
#1570 = DIRECTION('',(0.,0.,-1.));
#1571 = PLANE('',#1572);
#1572 = AXIS2_PLACEMENT_3D('',#1573,#1574,#1575);
#1573 = CARTESIAN_POINT('',(1.75,5.949623841302,0.884849735719));
#1574 = DIRECTION('',(0.,1.,0.));
#1575 = DIRECTION('',(0.,0.,1.));
#1576 = ADVANCED_FACE('',(#1577),#1623,.T.);
#1577 = FACE_BOUND('',#1578,.T.);
#1578 = EDGE_LOOP('',(#1579,#1580,#1581,#1582,#1591,#1599,#1607,#1615,
    #1622));
#1579 = ORIENTED_EDGE('',*,*,#1142,.T.);
#1580 = ORIENTED_EDGE('',*,*,#1218,.F.);
#1581 = ORIENTED_EDGE('',*,*,#1417,.F.);
#1582 = ORIENTED_EDGE('',*,*,#1583,.T.);
#1583 = EDGE_CURVE('',#1410,#1584,#1586,.T.);
#1584 = VERTEX_POINT('',#1585);
#1585 = CARTESIAN_POINT('',(2.5,4.393725624774,-2.055194940855));
#1586 = CIRCLE('',#1587,0.3);
#1587 = AXIS2_PLACEMENT_3D('',#1588,#1589,#1590);
#1588 = CARTESIAN_POINT('',(2.5,4.1,-1.994160054512));
#1589 = DIRECTION('',(-1.,2.465190328816E-32,0.));
#1590 = DIRECTION('',(2.850949024098E-46,1.156482317318E-14,-1.));
#1591 = ORIENTED_EDGE('',*,*,#1592,.T.);
#1592 = EDGE_CURVE('',#1584,#1593,#1595,.T.);
#1593 = VERTEX_POINT('',#1594);
#1594 = CARTESIAN_POINT('',(2.5,4.314396099058,-2.436962089128));
#1595 = LINE('',#1596,#1597);
#1596 = CARTESIAN_POINT('',(2.5,4.4,-2.025));
#1597 = VECTOR('',#1598,1.);
#1598 = DIRECTION('',(1.232595164408E-32,-0.203449621143,-0.979085415915
    ));
#1599 = ORIENTED_EDGE('',*,*,#1600,.F.);
#1600 = EDGE_CURVE('',#1601,#1593,#1603,.T.);
#1601 = VERTEX_POINT('',#1602);
#1602 = CARTESIAN_POINT('',(2.5,4.51021318224,-2.477652013356));
#1603 = LINE('',#1604,#1605);
#1604 = CARTESIAN_POINT('',(2.5,4.51021318224,-2.477652013356));
#1605 = VECTOR('',#1606,1.);
#1606 = DIRECTION('',(4.930380657631E-32,-0.979085415915,0.203449621143)
  );
#1607 = ORIENTED_EDGE('',*,*,#1608,.F.);
#1608 = EDGE_CURVE('',#1609,#1601,#1611,.T.);
#1609 = VERTEX_POINT('',#1610);
#1610 = CARTESIAN_POINT('',(2.5,4.589542707957,-2.095884865083));
#1611 = LINE('',#1612,#1613);
#1612 = CARTESIAN_POINT('',(2.5,4.595817083183,-2.065689924229));
#1613 = VECTOR('',#1614,1.);
#1614 = DIRECTION('',(0.,-0.203449621143,-0.979085415915));
#1615 = ORIENTED_EDGE('',*,*,#1616,.F.);
#1616 = EDGE_CURVE('',#1529,#1609,#1617,.T.);
#1617 = CIRCLE('',#1618,0.5);
#1618 = AXIS2_PLACEMENT_3D('',#1619,#1620,#1621);
#1619 = CARTESIAN_POINT('',(2.5,4.1,-1.994160054512));
#1620 = DIRECTION('',(-1.,2.465190328816E-32,0.));
#1621 = DIRECTION('',(3.848781182533E-46,1.561251128379E-14,-1.));
#1622 = ORIENTED_EDGE('',*,*,#1528,.F.);
#1623 = PLANE('',#1624);
#1624 = AXIS2_PLACEMENT_3D('',#1625,#1626,#1627);
#1625 = CARTESIAN_POINT('',(2.5,4.473681690371,-8.515896064075E-02));
#1626 = DIRECTION('',(1.,0.,0.));
#1627 = DIRECTION('',(0.,0.,1.));
#1628 = ADVANCED_FACE('',(#1629),#1663,.F.);
#1629 = FACE_BOUND('',#1630,.F.);
#1630 = EDGE_LOOP('',(#1631,#1632,#1640,#1648,#1656,#1662));
#1631 = ORIENTED_EDGE('',*,*,#1424,.F.);
#1632 = ORIENTED_EDGE('',*,*,#1633,.T.);
#1633 = EDGE_CURVE('',#1425,#1634,#1636,.T.);
#1634 = VERTEX_POINT('',#1635);
#1635 = CARTESIAN_POINT('',(3.175,0.65,-2.94));
#1636 = LINE('',#1637,#1638);
#1637 = CARTESIAN_POINT('',(3.175,0.65,3.5));
#1638 = VECTOR('',#1639,1.);
#1639 = DIRECTION('',(0.,-6.734174984382E-17,-1.));
#1640 = ORIENTED_EDGE('',*,*,#1641,.T.);
#1641 = EDGE_CURVE('',#1634,#1642,#1644,.T.);
#1642 = VERTEX_POINT('',#1643);
#1643 = CARTESIAN_POINT('',(3.175,4.75,-2.94));
#1644 = LINE('',#1645,#1646);
#1645 = CARTESIAN_POINT('',(3.175,4.75,-2.94));
#1646 = VECTOR('',#1647,1.);
#1647 = DIRECTION('',(0.,1.,3.173274651177E-16));
#1648 = ORIENTED_EDGE('',*,*,#1649,.T.);
#1649 = EDGE_CURVE('',#1642,#1650,#1652,.T.);
#1650 = VERTEX_POINT('',#1651);
#1651 = CARTESIAN_POINT('',(3.175,4.75,1.286));
#1652 = LINE('',#1653,#1654);
#1653 = CARTESIAN_POINT('',(3.175,4.75,3.5));
#1654 = VECTOR('',#1655,1.);
#1655 = DIRECTION('',(0.,0.,1.));
#1656 = ORIENTED_EDGE('',*,*,#1657,.F.);
#1657 = EDGE_CURVE('',#1245,#1650,#1658,.T.);
#1658 = LINE('',#1659,#1660);
#1659 = CARTESIAN_POINT('',(3.175,0.,1.286));
#1660 = VECTOR('',#1661,1.);
#1661 = DIRECTION('',(0.,1.,0.));
#1662 = ORIENTED_EDGE('',*,*,#1252,.F.);
#1663 = PLANE('',#1664);
#1664 = AXIS2_PLACEMENT_3D('',#1665,#1666,#1667);
#1665 = CARTESIAN_POINT('',(3.175,0.,0.));
#1666 = DIRECTION('',(1.,0.,0.));
#1667 = DIRECTION('',(0.,0.,-1.));
#1668 = ADVANCED_FACE('',(#1669),#1687,.T.);
#1669 = FACE_BOUND('',#1670,.T.);
#1670 = EDGE_LOOP('',(#1671,#1679,#1680,#1681));
#1671 = ORIENTED_EDGE('',*,*,#1672,.F.);
#1672 = EDGE_CURVE('',#1650,#1673,#1675,.T.);
#1673 = VERTEX_POINT('',#1674);
#1674 = CARTESIAN_POINT('',(3.,4.75,1.23));
#1675 = LINE('',#1676,#1677);
#1676 = CARTESIAN_POINT('',(1.23240203193,4.75,0.664368650218));
#1677 = VECTOR('',#1678,1.);
#1678 = DIRECTION('',(-0.952424147199,0.,-0.304775727104));
#1679 = ORIENTED_EDGE('',*,*,#1657,.F.);
#1680 = ORIENTED_EDGE('',*,*,#1244,.T.);
#1681 = ORIENTED_EDGE('',*,*,#1682,.T.);
#1682 = EDGE_CURVE('',#1237,#1673,#1683,.T.);
#1683 = LINE('',#1684,#1685);
#1684 = CARTESIAN_POINT('',(3.,-0.860416576283,1.23));
#1685 = VECTOR('',#1686,1.);
#1686 = DIRECTION('',(0.,1.,0.));
#1687 = PLANE('',#1688);
#1688 = AXIS2_PLACEMENT_3D('',#1689,#1690,#1691);
#1689 = CARTESIAN_POINT('',(3.5,-0.860416576283,1.39));
#1690 = DIRECTION('',(0.304775727104,0.,-0.952424147199));
#1691 = DIRECTION('',(-0.952424147199,0.,-0.304775727104));
#1692 = ADVANCED_FACE('',(#1693),#1720,.T.);
#1693 = FACE_BOUND('',#1694,.T.);
#1694 = EDGE_LOOP('',(#1695,#1703,#1704,#1705,#1706,#1714));
#1695 = ORIENTED_EDGE('',*,*,#1696,.F.);
#1696 = EDGE_CURVE('',#1673,#1697,#1699,.T.);
#1697 = VERTEX_POINT('',#1698);
#1698 = CARTESIAN_POINT('',(3.,4.75,2.05));
#1699 = LINE('',#1700,#1701);
#1700 = CARTESIAN_POINT('',(3.,4.75,3.5));
#1701 = VECTOR('',#1702,1.);
#1702 = DIRECTION('',(0.,0.,1.));
#1703 = ORIENTED_EDGE('',*,*,#1682,.F.);
#1704 = ORIENTED_EDGE('',*,*,#1236,.T.);
#1705 = ORIENTED_EDGE('',*,*,#1306,.T.);
#1706 = ORIENTED_EDGE('',*,*,#1707,.F.);
#1707 = EDGE_CURVE('',#1708,#1299,#1710,.T.);
#1708 = VERTEX_POINT('',#1709);
#1709 = CARTESIAN_POINT('',(3.,0.65,2.05));
#1710 = LINE('',#1711,#1712);
#1711 = CARTESIAN_POINT('',(3.,0.65,3.5));
#1712 = VECTOR('',#1713,1.);
#1713 = DIRECTION('',(0.,-6.734174984382E-17,-1.));
#1714 = ORIENTED_EDGE('',*,*,#1715,.T.);
#1715 = EDGE_CURVE('',#1708,#1697,#1716,.T.);
#1716 = LINE('',#1717,#1718);
#1717 = CARTESIAN_POINT('',(3.,-0.860416576283,2.05));
#1718 = VECTOR('',#1719,1.);
#1719 = DIRECTION('',(0.,1.,0.));
#1720 = PLANE('',#1721);
#1721 = AXIS2_PLACEMENT_3D('',#1722,#1723,#1724);
#1722 = CARTESIAN_POINT('',(3.,-0.860416576283,1.23));
#1723 = DIRECTION('',(-1.,0.,0.));
#1724 = DIRECTION('',(0.,0.,1.));
#1725 = ADVANCED_FACE('',(#1726),#1760,.F.);
#1726 = FACE_BOUND('',#1727,.F.);
#1727 = EDGE_LOOP('',(#1728,#1729,#1737,#1745,#1753,#1759));
#1728 = ORIENTED_EDGE('',*,*,#1707,.F.);
#1729 = ORIENTED_EDGE('',*,*,#1730,.F.);
#1730 = EDGE_CURVE('',#1731,#1708,#1733,.T.);
#1731 = VERTEX_POINT('',#1732);
#1732 = CARTESIAN_POINT('',(3.175,0.65,1.994));
#1733 = LINE('',#1734,#1735);
#1734 = CARTESIAN_POINT('',(0.152576197388,0.65,2.961175616836));
#1735 = VECTOR('',#1736,1.);
#1736 = DIRECTION('',(-0.952424147199,2.052413077309E-17,0.304775727104)
  );
#1737 = ORIENTED_EDGE('',*,*,#1738,.F.);
#1738 = EDGE_CURVE('',#1739,#1731,#1741,.T.);
#1739 = VERTEX_POINT('',#1740);
#1740 = CARTESIAN_POINT('',(3.175,0.65,3.5));
#1741 = LINE('',#1742,#1743);
#1742 = CARTESIAN_POINT('',(3.175,0.65,3.5));
#1743 = VECTOR('',#1744,1.);
#1744 = DIRECTION('',(0.,-6.734174984382E-17,-1.));
#1745 = ORIENTED_EDGE('',*,*,#1746,.F.);
#1746 = EDGE_CURVE('',#1747,#1739,#1749,.T.);
#1747 = VERTEX_POINT('',#1748);
#1748 = CARTESIAN_POINT('',(2.575103769105,0.65,3.5));
#1749 = LINE('',#1750,#1751);
#1750 = CARTESIAN_POINT('',(0.325,0.65,3.5));
#1751 = VECTOR('',#1752,1.);
#1752 = DIRECTION('',(1.,0.,0.));
#1753 = ORIENTED_EDGE('',*,*,#1754,.F.);
#1754 = EDGE_CURVE('',#1291,#1747,#1755,.T.);
#1755 = LINE('',#1756,#1757);
#1756 = CARTESIAN_POINT('',(2.575103769105,0.65,-0.775));
#1757 = VECTOR('',#1758,1.);
#1758 = DIRECTION('',(0.,0.,1.));
#1759 = ORIENTED_EDGE('',*,*,#1298,.T.);
#1760 = PLANE('',#1761);
#1761 = AXIS2_PLACEMENT_3D('',#1762,#1763,#1764);
#1762 = CARTESIAN_POINT('',(0.325,0.65,3.5));
#1763 = DIRECTION('',(0.,-1.,6.734174984382E-17));
#1764 = DIRECTION('',(0.,-6.734174984382E-17,-1.));
#1765 = ADVANCED_FACE('',(#1766,#1791),#1811,.T.);
#1766 = FACE_BOUND('',#1767,.T.);
#1767 = EDGE_LOOP('',(#1768,#1769,#1777,#1785));
#1768 = ORIENTED_EDGE('',*,*,#1290,.F.);
#1769 = ORIENTED_EDGE('',*,*,#1770,.F.);
#1770 = EDGE_CURVE('',#1771,#1283,#1773,.T.);
#1771 = VERTEX_POINT('',#1772);
#1772 = CARTESIAN_POINT('',(0.924896230895,0.65,-0.775));
#1773 = LINE('',#1774,#1775);
#1774 = CARTESIAN_POINT('',(0.924896230895,0.65,-0.775));
#1775 = VECTOR('',#1776,1.);
#1776 = DIRECTION('',(0.,0.,1.));
#1777 = ORIENTED_EDGE('',*,*,#1778,.F.);
#1778 = EDGE_CURVE('',#1779,#1771,#1781,.T.);
#1779 = VERTEX_POINT('',#1780);
#1780 = CARTESIAN_POINT('',(2.575103769105,0.65,-0.775));
#1781 = LINE('',#1782,#1783);
#1782 = CARTESIAN_POINT('',(2.575103769105,0.65,-0.775));
#1783 = VECTOR('',#1784,1.);
#1784 = DIRECTION('',(-1.,-1.314019173203E-16,0.));
#1785 = ORIENTED_EDGE('',*,*,#1786,.T.);
#1786 = EDGE_CURVE('',#1779,#1291,#1787,.T.);
#1787 = LINE('',#1788,#1789);
#1788 = CARTESIAN_POINT('',(2.575103769105,0.65,-0.775));
#1789 = VECTOR('',#1790,1.);
#1790 = DIRECTION('',(0.,0.,1.));
#1791 = FACE_BOUND('',#1792,.T.);
#1792 = EDGE_LOOP('',(#1793,#1804));
#1793 = ORIENTED_EDGE('',*,*,#1794,.F.);
#1794 = EDGE_CURVE('',#1795,#1797,#1799,.T.);
#1795 = VERTEX_POINT('',#1796);
#1796 = CARTESIAN_POINT('',(1.75,0.65,0.55));
#1797 = VERTEX_POINT('',#1798);
#1798 = CARTESIAN_POINT('',(1.75,0.65,-0.75));
#1799 = CIRCLE('',#1800,0.65);
#1800 = AXIS2_PLACEMENT_3D('',#1801,#1802,#1803);
#1801 = CARTESIAN_POINT('',(1.75,0.65,-0.1));
#1802 = DIRECTION('',(0.,-1.,0.));
#1803 = DIRECTION('',(0.,0.,-1.));
#1804 = ORIENTED_EDGE('',*,*,#1805,.F.);
#1805 = EDGE_CURVE('',#1797,#1795,#1806,.T.);
#1806 = CIRCLE('',#1807,0.65);
#1807 = AXIS2_PLACEMENT_3D('',#1808,#1809,#1810);
#1808 = CARTESIAN_POINT('',(1.75,0.65,-0.1));
#1809 = DIRECTION('',(0.,-1.,0.));
#1810 = DIRECTION('',(0.,0.,-1.));
#1811 = PLANE('',#1812);
#1812 = AXIS2_PLACEMENT_3D('',#1813,#1814,#1815);
#1813 = CARTESIAN_POINT('',(-5.049476718714,0.65,1.825));
#1814 = DIRECTION('',(0.,-1.,0.));
#1815 = DIRECTION('',(0.,0.,-1.));
#1816 = ADVANCED_FACE('',(#1817),#1835,.F.);
#1817 = FACE_BOUND('',#1818,.F.);
#1818 = EDGE_LOOP('',(#1819,#1820,#1828,#1834));
#1819 = ORIENTED_EDGE('',*,*,#1282,.T.);
#1820 = ORIENTED_EDGE('',*,*,#1821,.T.);
#1821 = EDGE_CURVE('',#1283,#1822,#1824,.T.);
#1822 = VERTEX_POINT('',#1823);
#1823 = CARTESIAN_POINT('',(0.924896230895,0.65,3.5));
#1824 = LINE('',#1825,#1826);
#1825 = CARTESIAN_POINT('',(0.924896230895,0.65,-0.775));
#1826 = VECTOR('',#1827,1.);
#1827 = DIRECTION('',(0.,0.,1.));
#1828 = ORIENTED_EDGE('',*,*,#1829,.F.);
#1829 = EDGE_CURVE('',#1354,#1822,#1830,.T.);
#1830 = LINE('',#1831,#1832);
#1831 = CARTESIAN_POINT('',(0.325,0.65,3.5));
#1832 = VECTOR('',#1833,1.);
#1833 = DIRECTION('',(1.,0.,0.));
#1834 = ORIENTED_EDGE('',*,*,#1361,.T.);
#1835 = PLANE('',#1836);
#1836 = AXIS2_PLACEMENT_3D('',#1837,#1838,#1839);
#1837 = CARTESIAN_POINT('',(0.325,0.65,3.5));
#1838 = DIRECTION('',(0.,-1.,6.734174984382E-17));
#1839 = DIRECTION('',(0.,-6.734174984382E-17,-1.));
#1840 = ADVANCED_FACE('',(#1841,#1861),#1895,.F.);
#1841 = FACE_BOUND('',#1842,.T.);
#1842 = EDGE_LOOP('',(#1843,#1854));
#1843 = ORIENTED_EDGE('',*,*,#1844,.F.);
#1844 = EDGE_CURVE('',#1845,#1847,#1849,.T.);
#1845 = VERTEX_POINT('',#1846);
#1846 = CARTESIAN_POINT('',(1.75,4.75,-1.097315267718));
#1847 = VERTEX_POINT('',#1848);
#1848 = CARTESIAN_POINT('',(1.75,4.75,0.897315267718));
#1849 = CIRCLE('',#1850,0.997315267718);
#1850 = AXIS2_PLACEMENT_3D('',#1851,#1852,#1853);
#1851 = CARTESIAN_POINT('',(1.75,4.75,-0.1));
#1852 = DIRECTION('',(0.,-1.,0.));
#1853 = DIRECTION('',(0.,0.,-1.));
#1854 = ORIENTED_EDGE('',*,*,#1855,.F.);
#1855 = EDGE_CURVE('',#1847,#1845,#1856,.T.);
#1856 = CIRCLE('',#1857,0.997315267718);
#1857 = AXIS2_PLACEMENT_3D('',#1858,#1859,#1860);
#1858 = CARTESIAN_POINT('',(1.75,4.75,-0.1));
#1859 = DIRECTION('',(0.,-1.,0.));
#1860 = DIRECTION('',(0.,0.,-1.));
#1861 = FACE_BOUND('',#1862,.T.);
#1862 = EDGE_LOOP('',(#1863,#1864,#1865,#1866,#1874,#1882,#1888,#1889));
#1863 = ORIENTED_EDGE('',*,*,#1649,.T.);
#1864 = ORIENTED_EDGE('',*,*,#1672,.T.);
#1865 = ORIENTED_EDGE('',*,*,#1696,.T.);
#1866 = ORIENTED_EDGE('',*,*,#1867,.T.);
#1867 = EDGE_CURVE('',#1697,#1868,#1870,.T.);
#1868 = VERTEX_POINT('',#1869);
#1869 = CARTESIAN_POINT('',(3.175,4.75,1.994));
#1870 = LINE('',#1871,#1872);
#1871 = CARTESIAN_POINT('',(0.152576197388,4.75,2.961175616836));
#1872 = VECTOR('',#1873,1.);
#1873 = DIRECTION('',(0.952424147199,0.,-0.304775727104));
#1874 = ORIENTED_EDGE('',*,*,#1875,.T.);
#1875 = EDGE_CURVE('',#1868,#1876,#1878,.T.);
#1876 = VERTEX_POINT('',#1877);
#1877 = CARTESIAN_POINT('',(3.175,4.75,3.5));
#1878 = LINE('',#1879,#1880);
#1879 = CARTESIAN_POINT('',(3.175,4.75,3.5));
#1880 = VECTOR('',#1881,1.);
#1881 = DIRECTION('',(0.,0.,1.));
#1882 = ORIENTED_EDGE('',*,*,#1883,.F.);
#1883 = EDGE_CURVE('',#1346,#1876,#1884,.T.);
#1884 = LINE('',#1885,#1886);
#1885 = CARTESIAN_POINT('',(0.325,4.75,3.5));
#1886 = VECTOR('',#1887,1.);
#1887 = DIRECTION('',(1.,0.,0.));
#1888 = ORIENTED_EDGE('',*,*,#1343,.F.);
#1889 = ORIENTED_EDGE('',*,*,#1890,.T.);
#1890 = EDGE_CURVE('',#1344,#1642,#1891,.T.);
#1891 = LINE('',#1892,#1893);
#1892 = CARTESIAN_POINT('',(0.325,4.75,-2.94));
#1893 = VECTOR('',#1894,1.);
#1894 = DIRECTION('',(1.,0.,0.));
#1895 = PLANE('',#1896);
#1896 = AXIS2_PLACEMENT_3D('',#1897,#1898,#1899);
#1897 = CARTESIAN_POINT('',(0.325,4.75,3.5));
#1898 = DIRECTION('',(0.,1.,0.));
#1899 = DIRECTION('',(0.,0.,1.));
#1900 = ADVANCED_FACE('',(#1901),#1912,.F.);
#1901 = FACE_BOUND('',#1902,.T.);
#1902 = EDGE_LOOP('',(#1903,#1904,#1905,#1906));
#1903 = ORIENTED_EDGE('',*,*,#1641,.T.);
#1904 = ORIENTED_EDGE('',*,*,#1890,.F.);
#1905 = ORIENTED_EDGE('',*,*,#1385,.F.);
#1906 = ORIENTED_EDGE('',*,*,#1907,.T.);
#1907 = EDGE_CURVE('',#1378,#1634,#1908,.T.);
#1908 = LINE('',#1909,#1910);
#1909 = CARTESIAN_POINT('',(0.325,0.65,-2.94));
#1910 = VECTOR('',#1911,1.);
#1911 = DIRECTION('',(1.,0.,0.));
#1912 = PLANE('',#1913);
#1913 = AXIS2_PLACEMENT_3D('',#1914,#1915,#1916);
#1914 = CARTESIAN_POINT('',(0.325,4.75,-2.94));
#1915 = DIRECTION('',(0.,3.173274651177E-16,-1.));
#1916 = DIRECTION('',(0.,1.,3.173274651177E-16));
#1917 = ADVANCED_FACE('',(#1918),#1924,.F.);
#1918 = FACE_BOUND('',#1919,.F.);
#1919 = EDGE_LOOP('',(#1920,#1921,#1922,#1923));
#1920 = ORIENTED_EDGE('',*,*,#1633,.F.);
#1921 = ORIENTED_EDGE('',*,*,#1432,.F.);
#1922 = ORIENTED_EDGE('',*,*,#1377,.T.);
#1923 = ORIENTED_EDGE('',*,*,#1907,.T.);
#1924 = PLANE('',#1925);
#1925 = AXIS2_PLACEMENT_3D('',#1926,#1927,#1928);
#1926 = CARTESIAN_POINT('',(0.325,0.65,3.5));
#1927 = DIRECTION('',(0.,-1.,6.734174984382E-17));
#1928 = DIRECTION('',(0.,-6.734174984382E-17,-1.));
#1929 = ADVANCED_FACE('',(#1930),#1941,.F.);
#1930 = FACE_BOUND('',#1931,.F.);
#1931 = EDGE_LOOP('',(#1932,#1933,#1934,#1940));
#1932 = ORIENTED_EDGE('',*,*,#1409,.F.);
#1933 = ORIENTED_EDGE('',*,*,#1583,.T.);
#1934 = ORIENTED_EDGE('',*,*,#1935,.T.);
#1935 = EDGE_CURVE('',#1584,#1502,#1936,.T.);
#1936 = LINE('',#1937,#1938);
#1937 = CARTESIAN_POINT('',(2.5,4.393725624774,-2.055194940855));
#1938 = VECTOR('',#1939,1.);
#1939 = DIRECTION('',(-1.,2.465190328816E-32,0.));
#1940 = ORIENTED_EDGE('',*,*,#1509,.F.);
#1941 = CYLINDRICAL_SURFACE('',#1942,0.3);
#1942 = AXIS2_PLACEMENT_3D('',#1943,#1944,#1945);
#1943 = CARTESIAN_POINT('',(2.5,4.1,-1.994160054512));
#1944 = DIRECTION('',(-1.,2.465190328816E-32,0.));
#1945 = DIRECTION('',(0.,0.,1.));
#1946 = ADVANCED_FACE('',(#1947),#1958,.F.);
#1947 = FACE_BOUND('',#1948,.T.);
#1948 = EDGE_LOOP('',(#1949,#1950,#1956,#1957));
#1949 = ORIENTED_EDGE('',*,*,#1501,.T.);
#1950 = ORIENTED_EDGE('',*,*,#1951,.F.);
#1951 = EDGE_CURVE('',#1593,#1494,#1952,.T.);
#1952 = LINE('',#1953,#1954);
#1953 = CARTESIAN_POINT('',(2.5,4.314396099058,-2.436962089128));
#1954 = VECTOR('',#1955,1.);
#1955 = DIRECTION('',(-1.,2.465190328816E-32,0.));
#1956 = ORIENTED_EDGE('',*,*,#1592,.F.);
#1957 = ORIENTED_EDGE('',*,*,#1935,.T.);
#1958 = PLANE('',#1959);
#1959 = AXIS2_PLACEMENT_3D('',#1960,#1961,#1962);
#1960 = CARTESIAN_POINT('',(2.5,4.4,-2.025));
#1961 = DIRECTION('',(-2.465190328816E-32,0.979085415915,-0.203449621143
    ));
#1962 = DIRECTION('',(-2.465190328816E-32,0.203449621143,0.979085415915)
  );
#1963 = ADVANCED_FACE('',(#1964),#1975,.T.);
#1964 = FACE_BOUND('',#1965,.T.);
#1965 = EDGE_LOOP('',(#1966,#1967,#1973,#1974));
#1966 = ORIENTED_EDGE('',*,*,#1493,.F.);
#1967 = ORIENTED_EDGE('',*,*,#1968,.F.);
#1968 = EDGE_CURVE('',#1601,#1486,#1969,.T.);
#1969 = LINE('',#1970,#1971);
#1970 = CARTESIAN_POINT('',(2.5,4.51021318224,-2.477652013356));
#1971 = VECTOR('',#1972,1.);
#1972 = DIRECTION('',(-1.,2.465190328816E-32,0.));
#1973 = ORIENTED_EDGE('',*,*,#1600,.T.);
#1974 = ORIENTED_EDGE('',*,*,#1951,.T.);
#1975 = PLANE('',#1976);
#1976 = AXIS2_PLACEMENT_3D('',#1977,#1978,#1979);
#1977 = CARTESIAN_POINT('',(2.5,4.51021318224,-2.477652013356));
#1978 = DIRECTION('',(2.465190328816E-32,-0.203449621143,-0.979085415915
    ));
#1979 = DIRECTION('',(1.368455531567E-48,0.979085415915,-0.203449621143)
  );
#1980 = ADVANCED_FACE('',(#1981),#1992,.T.);
#1981 = FACE_BOUND('',#1982,.T.);
#1982 = EDGE_LOOP('',(#1983,#1984,#1990,#1991));
#1983 = ORIENTED_EDGE('',*,*,#1485,.F.);
#1984 = ORIENTED_EDGE('',*,*,#1985,.F.);
#1985 = EDGE_CURVE('',#1609,#1477,#1986,.T.);
#1986 = LINE('',#1987,#1988);
#1987 = CARTESIAN_POINT('',(2.5,4.589542707957,-2.095884865083));
#1988 = VECTOR('',#1989,1.);
#1989 = DIRECTION('',(-1.,2.465190328816E-32,0.));
#1990 = ORIENTED_EDGE('',*,*,#1608,.T.);
#1991 = ORIENTED_EDGE('',*,*,#1968,.T.);
#1992 = PLANE('',#1993);
#1993 = AXIS2_PLACEMENT_3D('',#1994,#1995,#1996);
#1994 = CARTESIAN_POINT('',(2.5,4.595817083183,-2.065689924229));
#1995 = DIRECTION('',(-2.465190328816E-32,0.979085415915,-0.203449621143
    ));
#1996 = DIRECTION('',(-2.465190328816E-32,0.203449621143,0.979085415915)
  );
#1997 = ADVANCED_FACE('',(#1998),#2004,.T.);
#1998 = FACE_BOUND('',#1999,.T.);
#1999 = EDGE_LOOP('',(#2000,#2001,#2002,#2003));
#2000 = ORIENTED_EDGE('',*,*,#1476,.F.);
#2001 = ORIENTED_EDGE('',*,*,#1536,.F.);
#2002 = ORIENTED_EDGE('',*,*,#1616,.T.);
#2003 = ORIENTED_EDGE('',*,*,#1985,.T.);
#2004 = CYLINDRICAL_SURFACE('',#2005,0.5);
#2005 = AXIS2_PLACEMENT_3D('',#2006,#2007,#2008);
#2006 = CARTESIAN_POINT('',(2.5,4.1,-1.994160054512));
#2007 = DIRECTION('',(-1.,2.465190328816E-32,0.));
#2008 = DIRECTION('',(0.,0.,1.));
#2009 = ADVANCED_FACE('',(#2010),#2038,.F.);
#2010 = FACE_BOUND('',#2011,.F.);
#2011 = EDGE_LOOP('',(#2012,#2013,#2014,#2021,#2030,#2037));
#2012 = ORIENTED_EDGE('',*,*,#1554,.T.);
#2013 = ORIENTED_EDGE('',*,*,#1565,.T.);
#2014 = ORIENTED_EDGE('',*,*,#2015,.T.);
#2015 = EDGE_CURVE('',#1555,#2016,#2018,.T.);
#2016 = VERTEX_POINT('',#2017);
#2017 = CARTESIAN_POINT('',(1.75,5.168199029567,-1.6));
#2018 = B_SPLINE_CURVE_WITH_KNOTS('',1,(#2019,#2020),.UNSPECIFIED.,.F.,
  .F.,(2,2),(-13.85427902053,-10.6224780501),.PIECEWISE_BEZIER_KNOTS.);
#2019 = CARTESIAN_POINT('',(1.75,8.4,-1.6));
#2020 = CARTESIAN_POINT('',(1.75,5.168199029567,-1.6));
#2021 = ORIENTED_EDGE('',*,*,#2022,.F.);
#2022 = EDGE_CURVE('',#2023,#2016,#2025,.T.);
#2023 = VERTEX_POINT('',#2024);
#2024 = CARTESIAN_POINT('',(1.75,5.168199029567,1.4));
#2025 = CIRCLE('',#2026,1.5);
#2026 = AXIS2_PLACEMENT_3D('',#2027,#2028,#2029);
#2027 = CARTESIAN_POINT('',(1.75,5.168199029567,-0.1));
#2028 = DIRECTION('',(0.,-1.,0.));
#2029 = DIRECTION('',(0.,0.,-1.));
#2030 = ORIENTED_EDGE('',*,*,#2031,.F.);
#2031 = EDGE_CURVE('',#2016,#2023,#2032,.T.);
#2032 = CIRCLE('',#2033,1.5);
#2033 = AXIS2_PLACEMENT_3D('',#2034,#2035,#2036);
#2034 = CARTESIAN_POINT('',(1.75,5.168199029567,-0.1));
#2035 = DIRECTION('',(0.,-1.,0.));
#2036 = DIRECTION('',(0.,0.,-1.));
#2037 = ORIENTED_EDGE('',*,*,#2015,.F.);
#2038 = CYLINDRICAL_SURFACE('',#2039,1.5);
#2039 = AXIS2_PLACEMENT_3D('',#2040,#2041,#2042);
#2040 = CARTESIAN_POINT('',(1.75,-5.454279020539,-0.1));
#2041 = DIRECTION('',(-0.,-1.,-0.));
#2042 = DIRECTION('',(0.,0.,-1.));
#2043 = ADVANCED_FACE('',(#2044),#2055,.T.);
#2044 = FACE_BOUND('',#2045,.T.);
#2045 = EDGE_LOOP('',(#2046,#2047,#2048,#2049));
#2046 = ORIENTED_EDGE('',*,*,#1867,.F.);
#2047 = ORIENTED_EDGE('',*,*,#1715,.F.);
#2048 = ORIENTED_EDGE('',*,*,#1730,.F.);
#2049 = ORIENTED_EDGE('',*,*,#2050,.F.);
#2050 = EDGE_CURVE('',#1868,#1731,#2051,.T.);
#2051 = LINE('',#2052,#2053);
#2052 = CARTESIAN_POINT('',(3.175,0.,1.994));
#2053 = VECTOR('',#2054,1.);
#2054 = DIRECTION('',(0.,-1.,0.));
#2055 = PLANE('',#2056);
#2056 = AXIS2_PLACEMENT_3D('',#2057,#2058,#2059);
#2057 = CARTESIAN_POINT('',(3.,-0.860416576283,2.05));
#2058 = DIRECTION('',(0.304775727104,0.,0.952424147199));
#2059 = DIRECTION('',(0.952424147199,0.,-0.304775727104));
#2060 = ADVANCED_FACE('',(#2061),#2087,.F.);
#2061 = FACE_BOUND('',#2062,.T.);
#2062 = EDGE_LOOP('',(#2063,#2071,#2072,#2073,#2081));
#2063 = ORIENTED_EDGE('',*,*,#2064,.T.);
#2064 = EDGE_CURVE('',#2065,#1747,#2067,.T.);
#2065 = VERTEX_POINT('',#2066);
#2066 = CARTESIAN_POINT('',(2.225,0.15,3.5));
#2067 = LINE('',#2068,#2069);
#2068 = CARTESIAN_POINT('',(2.225,0.15,3.5));
#2069 = VECTOR('',#2070,1.);
#2070 = DIRECTION('',(0.573576436351,0.819152044289,0.));
#2071 = ORIENTED_EDGE('',*,*,#1754,.F.);
#2072 = ORIENTED_EDGE('',*,*,#1786,.F.);
#2073 = ORIENTED_EDGE('',*,*,#2074,.F.);
#2074 = EDGE_CURVE('',#2075,#1779,#2077,.T.);
#2075 = VERTEX_POINT('',#2076);
#2076 = CARTESIAN_POINT('',(2.225,0.15,-0.775));
#2077 = LINE('',#2078,#2079);
#2078 = CARTESIAN_POINT('',(2.225,0.15,-0.775));
#2079 = VECTOR('',#2080,1.);
#2080 = DIRECTION('',(0.573576436351,0.819152044289,0.));
#2081 = ORIENTED_EDGE('',*,*,#2082,.T.);
#2082 = EDGE_CURVE('',#2075,#2065,#2083,.T.);
#2083 = LINE('',#2084,#2085);
#2084 = CARTESIAN_POINT('',(2.225,0.15,-0.775));
#2085 = VECTOR('',#2086,1.);
#2086 = DIRECTION('',(0.,0.,1.));
#2087 = PLANE('',#2088);
#2088 = AXIS2_PLACEMENT_3D('',#2089,#2090,#2091);
#2089 = CARTESIAN_POINT('',(2.225,0.15,-0.775));
#2090 = DIRECTION('',(0.819152044289,-0.573576436351,0.));
#2091 = DIRECTION('',(0.573576436351,0.819152044289,0.));
#2092 = ADVANCED_FACE('',(#2093),#2104,.F.);
#2093 = FACE_BOUND('',#2094,.T.);
#2094 = EDGE_LOOP('',(#2095,#2096,#2097,#2098));
#2095 = ORIENTED_EDGE('',*,*,#1875,.F.);
#2096 = ORIENTED_EDGE('',*,*,#2050,.T.);
#2097 = ORIENTED_EDGE('',*,*,#1738,.F.);
#2098 = ORIENTED_EDGE('',*,*,#2099,.F.);
#2099 = EDGE_CURVE('',#1876,#1739,#2100,.T.);
#2100 = LINE('',#2101,#2102);
#2101 = CARTESIAN_POINT('',(3.175,4.75,3.5));
#2102 = VECTOR('',#2103,1.);
#2103 = DIRECTION('',(0.,-1.,-1.057758217059E-16));
#2104 = PLANE('',#2105);
#2105 = AXIS2_PLACEMENT_3D('',#2106,#2107,#2108);
#2106 = CARTESIAN_POINT('',(3.175,0.,0.));
#2107 = DIRECTION('',(1.,0.,0.));
#2108 = DIRECTION('',(0.,0.,-1.));
#2109 = ADVANCED_FACE('',(#2110),#2144,.T.);
#2110 = FACE_BOUND('',#2111,.T.);
#2111 = EDGE_LOOP('',(#2112,#2120,#2121,#2122,#2130,#2138));
#2112 = ORIENTED_EDGE('',*,*,#2113,.T.);
#2113 = EDGE_CURVE('',#2114,#2075,#2116,.T.);
#2114 = VERTEX_POINT('',#2115);
#2115 = CARTESIAN_POINT('',(2.225,0.1,-0.775));
#2116 = LINE('',#2117,#2118);
#2117 = CARTESIAN_POINT('',(2.225,0.,-0.775));
#2118 = VECTOR('',#2119,1.);
#2119 = DIRECTION('',(0.,1.,0.));
#2120 = ORIENTED_EDGE('',*,*,#2074,.T.);
#2121 = ORIENTED_EDGE('',*,*,#1778,.T.);
#2122 = ORIENTED_EDGE('',*,*,#2123,.T.);
#2123 = EDGE_CURVE('',#1771,#2124,#2126,.T.);
#2124 = VERTEX_POINT('',#2125);
#2125 = CARTESIAN_POINT('',(1.275,0.15,-0.775));
#2126 = LINE('',#2127,#2128);
#2127 = CARTESIAN_POINT('',(1.275,0.15,-0.775));
#2128 = VECTOR('',#2129,1.);
#2129 = DIRECTION('',(0.573576436351,-0.819152044289,0.));
#2130 = ORIENTED_EDGE('',*,*,#2131,.T.);
#2131 = EDGE_CURVE('',#2124,#2132,#2134,.T.);
#2132 = VERTEX_POINT('',#2133);
#2133 = CARTESIAN_POINT('',(1.275,0.1,-0.775));
#2134 = LINE('',#2135,#2136);
#2135 = CARTESIAN_POINT('',(1.275,0.,-0.775));
#2136 = VECTOR('',#2137,1.);
#2137 = DIRECTION('',(-0.,-1.,-0.));
#2138 = ORIENTED_EDGE('',*,*,#2139,.F.);
#2139 = EDGE_CURVE('',#2114,#2132,#2140,.T.);
#2140 = LINE('',#2141,#2142);
#2141 = CARTESIAN_POINT('',(8.673617379884E-16,0.1,-0.775));
#2142 = VECTOR('',#2143,1.);
#2143 = DIRECTION('',(-1.,0.,0.));
#2144 = PLANE('',#2145);
#2145 = AXIS2_PLACEMENT_3D('',#2146,#2147,#2148);
#2146 = CARTESIAN_POINT('',(0.,0.,-0.775));
#2147 = DIRECTION('',(0.,0.,1.));
#2148 = DIRECTION('',(1.,0.,0.));
#2149 = ADVANCED_FACE('',(#2150),#2169,.F.);
#2150 = FACE_BOUND('',#2151,.T.);
#2151 = EDGE_LOOP('',(#2152,#2160,#2166,#2167,#2168));
#2152 = ORIENTED_EDGE('',*,*,#2153,.T.);
#2153 = EDGE_CURVE('',#1822,#2154,#2156,.T.);
#2154 = VERTEX_POINT('',#2155);
#2155 = CARTESIAN_POINT('',(1.275,0.15,3.5));
#2156 = LINE('',#2157,#2158);
#2157 = CARTESIAN_POINT('',(1.275,0.15,3.5));
#2158 = VECTOR('',#2159,1.);
#2159 = DIRECTION('',(0.573576436351,-0.819152044289,0.));
#2160 = ORIENTED_EDGE('',*,*,#2161,.F.);
#2161 = EDGE_CURVE('',#2124,#2154,#2162,.T.);
#2162 = LINE('',#2163,#2164);
#2163 = CARTESIAN_POINT('',(1.275,0.15,-0.775));
#2164 = VECTOR('',#2165,1.);
#2165 = DIRECTION('',(0.,0.,1.));
#2166 = ORIENTED_EDGE('',*,*,#2123,.F.);
#2167 = ORIENTED_EDGE('',*,*,#1770,.T.);
#2168 = ORIENTED_EDGE('',*,*,#1821,.T.);
#2169 = PLANE('',#2170);
#2170 = AXIS2_PLACEMENT_3D('',#2171,#2172,#2173);
#2171 = CARTESIAN_POINT('',(1.275,0.15,-0.775));
#2172 = DIRECTION('',(-0.819152044289,-0.573576436351,0.));
#2173 = DIRECTION('',(0.573576436351,-0.819152044289,0.));
#2174 = ADVANCED_FACE('',(#2175),#2201,.T.);
#2175 = FACE_BOUND('',#2176,.T.);
#2176 = EDGE_LOOP('',(#2177,#2185,#2194,#2200));
#2177 = ORIENTED_EDGE('',*,*,#2178,.F.);
#2178 = EDGE_CURVE('',#2179,#1797,#2181,.T.);
#2179 = VERTEX_POINT('',#2180);
#2180 = CARTESIAN_POINT('',(1.75,0.45,-0.55));
#2181 = LINE('',#2182,#2183);
#2182 = CARTESIAN_POINT('',(1.75,0.65,-0.75));
#2183 = VECTOR('',#2184,1.);
#2184 = DIRECTION('',(8.659560562355E-17,0.707106781187,-0.707106781187)
  );
#2185 = ORIENTED_EDGE('',*,*,#2186,.F.);
#2186 = EDGE_CURVE('',#2187,#2179,#2189,.T.);
#2187 = VERTEX_POINT('',#2188);
#2188 = CARTESIAN_POINT('',(1.75,0.45,0.35));
#2189 = CIRCLE('',#2190,0.45);
#2190 = AXIS2_PLACEMENT_3D('',#2191,#2192,#2193);
#2191 = CARTESIAN_POINT('',(1.75,0.45,-0.1));
#2192 = DIRECTION('',(0.,-1.,0.));
#2193 = DIRECTION('',(0.,0.,-1.));
#2194 = ORIENTED_EDGE('',*,*,#2195,.T.);
#2195 = EDGE_CURVE('',#2187,#1795,#2196,.T.);
#2196 = LINE('',#2197,#2198);
#2197 = CARTESIAN_POINT('',(1.75,0.65,0.55));
#2198 = VECTOR('',#2199,1.);
#2199 = DIRECTION('',(0.,0.707106781187,0.707106781187));
#2200 = ORIENTED_EDGE('',*,*,#1794,.T.);
#2201 = CONICAL_SURFACE('',#2202,0.65,0.785398163397);
#2202 = AXIS2_PLACEMENT_3D('',#2203,#2204,#2205);
#2203 = CARTESIAN_POINT('',(1.75,0.65,-0.1));
#2204 = DIRECTION('',(0.,1.,0.));
#2205 = DIRECTION('',(0.,0.,1.));
#2206 = ADVANCED_FACE('',(#2207),#2219,.T.);
#2207 = FACE_BOUND('',#2208,.T.);
#2208 = EDGE_LOOP('',(#2209,#2216,#2217,#2218));
#2209 = ORIENTED_EDGE('',*,*,#2210,.F.);
#2210 = EDGE_CURVE('',#2179,#2187,#2211,.T.);
#2211 = CIRCLE('',#2212,0.45);
#2212 = AXIS2_PLACEMENT_3D('',#2213,#2214,#2215);
#2213 = CARTESIAN_POINT('',(1.75,0.45,-0.1));
#2214 = DIRECTION('',(0.,-1.,0.));
#2215 = DIRECTION('',(0.,0.,-1.));
#2216 = ORIENTED_EDGE('',*,*,#2178,.T.);
#2217 = ORIENTED_EDGE('',*,*,#1805,.T.);
#2218 = ORIENTED_EDGE('',*,*,#2195,.F.);
#2219 = CONICAL_SURFACE('',#2220,0.65,0.785398163397);
#2220 = AXIS2_PLACEMENT_3D('',#2221,#2222,#2223);
#2221 = CARTESIAN_POINT('',(1.75,0.65,-0.1));
#2222 = DIRECTION('',(0.,1.,0.));
#2223 = DIRECTION('',(0.,0.,1.));
#2224 = ADVANCED_FACE('',(#2225),#2253,.F.);
#2225 = FACE_BOUND('',#2226,.F.);
#2226 = EDGE_LOOP('',(#2227,#2238,#2245,#2250,#2251,#2252));
#2227 = ORIENTED_EDGE('',*,*,#2228,.T.);
#2228 = EDGE_CURVE('',#2229,#2231,#2233,.T.);
#2229 = VERTEX_POINT('',#2230);
#2230 = CARTESIAN_POINT('',(1.75,4.948845691844,-1.097315267718));
#2231 = VERTEX_POINT('',#2232);
#2232 = CARTESIAN_POINT('',(1.75,4.948845691844,0.897315267718));
#2233 = CIRCLE('',#2234,0.997315267718);
#2234 = AXIS2_PLACEMENT_3D('',#2235,#2236,#2237);
#2235 = CARTESIAN_POINT('',(1.75,4.948845691844,-0.1));
#2236 = DIRECTION('',(0.,-1.,0.));
#2237 = DIRECTION('',(0.,0.,-1.));
#2238 = ORIENTED_EDGE('',*,*,#2239,.T.);
#2239 = EDGE_CURVE('',#2231,#2229,#2240,.T.);
#2240 = CIRCLE('',#2241,0.997315267718);
#2241 = AXIS2_PLACEMENT_3D('',#2242,#2243,#2244);
#2242 = CARTESIAN_POINT('',(1.75,4.948845691844,-0.1));
#2243 = DIRECTION('',(0.,-1.,0.));
#2244 = DIRECTION('',(0.,0.,-1.));
#2245 = ORIENTED_EDGE('',*,*,#2246,.T.);
#2246 = EDGE_CURVE('',#2229,#1845,#2247,.T.);
#2247 = B_SPLINE_CURVE_WITH_KNOTS('',1,(#2248,#2249),.UNSPECIFIED.,.F.,
  .F.,(2,2),(-10.40312471238,-10.20427902053),.PIECEWISE_BEZIER_KNOTS.);
#2248 = CARTESIAN_POINT('',(1.75,4.948845691844,-1.097315267718));
#2249 = CARTESIAN_POINT('',(1.75,4.75,-1.097315267718));
#2250 = ORIENTED_EDGE('',*,*,#1855,.F.);
#2251 = ORIENTED_EDGE('',*,*,#1844,.F.);
#2252 = ORIENTED_EDGE('',*,*,#2246,.F.);
#2253 = CYLINDRICAL_SURFACE('',#2254,0.997315267718);
#2254 = AXIS2_PLACEMENT_3D('',#2255,#2256,#2257);
#2255 = CARTESIAN_POINT('',(1.75,-5.454279020539,-0.1));
#2256 = DIRECTION('',(-0.,-1.,-0.));
#2257 = DIRECTION('',(0.,0.,-1.));
#2258 = ADVANCED_FACE('',(#2259),#2277,.F.);
#2259 = FACE_BOUND('',#2260,.T.);
#2260 = EDGE_LOOP('',(#2261,#2269,#2270,#2271));
#2261 = ORIENTED_EDGE('',*,*,#2262,.T.);
#2262 = EDGE_CURVE('',#2263,#2132,#2265,.T.);
#2263 = VERTEX_POINT('',#2264);
#2264 = CARTESIAN_POINT('',(1.275,0.1,3.5));
#2265 = LINE('',#2266,#2267);
#2266 = CARTESIAN_POINT('',(1.275,0.1,3.5));
#2267 = VECTOR('',#2268,1.);
#2268 = DIRECTION('',(0.,0.,-1.));
#2269 = ORIENTED_EDGE('',*,*,#2131,.F.);
#2270 = ORIENTED_EDGE('',*,*,#2161,.T.);
#2271 = ORIENTED_EDGE('',*,*,#2272,.T.);
#2272 = EDGE_CURVE('',#2154,#2263,#2273,.T.);
#2273 = LINE('',#2274,#2275);
#2274 = CARTESIAN_POINT('',(1.275,0.,3.5));
#2275 = VECTOR('',#2276,1.);
#2276 = DIRECTION('',(-0.,-1.,-0.));
#2277 = PLANE('',#2278);
#2278 = AXIS2_PLACEMENT_3D('',#2279,#2280,#2281);
#2279 = CARTESIAN_POINT('',(1.275,0.,-0.775));
#2280 = DIRECTION('',(-1.,0.,0.));
#2281 = DIRECTION('',(0.,0.,1.));
#2282 = ADVANCED_FACE('',(#2283),#2301,.F.);
#2283 = FACE_BOUND('',#2284,.T.);
#2284 = EDGE_LOOP('',(#2285,#2293,#2299,#2300));
#2285 = ORIENTED_EDGE('',*,*,#2286,.T.);
#2286 = EDGE_CURVE('',#2114,#2287,#2289,.T.);
#2287 = VERTEX_POINT('',#2288);
#2288 = CARTESIAN_POINT('',(2.225,0.1,3.5));
#2289 = LINE('',#2290,#2291);
#2290 = CARTESIAN_POINT('',(2.225,0.1,3.5));
#2291 = VECTOR('',#2292,1.);
#2292 = DIRECTION('',(0.,0.,1.));
#2293 = ORIENTED_EDGE('',*,*,#2294,.T.);
#2294 = EDGE_CURVE('',#2287,#2065,#2295,.T.);
#2295 = LINE('',#2296,#2297);
#2296 = CARTESIAN_POINT('',(2.225,0.,3.5));
#2297 = VECTOR('',#2298,1.);
#2298 = DIRECTION('',(0.,1.,0.));
#2299 = ORIENTED_EDGE('',*,*,#2082,.F.);
#2300 = ORIENTED_EDGE('',*,*,#2113,.F.);
#2301 = PLANE('',#2302);
#2302 = AXIS2_PLACEMENT_3D('',#2303,#2304,#2305);
#2303 = CARTESIAN_POINT('',(2.225,0.,-0.775));
#2304 = DIRECTION('',(1.,0.,0.));
#2305 = DIRECTION('',(0.,0.,-1.));
#2306 = ADVANCED_FACE('',(#2307),#2323,.F.);
#2307 = FACE_BOUND('',#2308,.F.);
#2308 = EDGE_LOOP('',(#2309,#2310,#2316,#2317));
#2309 = ORIENTED_EDGE('',*,*,#2031,.T.);
#2310 = ORIENTED_EDGE('',*,*,#2311,.F.);
#2311 = EDGE_CURVE('',#2231,#2023,#2312,.T.);
#2312 = LINE('',#2313,#2314);
#2313 = CARTESIAN_POINT('',(1.75,5.168199029567,1.4));
#2314 = VECTOR('',#2315,1.);
#2315 = DIRECTION('',(0.,0.399944456016,0.91653937837));
#2316 = ORIENTED_EDGE('',*,*,#2228,.F.);
#2317 = ORIENTED_EDGE('',*,*,#2318,.T.);
#2318 = EDGE_CURVE('',#2229,#2016,#2319,.T.);
#2319 = LINE('',#2320,#2321);
#2320 = CARTESIAN_POINT('',(1.75,5.168199029567,-1.6));
#2321 = VECTOR('',#2322,1.);
#2322 = DIRECTION('',(1.122437016013E-16,0.399944456016,-0.91653937837)
  );
#2323 = CONICAL_SURFACE('',#2324,1.5,1.159340083381);
#2324 = AXIS2_PLACEMENT_3D('',#2325,#2326,#2327);
#2325 = CARTESIAN_POINT('',(1.75,5.168199029567,-0.1));
#2326 = DIRECTION('',(0.,1.,0.));
#2327 = DIRECTION('',(0.,0.,1.));
#2328 = ADVANCED_FACE('',(#2329),#2335,.F.);
#2329 = FACE_BOUND('',#2330,.F.);
#2330 = EDGE_LOOP('',(#2331,#2332,#2333,#2334));
#2331 = ORIENTED_EDGE('',*,*,#2311,.T.);
#2332 = ORIENTED_EDGE('',*,*,#2022,.T.);
#2333 = ORIENTED_EDGE('',*,*,#2318,.F.);
#2334 = ORIENTED_EDGE('',*,*,#2239,.F.);
#2335 = CONICAL_SURFACE('',#2336,1.5,1.159340083381);
#2336 = AXIS2_PLACEMENT_3D('',#2337,#2338,#2339);
#2337 = CARTESIAN_POINT('',(1.75,5.168199029567,-0.1));
#2338 = DIRECTION('',(0.,1.,0.));
#2339 = DIRECTION('',(0.,0.,1.));
#2340 = ADVANCED_FACE('',(#2341),#2369,.T.);
#2341 = FACE_BOUND('',#2342,.T.);
#2342 = EDGE_LOOP('',(#2343,#2354,#2361,#2366,#2367,#2368));
#2343 = ORIENTED_EDGE('',*,*,#2344,.F.);
#2344 = EDGE_CURVE('',#2345,#2347,#2349,.T.);
#2345 = VERTEX_POINT('',#2346);
#2346 = CARTESIAN_POINT('',(1.75,-2.866987298108,0.35));
#2347 = VERTEX_POINT('',#2348);
#2348 = CARTESIAN_POINT('',(1.75,-2.866987298108,-0.55));
#2349 = CIRCLE('',#2350,0.45);
#2350 = AXIS2_PLACEMENT_3D('',#2351,#2352,#2353);
#2351 = CARTESIAN_POINT('',(1.75,-2.866987298108,-0.1));
#2352 = DIRECTION('',(0.,-1.,0.));
#2353 = DIRECTION('',(0.,0.,-1.));
#2354 = ORIENTED_EDGE('',*,*,#2355,.F.);
#2355 = EDGE_CURVE('',#2347,#2345,#2356,.T.);
#2356 = CIRCLE('',#2357,0.45);
#2357 = AXIS2_PLACEMENT_3D('',#2358,#2359,#2360);
#2358 = CARTESIAN_POINT('',(1.75,-2.866987298108,-0.1));
#2359 = DIRECTION('',(0.,-1.,0.));
#2360 = DIRECTION('',(0.,0.,-1.));
#2361 = ORIENTED_EDGE('',*,*,#2362,.F.);
#2362 = EDGE_CURVE('',#2179,#2347,#2363,.T.);
#2363 = B_SPLINE_CURVE_WITH_KNOTS('',1,(#2364,#2365),.UNSPECIFIED.,.F.,
  .F.,(2,2),(-5.904279020539,-2.587291722432),.PIECEWISE_BEZIER_KNOTS.);
#2364 = CARTESIAN_POINT('',(1.75,0.45,-0.55));
#2365 = CARTESIAN_POINT('',(1.75,-2.866987298108,-0.55));
#2366 = ORIENTED_EDGE('',*,*,#2210,.T.);
#2367 = ORIENTED_EDGE('',*,*,#2186,.T.);
#2368 = ORIENTED_EDGE('',*,*,#2362,.T.);
#2369 = CYLINDRICAL_SURFACE('',#2370,0.45);
#2370 = AXIS2_PLACEMENT_3D('',#2371,#2372,#2373);
#2371 = CARTESIAN_POINT('',(1.75,-5.454279020539,-0.1));
#2372 = DIRECTION('',(-0.,-1.,-0.));
#2373 = DIRECTION('',(0.,0.,-1.));
#2374 = ADVANCED_FACE('',(#2375),#2401,.T.);
#2375 = FACE_BOUND('',#2376,.T.);
#2376 = EDGE_LOOP('',(#2377,#2385,#2394,#2400));
#2377 = ORIENTED_EDGE('',*,*,#2378,.F.);
#2378 = EDGE_CURVE('',#2379,#2347,#2381,.T.);
#2379 = VERTEX_POINT('',#2380);
#2380 = CARTESIAN_POINT('',(1.75,-3.8,-0.3));
#2381 = LINE('',#2382,#2383);
#2382 = CARTESIAN_POINT('',(1.75,-2.866987298108,-0.55));
#2383 = VECTOR('',#2384,1.);
#2384 = DIRECTION('',(3.169619151432E-17,0.965925826289,-0.258819045103)
  );
#2385 = ORIENTED_EDGE('',*,*,#2386,.F.);
#2386 = EDGE_CURVE('',#2387,#2379,#2389,.T.);
#2387 = VERTEX_POINT('',#2388);
#2388 = CARTESIAN_POINT('',(1.75,-3.8,1.E-01));
#2389 = CIRCLE('',#2390,0.2);
#2390 = AXIS2_PLACEMENT_3D('',#2391,#2392,#2393);
#2391 = CARTESIAN_POINT('',(1.75,-3.8,-0.1));
#2392 = DIRECTION('',(0.,-1.,0.));
#2393 = DIRECTION('',(0.,0.,-1.));
#2394 = ORIENTED_EDGE('',*,*,#2395,.T.);
#2395 = EDGE_CURVE('',#2387,#2345,#2396,.T.);
#2396 = LINE('',#2397,#2398);
#2397 = CARTESIAN_POINT('',(1.75,-2.866987298108,0.35));
#2398 = VECTOR('',#2399,1.);
#2399 = DIRECTION('',(0.,0.965925826289,0.258819045103));
#2400 = ORIENTED_EDGE('',*,*,#2344,.T.);
#2401 = CONICAL_SURFACE('',#2402,0.45,0.261799387799);
#2402 = AXIS2_PLACEMENT_3D('',#2403,#2404,#2405);
#2403 = CARTESIAN_POINT('',(1.75,-2.866987298108,-0.1));
#2404 = DIRECTION('',(0.,1.,0.));
#2405 = DIRECTION('',(0.,0.,1.));
#2406 = ADVANCED_FACE('',(#2407),#2419,.T.);
#2407 = FACE_BOUND('',#2408,.T.);
#2408 = EDGE_LOOP('',(#2409,#2416,#2417,#2418));
#2409 = ORIENTED_EDGE('',*,*,#2410,.F.);
#2410 = EDGE_CURVE('',#2379,#2387,#2411,.T.);
#2411 = CIRCLE('',#2412,0.2);
#2412 = AXIS2_PLACEMENT_3D('',#2413,#2414,#2415);
#2413 = CARTESIAN_POINT('',(1.75,-3.8,-0.1));
#2414 = DIRECTION('',(0.,-1.,0.));
#2415 = DIRECTION('',(0.,0.,-1.));
#2416 = ORIENTED_EDGE('',*,*,#2378,.T.);
#2417 = ORIENTED_EDGE('',*,*,#2355,.T.);
#2418 = ORIENTED_EDGE('',*,*,#2395,.F.);
#2419 = CONICAL_SURFACE('',#2420,0.45,0.261799387799);
#2420 = AXIS2_PLACEMENT_3D('',#2421,#2422,#2423);
#2421 = CARTESIAN_POINT('',(1.75,-2.866987298108,-0.1));
#2422 = DIRECTION('',(0.,1.,0.));
#2423 = DIRECTION('',(0.,0.,1.));
#2424 = ADVANCED_FACE('',(#2425),#2429,.F.);
#2425 = FACE_BOUND('',#2426,.T.);
#2426 = EDGE_LOOP('',(#2427,#2428));
#2427 = ORIENTED_EDGE('',*,*,#2386,.T.);
#2428 = ORIENTED_EDGE('',*,*,#2410,.T.);
#2429 = PLANE('',#2430);
#2430 = AXIS2_PLACEMENT_3D('',#2431,#2432,#2433);
#2431 = CARTESIAN_POINT('',(1.75,-3.8,-0.1));
#2432 = DIRECTION('',(0.,1.,0.));
#2433 = DIRECTION('',(0.,0.,1.));
#2434 = ADVANCED_FACE('',(#2435),#2644,.T.);
#2435 = FACE_BOUND('',#2436,.T.);
#2436 = EDGE_LOOP('',(#2437,#2438,#2439,#2440,#2441,#2442,#2443,#2444,
    #2445,#2446,#2454,#2462,#2470,#2478,#2486,#2494,#2502,#2510,#2518,
    #2526,#2534,#2542,#2550,#2558,#2566,#2574,#2582,#2590,#2598,#2606,
    #2614,#2622,#2630,#2638));
#2437 = ORIENTED_EDGE('',*,*,#2272,.F.);
#2438 = ORIENTED_EDGE('',*,*,#2153,.F.);
#2439 = ORIENTED_EDGE('',*,*,#1829,.F.);
#2440 = ORIENTED_EDGE('',*,*,#1353,.F.);
#2441 = ORIENTED_EDGE('',*,*,#1883,.T.);
#2442 = ORIENTED_EDGE('',*,*,#2099,.T.);
#2443 = ORIENTED_EDGE('',*,*,#1746,.F.);
#2444 = ORIENTED_EDGE('',*,*,#2064,.F.);
#2445 = ORIENTED_EDGE('',*,*,#2294,.F.);
#2446 = ORIENTED_EDGE('',*,*,#2447,.T.);
#2447 = EDGE_CURVE('',#2287,#2448,#2450,.T.);
#2448 = VERTEX_POINT('',#2449);
#2449 = CARTESIAN_POINT('',(4.775,0.1,3.5));
#2450 = LINE('',#2451,#2452);
#2451 = CARTESIAN_POINT('',(8.673617379884E-16,0.1,3.5));
#2452 = VECTOR('',#2453,1.);
#2453 = DIRECTION('',(1.,0.,0.));
#2454 = ORIENTED_EDGE('',*,*,#2455,.F.);
#2455 = EDGE_CURVE('',#2456,#2448,#2458,.T.);
#2456 = VERTEX_POINT('',#2457);
#2457 = CARTESIAN_POINT('',(4.775,0.15,3.5));
#2458 = LINE('',#2459,#2460);
#2459 = CARTESIAN_POINT('',(4.775,0.,3.5));
#2460 = VECTOR('',#2461,1.);
#2461 = DIRECTION('',(-0.,-1.,-0.));
#2462 = ORIENTED_EDGE('',*,*,#2463,.F.);
#2463 = EDGE_CURVE('',#2464,#2456,#2466,.T.);
#2464 = VERTEX_POINT('',#2465);
#2465 = CARTESIAN_POINT('',(4.424896230895,0.65,3.5));
#2466 = LINE('',#2467,#2468);
#2467 = CARTESIAN_POINT('',(4.775,0.15,3.5));
#2468 = VECTOR('',#2469,1.);
#2469 = DIRECTION('',(0.573576436351,-0.819152044289,0.));
#2470 = ORIENTED_EDGE('',*,*,#2471,.F.);
#2471 = EDGE_CURVE('',#2472,#2464,#2474,.T.);
#2472 = VERTEX_POINT('',#2473);
#2473 = CARTESIAN_POINT('',(3.825,0.65,3.5));
#2474 = LINE('',#2475,#2476);
#2475 = CARTESIAN_POINT('',(3.825,0.65,3.5));
#2476 = VECTOR('',#2477,1.);
#2477 = DIRECTION('',(1.,0.,0.));
#2478 = ORIENTED_EDGE('',*,*,#2479,.F.);
#2479 = EDGE_CURVE('',#2480,#2472,#2482,.T.);
#2480 = VERTEX_POINT('',#2481);
#2481 = CARTESIAN_POINT('',(3.825,4.75,3.5));
#2482 = LINE('',#2483,#2484);
#2483 = CARTESIAN_POINT('',(3.825,4.75,3.5));
#2484 = VECTOR('',#2485,1.);
#2485 = DIRECTION('',(0.,-1.,-1.057758217059E-16));
#2486 = ORIENTED_EDGE('',*,*,#2487,.T.);
#2487 = EDGE_CURVE('',#2480,#2488,#2490,.T.);
#2488 = VERTEX_POINT('',#2489);
#2489 = CARTESIAN_POINT('',(6.675,4.75,3.5));
#2490 = LINE('',#2491,#2492);
#2491 = CARTESIAN_POINT('',(3.825,4.75,3.5));
#2492 = VECTOR('',#2493,1.);
#2493 = DIRECTION('',(1.,0.,0.));
#2494 = ORIENTED_EDGE('',*,*,#2495,.T.);
#2495 = EDGE_CURVE('',#2488,#2496,#2498,.T.);
#2496 = VERTEX_POINT('',#2497);
#2497 = CARTESIAN_POINT('',(6.675,0.65,3.5));
#2498 = LINE('',#2499,#2500);
#2499 = CARTESIAN_POINT('',(6.675,4.75,3.5));
#2500 = VECTOR('',#2501,1.);
#2501 = DIRECTION('',(0.,-1.,-1.057758217059E-16));
#2502 = ORIENTED_EDGE('',*,*,#2503,.F.);
#2503 = EDGE_CURVE('',#2504,#2496,#2506,.T.);
#2504 = VERTEX_POINT('',#2505);
#2505 = CARTESIAN_POINT('',(6.075103769105,0.65,3.5));
#2506 = LINE('',#2507,#2508);
#2507 = CARTESIAN_POINT('',(3.825,0.65,3.5));
#2508 = VECTOR('',#2509,1.);
#2509 = DIRECTION('',(1.,0.,0.));
#2510 = ORIENTED_EDGE('',*,*,#2511,.F.);
#2511 = EDGE_CURVE('',#2512,#2504,#2514,.T.);
#2512 = VERTEX_POINT('',#2513);
#2513 = CARTESIAN_POINT('',(5.725,0.15,3.5));
#2514 = LINE('',#2515,#2516);
#2515 = CARTESIAN_POINT('',(5.725,0.15,3.5));
#2516 = VECTOR('',#2517,1.);
#2517 = DIRECTION('',(0.573576436351,0.819152044289,0.));
#2518 = ORIENTED_EDGE('',*,*,#2519,.F.);
#2519 = EDGE_CURVE('',#2520,#2512,#2522,.T.);
#2520 = VERTEX_POINT('',#2521);
#2521 = CARTESIAN_POINT('',(5.725,0.1,3.5));
#2522 = LINE('',#2523,#2524);
#2523 = CARTESIAN_POINT('',(5.725,0.,3.5));
#2524 = VECTOR('',#2525,1.);
#2525 = DIRECTION('',(0.,1.,0.));
#2526 = ORIENTED_EDGE('',*,*,#2527,.T.);
#2527 = EDGE_CURVE('',#2520,#2528,#2530,.T.);
#2528 = VERTEX_POINT('',#2529);
#2529 = CARTESIAN_POINT('',(7.,0.1,3.5));
#2530 = LINE('',#2531,#2532);
#2531 = CARTESIAN_POINT('',(3.5,0.1,3.5));
#2532 = VECTOR('',#2533,1.);
#2533 = DIRECTION('',(1.,0.,0.));
#2534 = ORIENTED_EDGE('',*,*,#2535,.F.);
#2535 = EDGE_CURVE('',#2536,#2528,#2538,.T.);
#2536 = VERTEX_POINT('',#2537);
#2537 = CARTESIAN_POINT('',(7.,5.411315037257,3.5));
#2538 = LINE('',#2539,#2540);
#2539 = CARTESIAN_POINT('',(7.,5.411315037257,3.5));
#2540 = VECTOR('',#2541,1.);
#2541 = DIRECTION('',(0.,-1.,0.));
#2542 = ORIENTED_EDGE('',*,*,#2543,.F.);
#2543 = EDGE_CURVE('',#2544,#2536,#2546,.T.);
#2544 = VERTEX_POINT('',#2545);
#2545 = CARTESIAN_POINT('',(-3.5,5.411315037257,3.5));
#2546 = LINE('',#2547,#2548);
#2547 = CARTESIAN_POINT('',(3.5,5.411315037257,3.5));
#2548 = VECTOR('',#2549,1.);
#2549 = DIRECTION('',(1.,0.,0.));
#2550 = ORIENTED_EDGE('',*,*,#2551,.T.);
#2551 = EDGE_CURVE('',#2544,#2552,#2554,.T.);
#2552 = VERTEX_POINT('',#2553);
#2553 = CARTESIAN_POINT('',(-3.5,0.1,3.5));
#2554 = LINE('',#2555,#2556);
#2555 = CARTESIAN_POINT('',(-3.5,5.411315037257,3.5));
#2556 = VECTOR('',#2557,1.);
#2557 = DIRECTION('',(0.,-1.,0.));
#2558 = ORIENTED_EDGE('',*,*,#2559,.F.);
#2559 = EDGE_CURVE('',#2560,#2552,#2562,.T.);
#2560 = VERTEX_POINT('',#2561);
#2561 = CARTESIAN_POINT('',(-2.225,0.1,3.5));
#2562 = LINE('',#2563,#2564);
#2563 = CARTESIAN_POINT('',(-8.673617379884E-16,0.1,3.5));
#2564 = VECTOR('',#2565,1.);
#2565 = DIRECTION('',(-1.,0.,0.));
#2566 = ORIENTED_EDGE('',*,*,#2567,.T.);
#2567 = EDGE_CURVE('',#2560,#2568,#2570,.T.);
#2568 = VERTEX_POINT('',#2569);
#2569 = CARTESIAN_POINT('',(-2.225,0.15,3.5));
#2570 = LINE('',#2571,#2572);
#2571 = CARTESIAN_POINT('',(-2.225,0.,3.5));
#2572 = VECTOR('',#2573,1.);
#2573 = DIRECTION('',(0.,1.,0.));
#2574 = ORIENTED_EDGE('',*,*,#2575,.T.);
#2575 = EDGE_CURVE('',#2568,#2576,#2578,.T.);
#2576 = VERTEX_POINT('',#2577);
#2577 = CARTESIAN_POINT('',(-2.575103769105,0.65,3.5));
#2578 = LINE('',#2579,#2580);
#2579 = CARTESIAN_POINT('',(-2.225,0.15,3.5));
#2580 = VECTOR('',#2581,1.);
#2581 = DIRECTION('',(-0.573576436351,0.819152044289,0.));
#2582 = ORIENTED_EDGE('',*,*,#2583,.T.);
#2583 = EDGE_CURVE('',#2576,#2584,#2586,.T.);
#2584 = VERTEX_POINT('',#2585);
#2585 = CARTESIAN_POINT('',(-3.175,0.65,3.5));
#2586 = LINE('',#2587,#2588);
#2587 = CARTESIAN_POINT('',(-0.325,0.65,3.5));
#2588 = VECTOR('',#2589,1.);
#2589 = DIRECTION('',(-1.,0.,0.));
#2590 = ORIENTED_EDGE('',*,*,#2591,.F.);
#2591 = EDGE_CURVE('',#2592,#2584,#2594,.T.);
#2592 = VERTEX_POINT('',#2593);
#2593 = CARTESIAN_POINT('',(-3.175,4.75,3.5));
#2594 = LINE('',#2595,#2596);
#2595 = CARTESIAN_POINT('',(-3.175,4.75,3.5));
#2596 = VECTOR('',#2597,1.);
#2597 = DIRECTION('',(-0.,-1.,-1.057758217059E-16));
#2598 = ORIENTED_EDGE('',*,*,#2599,.F.);
#2599 = EDGE_CURVE('',#2600,#2592,#2602,.T.);
#2600 = VERTEX_POINT('',#2601);
#2601 = CARTESIAN_POINT('',(-0.325,4.75,3.5));
#2602 = LINE('',#2603,#2604);
#2603 = CARTESIAN_POINT('',(-0.325,4.75,3.5));
#2604 = VECTOR('',#2605,1.);
#2605 = DIRECTION('',(-1.,0.,0.));
#2606 = ORIENTED_EDGE('',*,*,#2607,.T.);
#2607 = EDGE_CURVE('',#2600,#2608,#2610,.T.);
#2608 = VERTEX_POINT('',#2609);
#2609 = CARTESIAN_POINT('',(-0.325,0.65,3.5));
#2610 = LINE('',#2611,#2612);
#2611 = CARTESIAN_POINT('',(-0.325,4.75,3.5));
#2612 = VECTOR('',#2613,1.);
#2613 = DIRECTION('',(-0.,-1.,-1.057758217059E-16));
#2614 = ORIENTED_EDGE('',*,*,#2615,.T.);
#2615 = EDGE_CURVE('',#2608,#2616,#2618,.T.);
#2616 = VERTEX_POINT('',#2617);
#2617 = CARTESIAN_POINT('',(-0.924896230895,0.65,3.5));
#2618 = LINE('',#2619,#2620);
#2619 = CARTESIAN_POINT('',(-0.325,0.65,3.5));
#2620 = VECTOR('',#2621,1.);
#2621 = DIRECTION('',(-1.,0.,0.));
#2622 = ORIENTED_EDGE('',*,*,#2623,.T.);
#2623 = EDGE_CURVE('',#2616,#2624,#2626,.T.);
#2624 = VERTEX_POINT('',#2625);
#2625 = CARTESIAN_POINT('',(-1.275,0.15,3.5));
#2626 = LINE('',#2627,#2628);
#2627 = CARTESIAN_POINT('',(-1.275,0.15,3.5));
#2628 = VECTOR('',#2629,1.);
#2629 = DIRECTION('',(-0.573576436351,-0.819152044289,0.));
#2630 = ORIENTED_EDGE('',*,*,#2631,.T.);
#2631 = EDGE_CURVE('',#2624,#2632,#2634,.T.);
#2632 = VERTEX_POINT('',#2633);
#2633 = CARTESIAN_POINT('',(-1.275,0.1,3.5));
#2634 = LINE('',#2635,#2636);
#2635 = CARTESIAN_POINT('',(-1.275,0.,3.5));
#2636 = VECTOR('',#2637,1.);
#2637 = DIRECTION('',(0.,-1.,0.));
#2638 = ORIENTED_EDGE('',*,*,#2639,.T.);
#2639 = EDGE_CURVE('',#2632,#2263,#2640,.T.);
#2640 = LINE('',#2641,#2642);
#2641 = CARTESIAN_POINT('',(8.673617379884E-16,0.1,3.5));
#2642 = VECTOR('',#2643,1.);
#2643 = DIRECTION('',(1.,0.,0.));
#2644 = PLANE('',#2645);
#2645 = AXIS2_PLACEMENT_3D('',#2646,#2647,#2648);
#2646 = CARTESIAN_POINT('',(1.75,2.845687072774,3.5));
#2647 = DIRECTION('',(0.,0.,1.));
#2648 = DIRECTION('',(1.,0.,-0.));
#2649 = ADVANCED_FACE('',(#2650),#2675,.F.);
#2650 = FACE_BOUND('',#2651,.T.);
#2651 = EDGE_LOOP('',(#2652,#2660,#2668,#2674));
#2652 = ORIENTED_EDGE('',*,*,#2653,.T.);
#2653 = EDGE_CURVE('',#2448,#2654,#2656,.T.);
#2654 = VERTEX_POINT('',#2655);
#2655 = CARTESIAN_POINT('',(4.775,0.1,-0.775));
#2656 = LINE('',#2657,#2658);
#2657 = CARTESIAN_POINT('',(4.775,0.1,3.5));
#2658 = VECTOR('',#2659,1.);
#2659 = DIRECTION('',(0.,0.,-1.));
#2660 = ORIENTED_EDGE('',*,*,#2661,.F.);
#2661 = EDGE_CURVE('',#2662,#2654,#2664,.T.);
#2662 = VERTEX_POINT('',#2663);
#2663 = CARTESIAN_POINT('',(4.775,0.15,-0.775));
#2664 = LINE('',#2665,#2666);
#2665 = CARTESIAN_POINT('',(4.775,0.,-0.775));
#2666 = VECTOR('',#2667,1.);
#2667 = DIRECTION('',(-0.,-1.,-0.));
#2668 = ORIENTED_EDGE('',*,*,#2669,.T.);
#2669 = EDGE_CURVE('',#2662,#2456,#2670,.T.);
#2670 = LINE('',#2671,#2672);
#2671 = CARTESIAN_POINT('',(4.775,0.15,-0.775));
#2672 = VECTOR('',#2673,1.);
#2673 = DIRECTION('',(0.,0.,1.));
#2674 = ORIENTED_EDGE('',*,*,#2455,.T.);
#2675 = PLANE('',#2676);
#2676 = AXIS2_PLACEMENT_3D('',#2677,#2678,#2679);
#2677 = CARTESIAN_POINT('',(4.775,0.,-0.775));
#2678 = DIRECTION('',(-1.,0.,0.));
#2679 = DIRECTION('',(0.,0.,1.));
#2680 = ADVANCED_FACE('',(#2681),#2707,.F.);
#2681 = FACE_BOUND('',#2682,.T.);
#2682 = EDGE_LOOP('',(#2683,#2684,#2685,#2693,#2701));
#2683 = ORIENTED_EDGE('',*,*,#2463,.T.);
#2684 = ORIENTED_EDGE('',*,*,#2669,.F.);
#2685 = ORIENTED_EDGE('',*,*,#2686,.F.);
#2686 = EDGE_CURVE('',#2687,#2662,#2689,.T.);
#2687 = VERTEX_POINT('',#2688);
#2688 = CARTESIAN_POINT('',(4.424896230895,0.65,-0.775));
#2689 = LINE('',#2690,#2691);
#2690 = CARTESIAN_POINT('',(4.775,0.15,-0.775));
#2691 = VECTOR('',#2692,1.);
#2692 = DIRECTION('',(0.573576436351,-0.819152044289,0.));
#2693 = ORIENTED_EDGE('',*,*,#2694,.T.);
#2694 = EDGE_CURVE('',#2687,#2695,#2697,.T.);
#2695 = VERTEX_POINT('',#2696);
#2696 = CARTESIAN_POINT('',(4.424896230895,0.65,1.825));
#2697 = LINE('',#2698,#2699);
#2698 = CARTESIAN_POINT('',(4.424896230895,0.65,-0.775));
#2699 = VECTOR('',#2700,1.);
#2700 = DIRECTION('',(0.,0.,1.));
#2701 = ORIENTED_EDGE('',*,*,#2702,.T.);
#2702 = EDGE_CURVE('',#2695,#2464,#2703,.T.);
#2703 = LINE('',#2704,#2705);
#2704 = CARTESIAN_POINT('',(4.424896230895,0.65,-0.775));
#2705 = VECTOR('',#2706,1.);
#2706 = DIRECTION('',(0.,0.,1.));
#2707 = PLANE('',#2708);
#2708 = AXIS2_PLACEMENT_3D('',#2709,#2710,#2711);
#2709 = CARTESIAN_POINT('',(4.775,0.15,-0.775));
#2710 = DIRECTION('',(-0.819152044289,-0.573576436351,0.));
#2711 = DIRECTION('',(0.573576436351,-0.819152044289,0.));
#2712 = ADVANCED_FACE('',(#2713),#2738,.F.);
#2713 = FACE_BOUND('',#2714,.T.);
#2714 = EDGE_LOOP('',(#2715,#2723,#2724,#2732));
#2715 = ORIENTED_EDGE('',*,*,#2716,.T.);
#2716 = EDGE_CURVE('',#2717,#2520,#2719,.T.);
#2717 = VERTEX_POINT('',#2718);
#2718 = CARTESIAN_POINT('',(5.725,0.1,-0.775));
#2719 = LINE('',#2720,#2721);
#2720 = CARTESIAN_POINT('',(5.725,0.1,3.5));
#2721 = VECTOR('',#2722,1.);
#2722 = DIRECTION('',(0.,0.,1.));
#2723 = ORIENTED_EDGE('',*,*,#2519,.T.);
#2724 = ORIENTED_EDGE('',*,*,#2725,.F.);
#2725 = EDGE_CURVE('',#2726,#2512,#2728,.T.);
#2726 = VERTEX_POINT('',#2727);
#2727 = CARTESIAN_POINT('',(5.725,0.15,-0.775));
#2728 = LINE('',#2729,#2730);
#2729 = CARTESIAN_POINT('',(5.725,0.15,-0.775));
#2730 = VECTOR('',#2731,1.);
#2731 = DIRECTION('',(0.,0.,1.));
#2732 = ORIENTED_EDGE('',*,*,#2733,.F.);
#2733 = EDGE_CURVE('',#2717,#2726,#2734,.T.);
#2734 = LINE('',#2735,#2736);
#2735 = CARTESIAN_POINT('',(5.725,0.,-0.775));
#2736 = VECTOR('',#2737,1.);
#2737 = DIRECTION('',(0.,1.,0.));
#2738 = PLANE('',#2739);
#2739 = AXIS2_PLACEMENT_3D('',#2740,#2741,#2742);
#2740 = CARTESIAN_POINT('',(5.725,0.,-0.775));
#2741 = DIRECTION('',(1.,0.,0.));
#2742 = DIRECTION('',(0.,0.,-1.));
#2743 = ADVANCED_FACE('',(#2744),#2770,.F.);
#2744 = FACE_BOUND('',#2745,.T.);
#2745 = EDGE_LOOP('',(#2746,#2747,#2755,#2763,#2769));
#2746 = ORIENTED_EDGE('',*,*,#2511,.T.);
#2747 = ORIENTED_EDGE('',*,*,#2748,.F.);
#2748 = EDGE_CURVE('',#2749,#2504,#2751,.T.);
#2749 = VERTEX_POINT('',#2750);
#2750 = CARTESIAN_POINT('',(6.075103769105,0.65,1.825));
#2751 = LINE('',#2752,#2753);
#2752 = CARTESIAN_POINT('',(6.075103769105,0.65,-0.775));
#2753 = VECTOR('',#2754,1.);
#2754 = DIRECTION('',(0.,0.,1.));
#2755 = ORIENTED_EDGE('',*,*,#2756,.F.);
#2756 = EDGE_CURVE('',#2757,#2749,#2759,.T.);
#2757 = VERTEX_POINT('',#2758);
#2758 = CARTESIAN_POINT('',(6.075103769105,0.65,-0.775));
#2759 = LINE('',#2760,#2761);
#2760 = CARTESIAN_POINT('',(6.075103769105,0.65,-0.775));
#2761 = VECTOR('',#2762,1.);
#2762 = DIRECTION('',(0.,0.,1.));
#2763 = ORIENTED_EDGE('',*,*,#2764,.F.);
#2764 = EDGE_CURVE('',#2726,#2757,#2765,.T.);
#2765 = LINE('',#2766,#2767);
#2766 = CARTESIAN_POINT('',(5.725,0.15,-0.775));
#2767 = VECTOR('',#2768,1.);
#2768 = DIRECTION('',(0.573576436351,0.819152044289,0.));
#2769 = ORIENTED_EDGE('',*,*,#2725,.T.);
#2770 = PLANE('',#2771);
#2771 = AXIS2_PLACEMENT_3D('',#2772,#2773,#2774);
#2772 = CARTESIAN_POINT('',(5.725,0.15,-0.775));
#2773 = DIRECTION('',(0.819152044289,-0.573576436351,0.));
#2774 = DIRECTION('',(0.573576436351,0.819152044289,0.));
#2775 = ADVANCED_FACE('',(#2776),#2810,.F.);
#2776 = FACE_BOUND('',#2777,.F.);
#2777 = EDGE_LOOP('',(#2778,#2788,#2796,#2802,#2803,#2804));
#2778 = ORIENTED_EDGE('',*,*,#2779,.F.);
#2779 = EDGE_CURVE('',#2780,#2782,#2784,.T.);
#2780 = VERTEX_POINT('',#2781);
#2781 = CARTESIAN_POINT('',(6.5,0.65,2.05));
#2782 = VERTEX_POINT('',#2783);
#2783 = CARTESIAN_POINT('',(6.5,0.65,1.825));
#2784 = LINE('',#2785,#2786);
#2785 = CARTESIAN_POINT('',(6.5,0.65,3.5));
#2786 = VECTOR('',#2787,1.);
#2787 = DIRECTION('',(0.,-6.734174984382E-17,-1.));
#2788 = ORIENTED_EDGE('',*,*,#2789,.F.);
#2789 = EDGE_CURVE('',#2790,#2780,#2792,.T.);
#2790 = VERTEX_POINT('',#2791);
#2791 = CARTESIAN_POINT('',(6.675,0.65,1.994));
#2792 = LINE('',#2793,#2794);
#2793 = CARTESIAN_POINT('',(3.652576197388,0.65,2.961175616836));
#2794 = VECTOR('',#2795,1.);
#2795 = DIRECTION('',(-0.952424147199,2.052413077309E-17,0.304775727104)
  );
#2796 = ORIENTED_EDGE('',*,*,#2797,.F.);
#2797 = EDGE_CURVE('',#2496,#2790,#2798,.T.);
#2798 = LINE('',#2799,#2800);
#2799 = CARTESIAN_POINT('',(6.675,0.65,3.5));
#2800 = VECTOR('',#2801,1.);
#2801 = DIRECTION('',(0.,-6.734174984382E-17,-1.));
#2802 = ORIENTED_EDGE('',*,*,#2503,.F.);
#2803 = ORIENTED_EDGE('',*,*,#2748,.F.);
#2804 = ORIENTED_EDGE('',*,*,#2805,.T.);
#2805 = EDGE_CURVE('',#2749,#2782,#2806,.T.);
#2806 = LINE('',#2807,#2808);
#2807 = CARTESIAN_POINT('',(-1.549476718714,0.65,1.825));
#2808 = VECTOR('',#2809,1.);
#2809 = DIRECTION('',(1.,0.,0.));
#2810 = PLANE('',#2811);
#2811 = AXIS2_PLACEMENT_3D('',#2812,#2813,#2814);
#2812 = CARTESIAN_POINT('',(3.825,0.65,3.5));
#2813 = DIRECTION('',(0.,-1.,6.734174984382E-17));
#2814 = DIRECTION('',(0.,-6.734174984382E-17,-1.));
#2815 = ADVANCED_FACE('',(#2816),#2834,.F.);
#2816 = FACE_BOUND('',#2817,.T.);
#2817 = EDGE_LOOP('',(#2818,#2826,#2832,#2833));
#2818 = ORIENTED_EDGE('',*,*,#2819,.F.);
#2819 = EDGE_CURVE('',#2820,#2488,#2822,.T.);
#2820 = VERTEX_POINT('',#2821);
#2821 = CARTESIAN_POINT('',(6.675,4.75,1.994));
#2822 = LINE('',#2823,#2824);
#2823 = CARTESIAN_POINT('',(6.675,4.75,3.5));
#2824 = VECTOR('',#2825,1.);
#2825 = DIRECTION('',(0.,0.,1.));
#2826 = ORIENTED_EDGE('',*,*,#2827,.T.);
#2827 = EDGE_CURVE('',#2820,#2790,#2828,.T.);
#2828 = LINE('',#2829,#2830);
#2829 = CARTESIAN_POINT('',(6.675,0.,1.994));
#2830 = VECTOR('',#2831,1.);
#2831 = DIRECTION('',(0.,-1.,0.));
#2832 = ORIENTED_EDGE('',*,*,#2797,.F.);
#2833 = ORIENTED_EDGE('',*,*,#2495,.F.);
#2834 = PLANE('',#2835);
#2835 = AXIS2_PLACEMENT_3D('',#2836,#2837,#2838);
#2836 = CARTESIAN_POINT('',(6.675,0.,0.));
#2837 = DIRECTION('',(1.,0.,0.));
#2838 = DIRECTION('',(0.,0.,-1.));
#2839 = ADVANCED_FACE('',(#2840,#2906),#2926,.F.);
#2840 = FACE_BOUND('',#2841,.F.);
#2841 = EDGE_LOOP('',(#2842,#2852,#2860,#2868,#2876,#2882,#2883,#2884,
    #2892,#2900));
#2842 = ORIENTED_EDGE('',*,*,#2843,.F.);
#2843 = EDGE_CURVE('',#2844,#2846,#2848,.T.);
#2844 = VERTEX_POINT('',#2845);
#2845 = CARTESIAN_POINT('',(6.675,4.75,-2.94));
#2846 = VERTEX_POINT('',#2847);
#2847 = CARTESIAN_POINT('',(6.675,4.75,1.286));
#2848 = LINE('',#2849,#2850);
#2849 = CARTESIAN_POINT('',(6.675,4.75,3.5));
#2850 = VECTOR('',#2851,1.);
#2851 = DIRECTION('',(0.,0.,1.));
#2852 = ORIENTED_EDGE('',*,*,#2853,.F.);
#2853 = EDGE_CURVE('',#2854,#2844,#2856,.T.);
#2854 = VERTEX_POINT('',#2855);
#2855 = CARTESIAN_POINT('',(4.,4.75,-2.94));
#2856 = LINE('',#2857,#2858);
#2857 = CARTESIAN_POINT('',(3.825,4.75,-2.94));
#2858 = VECTOR('',#2859,1.);
#2859 = DIRECTION('',(1.,0.,0.));
#2860 = ORIENTED_EDGE('',*,*,#2861,.T.);
#2861 = EDGE_CURVE('',#2854,#2862,#2864,.T.);
#2862 = VERTEX_POINT('',#2863);
#2863 = CARTESIAN_POINT('',(4.,4.75,-2.2));
#2864 = LINE('',#2865,#2866);
#2865 = CARTESIAN_POINT('',(4.,4.75,0.24));
#2866 = VECTOR('',#2867,1.);
#2867 = DIRECTION('',(-1.057758217059E-15,0.,1.));
#2868 = ORIENTED_EDGE('',*,*,#2869,.T.);
#2869 = EDGE_CURVE('',#2862,#2870,#2872,.T.);
#2870 = VERTEX_POINT('',#2871);
#2871 = CARTESIAN_POINT('',(3.825,4.75,-2.256));
#2872 = LINE('',#2873,#2874);
#2873 = CARTESIAN_POINT('',(4.747913642961,4.75,-1.960667634253));
#2874 = VECTOR('',#2875,1.);
#2875 = DIRECTION('',(-0.952424147199,0.,-0.304775727104));
#2876 = ORIENTED_EDGE('',*,*,#2877,.T.);
#2877 = EDGE_CURVE('',#2870,#2480,#2878,.T.);
#2878 = LINE('',#2879,#2880);
#2879 = CARTESIAN_POINT('',(3.825,4.75,3.5));
#2880 = VECTOR('',#2881,1.);
#2881 = DIRECTION('',(0.,0.,1.));
#2882 = ORIENTED_EDGE('',*,*,#2487,.T.);
#2883 = ORIENTED_EDGE('',*,*,#2819,.F.);
#2884 = ORIENTED_EDGE('',*,*,#2885,.F.);
#2885 = EDGE_CURVE('',#2886,#2820,#2888,.T.);
#2886 = VERTEX_POINT('',#2887);
#2887 = CARTESIAN_POINT('',(6.5,4.75,2.05));
#2888 = LINE('',#2889,#2890);
#2889 = CARTESIAN_POINT('',(3.652576197388,4.75,2.961175616836));
#2890 = VECTOR('',#2891,1.);
#2891 = DIRECTION('',(0.952424147199,0.,-0.304775727104));
#2892 = ORIENTED_EDGE('',*,*,#2893,.F.);
#2893 = EDGE_CURVE('',#2894,#2886,#2896,.T.);
#2894 = VERTEX_POINT('',#2895);
#2895 = CARTESIAN_POINT('',(6.5,4.75,1.23));
#2896 = LINE('',#2897,#2898);
#2897 = CARTESIAN_POINT('',(6.5,4.75,3.5));
#2898 = VECTOR('',#2899,1.);
#2899 = DIRECTION('',(0.,0.,1.));
#2900 = ORIENTED_EDGE('',*,*,#2901,.F.);
#2901 = EDGE_CURVE('',#2846,#2894,#2902,.T.);
#2902 = LINE('',#2903,#2904);
#2903 = CARTESIAN_POINT('',(4.73240203193,4.75,0.664368650218));
#2904 = VECTOR('',#2905,1.);
#2905 = DIRECTION('',(-0.952424147199,0.,-0.304775727104));
#2906 = FACE_BOUND('',#2907,.F.);
#2907 = EDGE_LOOP('',(#2908,#2919));
#2908 = ORIENTED_EDGE('',*,*,#2909,.T.);
#2909 = EDGE_CURVE('',#2910,#2912,#2914,.T.);
#2910 = VERTEX_POINT('',#2911);
#2911 = CARTESIAN_POINT('',(5.25,4.75,-1.097315267718));
#2912 = VERTEX_POINT('',#2913);
#2913 = CARTESIAN_POINT('',(5.25,4.75,0.897315267718));
#2914 = CIRCLE('',#2915,0.997315267718);
#2915 = AXIS2_PLACEMENT_3D('',#2916,#2917,#2918);
#2916 = CARTESIAN_POINT('',(5.25,4.75,-0.1));
#2917 = DIRECTION('',(0.,-1.,0.));
#2918 = DIRECTION('',(0.,0.,-1.));
#2919 = ORIENTED_EDGE('',*,*,#2920,.T.);
#2920 = EDGE_CURVE('',#2912,#2910,#2921,.T.);
#2921 = CIRCLE('',#2922,0.997315267718);
#2922 = AXIS2_PLACEMENT_3D('',#2923,#2924,#2925);
#2923 = CARTESIAN_POINT('',(5.25,4.75,-0.1));
#2924 = DIRECTION('',(0.,-1.,0.));
#2925 = DIRECTION('',(0.,0.,-1.));
#2926 = PLANE('',#2927);
#2927 = AXIS2_PLACEMENT_3D('',#2928,#2929,#2930);
#2928 = CARTESIAN_POINT('',(3.825,4.75,3.5));
#2929 = DIRECTION('',(0.,1.,0.));
#2930 = DIRECTION('',(0.,0.,1.));
#2931 = ADVANCED_FACE('',(#2932),#2982,.T.);
#2932 = FACE_BOUND('',#2933,.T.);
#2933 = EDGE_LOOP('',(#2934,#2942,#2943,#2944,#2952,#2960,#2968,#2976));
#2934 = ORIENTED_EDGE('',*,*,#2935,.T.);
#2935 = EDGE_CURVE('',#2936,#2870,#2938,.T.);
#2936 = VERTEX_POINT('',#2937);
#2937 = CARTESIAN_POINT('',(3.825,0.65,-2.256));
#2938 = LINE('',#2939,#2940);
#2939 = CARTESIAN_POINT('',(3.825,-0.430208288142,-2.256));
#2940 = VECTOR('',#2941,1.);
#2941 = DIRECTION('',(0.,1.,-0.));
#2942 = ORIENTED_EDGE('',*,*,#2877,.T.);
#2943 = ORIENTED_EDGE('',*,*,#2479,.T.);
#2944 = ORIENTED_EDGE('',*,*,#2945,.T.);
#2945 = EDGE_CURVE('',#2472,#2946,#2948,.T.);
#2946 = VERTEX_POINT('',#2947);
#2947 = CARTESIAN_POINT('',(3.825,0.65,1.825));
#2948 = LINE('',#2949,#2950);
#2949 = CARTESIAN_POINT('',(3.825,0.65,3.5));
#2950 = VECTOR('',#2951,1.);
#2951 = DIRECTION('',(0.,-6.734174984382E-17,-1.));
#2952 = ORIENTED_EDGE('',*,*,#2953,.T.);
#2953 = EDGE_CURVE('',#2946,#2954,#2956,.T.);
#2954 = VERTEX_POINT('',#2955);
#2955 = CARTESIAN_POINT('',(3.825,4.4,1.825));
#2956 = LINE('',#2957,#2958);
#2957 = CARTESIAN_POINT('',(3.825,0.65,1.825));
#2958 = VECTOR('',#2959,1.);
#2959 = DIRECTION('',(0.,1.,0.));
#2960 = ORIENTED_EDGE('',*,*,#2961,.T.);
#2961 = EDGE_CURVE('',#2954,#2962,#2964,.T.);
#2962 = VERTEX_POINT('',#2963);
#2963 = CARTESIAN_POINT('',(3.825,4.4,-2.025));
#2964 = LINE('',#2965,#2966);
#2965 = CARTESIAN_POINT('',(3.825,4.4,1.825));
#2966 = VECTOR('',#2967,1.);
#2967 = DIRECTION('',(0.,0.,-1.));
#2968 = ORIENTED_EDGE('',*,*,#2969,.T.);
#2969 = EDGE_CURVE('',#2962,#2970,#2972,.T.);
#2970 = VERTEX_POINT('',#2971);
#2971 = CARTESIAN_POINT('',(3.825,0.65,-2.025));
#2972 = LINE('',#2973,#2974);
#2973 = CARTESIAN_POINT('',(3.825,0.65,-2.025));
#2974 = VECTOR('',#2975,1.);
#2975 = DIRECTION('',(0.,-1.,0.));
#2976 = ORIENTED_EDGE('',*,*,#2977,.T.);
#2977 = EDGE_CURVE('',#2970,#2936,#2978,.T.);
#2978 = LINE('',#2979,#2980);
#2979 = CARTESIAN_POINT('',(3.825,0.65,3.5));
#2980 = VECTOR('',#2981,1.);
#2981 = DIRECTION('',(0.,-6.734174984382E-17,-1.));
#2982 = PLANE('',#2983);
#2983 = AXIS2_PLACEMENT_3D('',#2984,#2985,#2986);
#2984 = CARTESIAN_POINT('',(3.825,0.,0.));
#2985 = DIRECTION('',(1.,0.,0.));
#2986 = DIRECTION('',(0.,0.,-1.));
#2987 = ADVANCED_FACE('',(#2988),#2999,.F.);
#2988 = FACE_BOUND('',#2989,.F.);
#2989 = EDGE_LOOP('',(#2990,#2996,#2997,#2998));
#2990 = ORIENTED_EDGE('',*,*,#2991,.T.);
#2991 = EDGE_CURVE('',#2946,#2695,#2992,.T.);
#2992 = LINE('',#2993,#2994);
#2993 = CARTESIAN_POINT('',(-1.549476718714,0.65,1.825));
#2994 = VECTOR('',#2995,1.);
#2995 = DIRECTION('',(1.,0.,0.));
#2996 = ORIENTED_EDGE('',*,*,#2702,.T.);
#2997 = ORIENTED_EDGE('',*,*,#2471,.F.);
#2998 = ORIENTED_EDGE('',*,*,#2945,.T.);
#2999 = PLANE('',#3000);
#3000 = AXIS2_PLACEMENT_3D('',#3001,#3002,#3003);
#3001 = CARTESIAN_POINT('',(3.825,0.65,3.5));
#3002 = DIRECTION('',(0.,-1.,6.734174984382E-17));
#3003 = DIRECTION('',(0.,-6.734174984382E-17,-1.));
#3004 = ADVANCED_FACE('',(#3005),#3023,.T.);
#3005 = FACE_BOUND('',#3006,.T.);
#3006 = EDGE_LOOP('',(#3007,#3008,#3009,#3015,#3016,#3017));
#3007 = ORIENTED_EDGE('',*,*,#2733,.T.);
#3008 = ORIENTED_EDGE('',*,*,#2764,.T.);
#3009 = ORIENTED_EDGE('',*,*,#3010,.T.);
#3010 = EDGE_CURVE('',#2757,#2687,#3011,.T.);
#3011 = LINE('',#3012,#3013);
#3012 = CARTESIAN_POINT('',(6.075103769105,0.65,-0.775));
#3013 = VECTOR('',#3014,1.);
#3014 = DIRECTION('',(-1.,-1.314019173203E-16,0.));
#3015 = ORIENTED_EDGE('',*,*,#2686,.T.);
#3016 = ORIENTED_EDGE('',*,*,#2661,.T.);
#3017 = ORIENTED_EDGE('',*,*,#3018,.F.);
#3018 = EDGE_CURVE('',#2717,#2654,#3019,.T.);
#3019 = LINE('',#3020,#3021);
#3020 = CARTESIAN_POINT('',(3.5,0.1,-0.775));
#3021 = VECTOR('',#3022,1.);
#3022 = DIRECTION('',(-1.,0.,0.));
#3023 = PLANE('',#3024);
#3024 = AXIS2_PLACEMENT_3D('',#3025,#3026,#3027);
#3025 = CARTESIAN_POINT('',(3.5,0.,-0.775));
#3026 = DIRECTION('',(0.,0.,1.));
#3027 = DIRECTION('',(1.,0.,0.));
#3028 = ADVANCED_FACE('',(#3029,#3040),#3060,.T.);
#3029 = FACE_BOUND('',#3030,.T.);
#3030 = EDGE_LOOP('',(#3031,#3037,#3038,#3039));
#3031 = ORIENTED_EDGE('',*,*,#3032,.F.);
#3032 = EDGE_CURVE('',#2695,#2749,#3033,.T.);
#3033 = LINE('',#3034,#3035);
#3034 = CARTESIAN_POINT('',(-1.549476718714,0.65,1.825));
#3035 = VECTOR('',#3036,1.);
#3036 = DIRECTION('',(1.,0.,0.));
#3037 = ORIENTED_EDGE('',*,*,#2694,.F.);
#3038 = ORIENTED_EDGE('',*,*,#3010,.F.);
#3039 = ORIENTED_EDGE('',*,*,#2756,.T.);
#3040 = FACE_BOUND('',#3041,.T.);
#3041 = EDGE_LOOP('',(#3042,#3053));
#3042 = ORIENTED_EDGE('',*,*,#3043,.F.);
#3043 = EDGE_CURVE('',#3044,#3046,#3048,.T.);
#3044 = VERTEX_POINT('',#3045);
#3045 = CARTESIAN_POINT('',(5.25,0.65,0.55));
#3046 = VERTEX_POINT('',#3047);
#3047 = CARTESIAN_POINT('',(5.25,0.65,-0.75));
#3048 = CIRCLE('',#3049,0.65);
#3049 = AXIS2_PLACEMENT_3D('',#3050,#3051,#3052);
#3050 = CARTESIAN_POINT('',(5.25,0.65,-0.1));
#3051 = DIRECTION('',(0.,-1.,0.));
#3052 = DIRECTION('',(0.,0.,-1.));
#3053 = ORIENTED_EDGE('',*,*,#3054,.F.);
#3054 = EDGE_CURVE('',#3046,#3044,#3055,.T.);
#3055 = CIRCLE('',#3056,0.65);
#3056 = AXIS2_PLACEMENT_3D('',#3057,#3058,#3059);
#3057 = CARTESIAN_POINT('',(5.25,0.65,-0.1));
#3058 = DIRECTION('',(0.,-1.,0.));
#3059 = DIRECTION('',(0.,0.,-1.));
#3060 = PLANE('',#3061);
#3061 = AXIS2_PLACEMENT_3D('',#3062,#3063,#3064);
#3062 = CARTESIAN_POINT('',(-1.549476718714,0.65,1.825));
#3063 = DIRECTION('',(0.,-1.,0.));
#3064 = DIRECTION('',(0.,0.,-1.));
#3065 = ADVANCED_FACE('',(#3066),#3098,.T.);
#3066 = FACE_BOUND('',#3067,.T.);
#3067 = EDGE_LOOP('',(#3068,#3069,#3077,#3085,#3091,#3092));
#3068 = ORIENTED_EDGE('',*,*,#2893,.F.);
#3069 = ORIENTED_EDGE('',*,*,#3070,.F.);
#3070 = EDGE_CURVE('',#3071,#2894,#3073,.T.);
#3071 = VERTEX_POINT('',#3072);
#3072 = CARTESIAN_POINT('',(6.5,4.4,1.23));
#3073 = LINE('',#3074,#3075);
#3074 = CARTESIAN_POINT('',(6.5,-0.860416576283,1.23));
#3075 = VECTOR('',#3076,1.);
#3076 = DIRECTION('',(0.,1.,0.));
#3077 = ORIENTED_EDGE('',*,*,#3078,.T.);
#3078 = EDGE_CURVE('',#3071,#3079,#3081,.T.);
#3079 = VERTEX_POINT('',#3080);
#3080 = CARTESIAN_POINT('',(6.5,4.4,1.825));
#3081 = LINE('',#3082,#3083);
#3082 = CARTESIAN_POINT('',(6.5,4.4,1.5275));
#3083 = VECTOR('',#3084,1.);
#3084 = DIRECTION('',(0.,0.,1.));
#3085 = ORIENTED_EDGE('',*,*,#3086,.T.);
#3086 = EDGE_CURVE('',#3079,#2782,#3087,.T.);
#3087 = LINE('',#3088,#3089);
#3088 = CARTESIAN_POINT('',(6.5,-0.105208288142,1.825));
#3089 = VECTOR('',#3090,1.);
#3090 = DIRECTION('',(0.,-1.,0.));
#3091 = ORIENTED_EDGE('',*,*,#2779,.F.);
#3092 = ORIENTED_EDGE('',*,*,#3093,.T.);
#3093 = EDGE_CURVE('',#2780,#2886,#3094,.T.);
#3094 = LINE('',#3095,#3096);
#3095 = CARTESIAN_POINT('',(6.5,-0.860416576283,2.05));
#3096 = VECTOR('',#3097,1.);
#3097 = DIRECTION('',(0.,1.,0.));
#3098 = PLANE('',#3099);
#3099 = AXIS2_PLACEMENT_3D('',#3100,#3101,#3102);
#3100 = CARTESIAN_POINT('',(6.5,-0.860416576283,1.23));
#3101 = DIRECTION('',(-1.,0.,0.));
#3102 = DIRECTION('',(0.,0.,1.));
#3103 = ADVANCED_FACE('',(#3104,#3133),#3153,.T.);
#3104 = FACE_BOUND('',#3105,.T.);
#3105 = EDGE_LOOP('',(#3106,#3107,#3108,#3109,#3110,#3111,#3119,#3127));
#3106 = ORIENTED_EDGE('',*,*,#2953,.F.);
#3107 = ORIENTED_EDGE('',*,*,#2991,.T.);
#3108 = ORIENTED_EDGE('',*,*,#3032,.T.);
#3109 = ORIENTED_EDGE('',*,*,#2805,.T.);
#3110 = ORIENTED_EDGE('',*,*,#3086,.F.);
#3111 = ORIENTED_EDGE('',*,*,#3112,.F.);
#3112 = EDGE_CURVE('',#3113,#3079,#3115,.T.);
#3113 = VERTEX_POINT('',#3114);
#3114 = CARTESIAN_POINT('',(6.,4.4,1.825));
#3115 = LINE('',#3116,#3117);
#3116 = CARTESIAN_POINT('',(-1.549476718714,4.4,1.825));
#3117 = VECTOR('',#3118,1.);
#3118 = DIRECTION('',(1.,0.,0.));
#3119 = ORIENTED_EDGE('',*,*,#3120,.T.);
#3120 = EDGE_CURVE('',#3113,#3121,#3123,.T.);
#3121 = VERTEX_POINT('',#3122);
#3122 = CARTESIAN_POINT('',(4.5,4.4,1.825));
#3123 = LINE('',#3124,#3125);
#3124 = CARTESIAN_POINT('',(6.,4.4,1.825));
#3125 = VECTOR('',#3126,1.);
#3126 = DIRECTION('',(-1.,2.465190328816E-32,0.));
#3127 = ORIENTED_EDGE('',*,*,#3128,.F.);
#3128 = EDGE_CURVE('',#2954,#3121,#3129,.T.);
#3129 = LINE('',#3130,#3131);
#3130 = CARTESIAN_POINT('',(-1.549476718714,4.4,1.825));
#3131 = VECTOR('',#3132,1.);
#3132 = DIRECTION('',(1.,0.,0.));
#3133 = FACE_BOUND('',#3134,.T.);
#3134 = EDGE_LOOP('',(#3135,#3146));
#3135 = ORIENTED_EDGE('',*,*,#3136,.F.);
#3136 = EDGE_CURVE('',#3137,#3139,#3141,.T.);
#3137 = VERTEX_POINT('',#3138);
#3138 = CARTESIAN_POINT('',(6.25,2.220184896686,1.825));
#3139 = VERTEX_POINT('',#3140);
#3140 = CARTESIAN_POINT('',(4.25,2.220184896686,1.825));
#3141 = CIRCLE('',#3142,1.);
#3142 = AXIS2_PLACEMENT_3D('',#3143,#3144,#3145);
#3143 = CARTESIAN_POINT('',(5.25,2.220184896686,1.825));
#3144 = DIRECTION('',(0.,0.,1.));
#3145 = DIRECTION('',(1.,0.,0.));
#3146 = ORIENTED_EDGE('',*,*,#3147,.F.);
#3147 = EDGE_CURVE('',#3139,#3137,#3148,.T.);
#3148 = CIRCLE('',#3149,1.);
#3149 = AXIS2_PLACEMENT_3D('',#3150,#3151,#3152);
#3150 = CARTESIAN_POINT('',(5.25,2.220184896686,1.825));
#3151 = DIRECTION('',(0.,0.,1.));
#3152 = DIRECTION('',(1.,0.,0.));
#3153 = PLANE('',#3154);
#3154 = AXIS2_PLACEMENT_3D('',#3155,#3156,#3157);
#3155 = CARTESIAN_POINT('',(-1.549476718714,0.65,1.825));
#3156 = DIRECTION('',(0.,0.,1.));
#3157 = DIRECTION('',(1.,0.,0.));
#3158 = ADVANCED_FACE('',(#3159),#3165,.T.);
#3159 = FACE_BOUND('',#3160,.T.);
#3160 = EDGE_LOOP('',(#3161,#3162,#3163,#3164));
#3161 = ORIENTED_EDGE('',*,*,#2885,.F.);
#3162 = ORIENTED_EDGE('',*,*,#3093,.F.);
#3163 = ORIENTED_EDGE('',*,*,#2789,.F.);
#3164 = ORIENTED_EDGE('',*,*,#2827,.F.);
#3165 = PLANE('',#3166);
#3166 = AXIS2_PLACEMENT_3D('',#3167,#3168,#3169);
#3167 = CARTESIAN_POINT('',(6.5,-0.860416576283,2.05));
#3168 = DIRECTION('',(0.304775727104,0.,0.952424147199));
#3169 = DIRECTION('',(0.952424147199,0.,-0.304775727104));
#3170 = ADVANCED_FACE('',(#3171),#3212,.F.);
#3171 = FACE_BOUND('',#3172,.F.);
#3172 = EDGE_LOOP('',(#3173,#3183,#3191,#3197,#3198,#3206));
#3173 = ORIENTED_EDGE('',*,*,#3174,.F.);
#3174 = EDGE_CURVE('',#3175,#3177,#3179,.T.);
#3175 = VERTEX_POINT('',#3176);
#3176 = CARTESIAN_POINT('',(6.675,0.65,-2.025));
#3177 = VERTEX_POINT('',#3178);
#3178 = CARTESIAN_POINT('',(6.675,4.4,-2.025));
#3179 = LINE('',#3180,#3181);
#3180 = CARTESIAN_POINT('',(6.675,0.65,-2.025));
#3181 = VECTOR('',#3182,1.);
#3182 = DIRECTION('',(0.,1.,0.));
#3183 = ORIENTED_EDGE('',*,*,#3184,.T.);
#3184 = EDGE_CURVE('',#3175,#3185,#3187,.T.);
#3185 = VERTEX_POINT('',#3186);
#3186 = CARTESIAN_POINT('',(6.675,0.65,-2.94));
#3187 = LINE('',#3188,#3189);
#3188 = CARTESIAN_POINT('',(6.675,0.65,3.5));
#3189 = VECTOR('',#3190,1.);
#3190 = DIRECTION('',(0.,-6.734174984382E-17,-1.));
#3191 = ORIENTED_EDGE('',*,*,#3192,.T.);
#3192 = EDGE_CURVE('',#3185,#2844,#3193,.T.);
#3193 = LINE('',#3194,#3195);
#3194 = CARTESIAN_POINT('',(6.675,4.75,-2.94));
#3195 = VECTOR('',#3196,1.);
#3196 = DIRECTION('',(0.,1.,3.173274651177E-16));
#3197 = ORIENTED_EDGE('',*,*,#2843,.T.);
#3198 = ORIENTED_EDGE('',*,*,#3199,.F.);
#3199 = EDGE_CURVE('',#3200,#2846,#3202,.T.);
#3200 = VERTEX_POINT('',#3201);
#3201 = CARTESIAN_POINT('',(6.675,4.4,1.286));
#3202 = LINE('',#3203,#3204);
#3203 = CARTESIAN_POINT('',(6.675,0.,1.286));
#3204 = VECTOR('',#3205,1.);
#3205 = DIRECTION('',(0.,1.,0.));
#3206 = ORIENTED_EDGE('',*,*,#3207,.F.);
#3207 = EDGE_CURVE('',#3177,#3200,#3208,.T.);
#3208 = LINE('',#3209,#3210);
#3209 = CARTESIAN_POINT('',(6.675,4.4,1.825));
#3210 = VECTOR('',#3211,1.);
#3211 = DIRECTION('',(0.,0.,1.));
#3212 = PLANE('',#3213);
#3213 = AXIS2_PLACEMENT_3D('',#3214,#3215,#3216);
#3214 = CARTESIAN_POINT('',(6.675,0.,0.));
#3215 = DIRECTION('',(1.,0.,0.));
#3216 = DIRECTION('',(0.,0.,-1.));
#3217 = ADVANCED_FACE('',(#3218),#3229,.T.);
#3218 = FACE_BOUND('',#3219,.T.);
#3219 = EDGE_LOOP('',(#3220,#3221,#3222,#3228));
#3220 = ORIENTED_EDGE('',*,*,#2901,.F.);
#3221 = ORIENTED_EDGE('',*,*,#3199,.F.);
#3222 = ORIENTED_EDGE('',*,*,#3223,.T.);
#3223 = EDGE_CURVE('',#3200,#3071,#3224,.T.);
#3224 = LINE('',#3225,#3226);
#3225 = CARTESIAN_POINT('',(3.185469557913,4.4,0.169350258532));
#3226 = VECTOR('',#3227,1.);
#3227 = DIRECTION('',(-0.952424147199,0.,-0.304775727104));
#3228 = ORIENTED_EDGE('',*,*,#3070,.T.);
#3229 = PLANE('',#3230);
#3230 = AXIS2_PLACEMENT_3D('',#3231,#3232,#3233);
#3231 = CARTESIAN_POINT('',(7.,-0.860416576283,1.39));
#3232 = DIRECTION('',(0.304775727104,0.,-0.952424147199));
#3233 = DIRECTION('',(-0.952424147199,0.,-0.304775727104));
#3234 = ADVANCED_FACE('',(#3235),#3253,.T.);
#3235 = FACE_BOUND('',#3236,.T.);
#3236 = EDGE_LOOP('',(#3237,#3245,#3251,#3252));
#3237 = ORIENTED_EDGE('',*,*,#3238,.T.);
#3238 = EDGE_CURVE('',#2936,#3239,#3241,.T.);
#3239 = VERTEX_POINT('',#3240);
#3240 = CARTESIAN_POINT('',(4.,0.65,-2.2));
#3241 = LINE('',#3242,#3243);
#3242 = CARTESIAN_POINT('',(4.747913642961,0.65,-1.960667634253));
#3243 = VECTOR('',#3244,1.);
#3244 = DIRECTION('',(0.952424147199,2.052413077309E-17,0.304775727104)
  );
#3245 = ORIENTED_EDGE('',*,*,#3246,.T.);
#3246 = EDGE_CURVE('',#3239,#2862,#3247,.T.);
#3247 = LINE('',#3248,#3249);
#3248 = CARTESIAN_POINT('',(4.,-0.860416576283,-2.2));
#3249 = VECTOR('',#3250,1.);
#3250 = DIRECTION('',(0.,1.,0.));
#3251 = ORIENTED_EDGE('',*,*,#2869,.T.);
#3252 = ORIENTED_EDGE('',*,*,#2935,.F.);
#3253 = PLANE('',#3254);
#3254 = AXIS2_PLACEMENT_3D('',#3255,#3256,#3257);
#3255 = CARTESIAN_POINT('',(4.,-0.860416576283,-2.2));
#3256 = DIRECTION('',(-0.304775727104,0.,0.952424147199));
#3257 = DIRECTION('',(0.952424147199,0.,0.304775727104));
#3258 = ADVANCED_FACE('',(#3259),#3277,.T.);
#3259 = FACE_BOUND('',#3260,.T.);
#3260 = EDGE_LOOP('',(#3261,#3262,#3270,#3276));
#3261 = ORIENTED_EDGE('',*,*,#3246,.F.);
#3262 = ORIENTED_EDGE('',*,*,#3263,.T.);
#3263 = EDGE_CURVE('',#3239,#3264,#3266,.T.);
#3264 = VERTEX_POINT('',#3265);
#3265 = CARTESIAN_POINT('',(4.,0.65,-2.94));
#3266 = LINE('',#3267,#3268);
#3267 = CARTESIAN_POINT('',(4.,0.65,0.24));
#3268 = VECTOR('',#3269,1.);
#3269 = DIRECTION('',(1.057758217059E-15,-6.734174984382E-17,-1.));
#3270 = ORIENTED_EDGE('',*,*,#3271,.T.);
#3271 = EDGE_CURVE('',#3264,#2854,#3272,.T.);
#3272 = LINE('',#3273,#3274);
#3273 = CARTESIAN_POINT('',(4.,1.944791711858,-2.94));
#3274 = VECTOR('',#3275,1.);
#3275 = DIRECTION('',(-3.356557337268E-31,1.,3.173274651177E-16));
#3276 = ORIENTED_EDGE('',*,*,#2861,.T.);
#3277 = PLANE('',#3278);
#3278 = AXIS2_PLACEMENT_3D('',#3279,#3280,#3281);
#3279 = CARTESIAN_POINT('',(4.,-0.860416576283,-3.02));
#3280 = DIRECTION('',(1.,0.,1.057758217059E-15));
#3281 = DIRECTION('',(1.057758217059E-15,0.,-1.));
#3282 = ADVANCED_FACE('',(#3283),#3294,.F.);
#3283 = FACE_BOUND('',#3284,.F.);
#3284 = EDGE_LOOP('',(#3285,#3286,#3292,#3293));
#3285 = ORIENTED_EDGE('',*,*,#3192,.F.);
#3286 = ORIENTED_EDGE('',*,*,#3287,.F.);
#3287 = EDGE_CURVE('',#3264,#3185,#3288,.T.);
#3288 = LINE('',#3289,#3290);
#3289 = CARTESIAN_POINT('',(3.825,0.65,-2.94));
#3290 = VECTOR('',#3291,1.);
#3291 = DIRECTION('',(1.,0.,0.));
#3292 = ORIENTED_EDGE('',*,*,#3271,.T.);
#3293 = ORIENTED_EDGE('',*,*,#2853,.T.);
#3294 = PLANE('',#3295);
#3295 = AXIS2_PLACEMENT_3D('',#3296,#3297,#3298);
#3296 = CARTESIAN_POINT('',(3.825,4.75,-2.94));
#3297 = DIRECTION('',(0.,3.173274651177E-16,-1.));
#3298 = DIRECTION('',(0.,1.,3.173274651177E-16));
#3299 = ADVANCED_FACE('',(#3300),#3328,.F.);
#3300 = FACE_BOUND('',#3301,.F.);
#3301 = EDGE_LOOP('',(#3302,#3313,#3318,#3319,#3320,#3321));
#3302 = ORIENTED_EDGE('',*,*,#3303,.T.);
#3303 = EDGE_CURVE('',#3304,#3306,#3308,.T.);
#3304 = VERTEX_POINT('',#3305);
#3305 = CARTESIAN_POINT('',(5.25,4.948845691844,0.897315267718));
#3306 = VERTEX_POINT('',#3307);
#3307 = CARTESIAN_POINT('',(5.25,4.948845691844,-1.097315267718));
#3308 = CIRCLE('',#3309,0.997315267718);
#3309 = AXIS2_PLACEMENT_3D('',#3310,#3311,#3312);
#3310 = CARTESIAN_POINT('',(5.25,4.948845691844,-0.1));
#3311 = DIRECTION('',(0.,-1.,0.));
#3312 = DIRECTION('',(0.,0.,-1.));
#3313 = ORIENTED_EDGE('',*,*,#3314,.T.);
#3314 = EDGE_CURVE('',#3306,#2910,#3315,.T.);
#3315 = B_SPLINE_CURVE_WITH_KNOTS('',1,(#3316,#3317),.UNSPECIFIED.,.F.,
  .F.,(2,2),(-10.40312471238,-10.20427902053),.PIECEWISE_BEZIER_KNOTS.);
#3316 = CARTESIAN_POINT('',(5.25,4.948845691844,-1.097315267718));
#3317 = CARTESIAN_POINT('',(5.25,4.75,-1.097315267718));
#3318 = ORIENTED_EDGE('',*,*,#2920,.F.);
#3319 = ORIENTED_EDGE('',*,*,#2909,.F.);
#3320 = ORIENTED_EDGE('',*,*,#3314,.F.);
#3321 = ORIENTED_EDGE('',*,*,#3322,.T.);
#3322 = EDGE_CURVE('',#3306,#3304,#3323,.T.);
#3323 = CIRCLE('',#3324,0.997315267718);
#3324 = AXIS2_PLACEMENT_3D('',#3325,#3326,#3327);
#3325 = CARTESIAN_POINT('',(5.25,4.948845691844,-0.1));
#3326 = DIRECTION('',(0.,-1.,0.));
#3327 = DIRECTION('',(0.,0.,-1.));
#3328 = CYLINDRICAL_SURFACE('',#3329,0.997315267718);
#3329 = AXIS2_PLACEMENT_3D('',#3330,#3331,#3332);
#3330 = CARTESIAN_POINT('',(5.25,-5.454279020539,-0.1));
#3331 = DIRECTION('',(-0.,-1.,-0.));
#3332 = DIRECTION('',(0.,0.,-1.));
#3333 = ADVANCED_FACE('',(#3334),#3347,.F.);
#3334 = FACE_BOUND('',#3335,.F.);
#3335 = EDGE_LOOP('',(#3336,#3337,#3343,#3344,#3345,#3346));
#3336 = ORIENTED_EDGE('',*,*,#3184,.F.);
#3337 = ORIENTED_EDGE('',*,*,#3338,.F.);
#3338 = EDGE_CURVE('',#2970,#3175,#3339,.T.);
#3339 = LINE('',#3340,#3341);
#3340 = CARTESIAN_POINT('',(-1.549476718714,0.65,-2.025));
#3341 = VECTOR('',#3342,1.);
#3342 = DIRECTION('',(1.,0.,0.));
#3343 = ORIENTED_EDGE('',*,*,#2977,.T.);
#3344 = ORIENTED_EDGE('',*,*,#3238,.T.);
#3345 = ORIENTED_EDGE('',*,*,#3263,.T.);
#3346 = ORIENTED_EDGE('',*,*,#3287,.T.);
#3347 = PLANE('',#3348);
#3348 = AXIS2_PLACEMENT_3D('',#3349,#3350,#3351);
#3349 = CARTESIAN_POINT('',(3.825,0.65,3.5));
#3350 = DIRECTION('',(0.,-1.,6.734174984382E-17));
#3351 = DIRECTION('',(0.,-6.734174984382E-17,-1.));
#3352 = ADVANCED_FACE('',(#3353,#3396),#3416,.T.);
#3353 = FACE_BOUND('',#3354,.T.);
#3354 = EDGE_LOOP('',(#3355,#3356,#3364,#3372,#3380,#3388,#3394,#3395));
#3355 = ORIENTED_EDGE('',*,*,#2969,.F.);
#3356 = ORIENTED_EDGE('',*,*,#3357,.T.);
#3357 = EDGE_CURVE('',#2962,#3358,#3360,.T.);
#3358 = VERTEX_POINT('',#3359);
#3359 = CARTESIAN_POINT('',(4.5,4.4,-2.025));
#3360 = LINE('',#3361,#3362);
#3361 = CARTESIAN_POINT('',(-1.549476718714,4.4,-2.025));
#3362 = VECTOR('',#3363,1.);
#3363 = DIRECTION('',(1.,0.,0.));
#3364 = ORIENTED_EDGE('',*,*,#3365,.T.);
#3365 = EDGE_CURVE('',#3358,#3366,#3368,.T.);
#3366 = VERTEX_POINT('',#3367);
#3367 = CARTESIAN_POINT('',(4.5,4.398410619386,-2.025));
#3368 = LINE('',#3369,#3370);
#3369 = CARTESIAN_POINT('',(4.5,2.561840845185,-2.025));
#3370 = VECTOR('',#3371,1.);
#3371 = DIRECTION('',(0.,-1.,0.));
#3372 = ORIENTED_EDGE('',*,*,#3373,.F.);
#3373 = EDGE_CURVE('',#3374,#3366,#3376,.T.);
#3374 = VERTEX_POINT('',#3375);
#3375 = CARTESIAN_POINT('',(6.,4.398410619386,-2.025));
#3376 = LINE('',#3377,#3378);
#3377 = CARTESIAN_POINT('',(6.,4.398410619386,-2.025));
#3378 = VECTOR('',#3379,1.);
#3379 = DIRECTION('',(-1.,2.465190328816E-32,0.));
#3380 = ORIENTED_EDGE('',*,*,#3381,.T.);
#3381 = EDGE_CURVE('',#3374,#3382,#3384,.T.);
#3382 = VERTEX_POINT('',#3383);
#3383 = CARTESIAN_POINT('',(6.,4.4,-2.025));
#3384 = LINE('',#3385,#3386);
#3385 = CARTESIAN_POINT('',(6.,2.561840845185,-2.025));
#3386 = VECTOR('',#3387,1.);
#3387 = DIRECTION('',(0.,1.,0.));
#3388 = ORIENTED_EDGE('',*,*,#3389,.T.);
#3389 = EDGE_CURVE('',#3382,#3177,#3390,.T.);
#3390 = LINE('',#3391,#3392);
#3391 = CARTESIAN_POINT('',(-1.549476718714,4.4,-2.025));
#3392 = VECTOR('',#3393,1.);
#3393 = DIRECTION('',(1.,0.,0.));
#3394 = ORIENTED_EDGE('',*,*,#3174,.F.);
#3395 = ORIENTED_EDGE('',*,*,#3338,.F.);
#3396 = FACE_BOUND('',#3397,.T.);
#3397 = EDGE_LOOP('',(#3398,#3409));
#3398 = ORIENTED_EDGE('',*,*,#3399,.F.);
#3399 = EDGE_CURVE('',#3400,#3402,#3404,.T.);
#3400 = VERTEX_POINT('',#3401);
#3401 = CARTESIAN_POINT('',(6.25,2.220184896686,-2.025));
#3402 = VERTEX_POINT('',#3403);
#3403 = CARTESIAN_POINT('',(4.25,2.220184896686,-2.025));
#3404 = CIRCLE('',#3405,1.);
#3405 = AXIS2_PLACEMENT_3D('',#3406,#3407,#3408);
#3406 = CARTESIAN_POINT('',(5.25,2.220184896686,-2.025));
#3407 = DIRECTION('',(0.,0.,-1.));
#3408 = DIRECTION('',(-1.,0.,0.));
#3409 = ORIENTED_EDGE('',*,*,#3410,.F.);
#3410 = EDGE_CURVE('',#3402,#3400,#3411,.T.);
#3411 = CIRCLE('',#3412,1.);
#3412 = AXIS2_PLACEMENT_3D('',#3413,#3414,#3415);
#3413 = CARTESIAN_POINT('',(5.25,2.220184896686,-2.025));
#3414 = DIRECTION('',(0.,0.,-1.));
#3415 = DIRECTION('',(-1.,0.,0.));
#3416 = PLANE('',#3417);
#3417 = AXIS2_PLACEMENT_3D('',#3418,#3419,#3420);
#3418 = CARTESIAN_POINT('',(-1.549476718714,0.65,-2.025));
#3419 = DIRECTION('',(0.,0.,-1.));
#3420 = DIRECTION('',(-1.,0.,0.));
#3421 = ADVANCED_FACE('',(#3422),#3450,.T.);
#3422 = FACE_BOUND('',#3423,.T.);
#3423 = EDGE_LOOP('',(#3424,#3435,#3441,#3442,#3443,#3444));
#3424 = ORIENTED_EDGE('',*,*,#3425,.T.);
#3425 = EDGE_CURVE('',#3426,#3428,#3430,.T.);
#3426 = VERTEX_POINT('',#3427);
#3427 = CARTESIAN_POINT('',(4.5,4.4,0.53830165435));
#3428 = VERTEX_POINT('',#3429);
#3429 = CARTESIAN_POINT('',(4.5,4.4,-0.73830165435));
#3430 = CIRCLE('',#3431,0.984849735719);
#3431 = AXIS2_PLACEMENT_3D('',#3432,#3433,#3434);
#3432 = CARTESIAN_POINT('',(5.25,4.4,-0.1));
#3433 = DIRECTION('',(0.,-1.,0.));
#3434 = DIRECTION('',(0.,0.,-1.));
#3435 = ORIENTED_EDGE('',*,*,#3436,.T.);
#3436 = EDGE_CURVE('',#3428,#3358,#3437,.T.);
#3437 = LINE('',#3438,#3439);
#3438 = CARTESIAN_POINT('',(4.5,4.4,1.825));
#3439 = VECTOR('',#3440,1.);
#3440 = DIRECTION('',(6.162975822039E-33,-7.035130394291E-33,-1.));
#3441 = ORIENTED_EDGE('',*,*,#3357,.F.);
#3442 = ORIENTED_EDGE('',*,*,#2961,.F.);
#3443 = ORIENTED_EDGE('',*,*,#3128,.T.);
#3444 = ORIENTED_EDGE('',*,*,#3445,.T.);
#3445 = EDGE_CURVE('',#3121,#3426,#3446,.T.);
#3446 = LINE('',#3447,#3448);
#3447 = CARTESIAN_POINT('',(4.5,4.4,1.825));
#3448 = VECTOR('',#3449,1.);
#3449 = DIRECTION('',(6.162975822039E-33,-7.035130394291E-33,-1.));
#3450 = PLANE('',#3451);
#3451 = AXIS2_PLACEMENT_3D('',#3452,#3453,#3454);
#3452 = CARTESIAN_POINT('',(-1.549476718714,4.4,1.825));
#3453 = DIRECTION('',(0.,1.,0.));
#3454 = DIRECTION('',(0.,0.,1.));
#3455 = ADVANCED_FACE('',(#3456),#3482,.T.);
#3456 = FACE_BOUND('',#3457,.T.);
#3457 = EDGE_LOOP('',(#3458,#3466,#3475,#3481));
#3458 = ORIENTED_EDGE('',*,*,#3459,.F.);
#3459 = EDGE_CURVE('',#3460,#3046,#3462,.T.);
#3460 = VERTEX_POINT('',#3461);
#3461 = CARTESIAN_POINT('',(5.25,0.45,-0.55));
#3462 = LINE('',#3463,#3464);
#3463 = CARTESIAN_POINT('',(5.25,0.65,-0.75));
#3464 = VECTOR('',#3465,1.);
#3465 = DIRECTION('',(8.659560562355E-17,0.707106781187,-0.707106781187)
  );
#3466 = ORIENTED_EDGE('',*,*,#3467,.F.);
#3467 = EDGE_CURVE('',#3468,#3460,#3470,.T.);
#3468 = VERTEX_POINT('',#3469);
#3469 = CARTESIAN_POINT('',(5.25,0.45,0.35));
#3470 = CIRCLE('',#3471,0.45);
#3471 = AXIS2_PLACEMENT_3D('',#3472,#3473,#3474);
#3472 = CARTESIAN_POINT('',(5.25,0.45,-0.1));
#3473 = DIRECTION('',(0.,-1.,0.));
#3474 = DIRECTION('',(0.,0.,-1.));
#3475 = ORIENTED_EDGE('',*,*,#3476,.T.);
#3476 = EDGE_CURVE('',#3468,#3044,#3477,.T.);
#3477 = LINE('',#3478,#3479);
#3478 = CARTESIAN_POINT('',(5.25,0.65,0.55));
#3479 = VECTOR('',#3480,1.);
#3480 = DIRECTION('',(0.,0.707106781187,0.707106781187));
#3481 = ORIENTED_EDGE('',*,*,#3043,.T.);
#3482 = CONICAL_SURFACE('',#3483,0.65,0.785398163397);
#3483 = AXIS2_PLACEMENT_3D('',#3484,#3485,#3486);
#3484 = CARTESIAN_POINT('',(5.25,0.65,-0.1));
#3485 = DIRECTION('',(0.,1.,0.));
#3486 = DIRECTION('',(0.,0.,1.));
#3487 = ADVANCED_FACE('',(#3488),#3500,.T.);
#3488 = FACE_BOUND('',#3489,.T.);
#3489 = EDGE_LOOP('',(#3490,#3497,#3498,#3499));
#3490 = ORIENTED_EDGE('',*,*,#3491,.F.);
#3491 = EDGE_CURVE('',#3460,#3468,#3492,.T.);
#3492 = CIRCLE('',#3493,0.45);
#3493 = AXIS2_PLACEMENT_3D('',#3494,#3495,#3496);
#3494 = CARTESIAN_POINT('',(5.25,0.45,-0.1));
#3495 = DIRECTION('',(0.,-1.,0.));
#3496 = DIRECTION('',(0.,0.,-1.));
#3497 = ORIENTED_EDGE('',*,*,#3459,.T.);
#3498 = ORIENTED_EDGE('',*,*,#3054,.T.);
#3499 = ORIENTED_EDGE('',*,*,#3476,.F.);
#3500 = CONICAL_SURFACE('',#3501,0.65,0.785398163397);
#3501 = AXIS2_PLACEMENT_3D('',#3502,#3503,#3504);
#3502 = CARTESIAN_POINT('',(5.25,0.65,-0.1));
#3503 = DIRECTION('',(0.,1.,0.));
#3504 = DIRECTION('',(0.,0.,1.));
#3505 = ADVANCED_FACE('',(#3506),#3536,.T.);
#3506 = FACE_BOUND('',#3507,.T.);
#3507 = EDGE_LOOP('',(#3508,#3516,#3525,#3531,#3532,#3533,#3534,#3535));
#3508 = ORIENTED_EDGE('',*,*,#3509,.T.);
#3509 = EDGE_CURVE('',#3382,#3510,#3512,.T.);
#3510 = VERTEX_POINT('',#3511);
#3511 = CARTESIAN_POINT('',(6.,4.4,-0.73830165435));
#3512 = LINE('',#3513,#3514);
#3513 = CARTESIAN_POINT('',(6.,4.4,0.86992051968));
#3514 = VECTOR('',#3515,1.);
#3515 = DIRECTION('',(0.,0.,1.));
#3516 = ORIENTED_EDGE('',*,*,#3517,.T.);
#3517 = EDGE_CURVE('',#3510,#3518,#3520,.T.);
#3518 = VERTEX_POINT('',#3519);
#3519 = CARTESIAN_POINT('',(6.,4.4,0.53830165435));
#3520 = CIRCLE('',#3521,0.984849735719);
#3521 = AXIS2_PLACEMENT_3D('',#3522,#3523,#3524);
#3522 = CARTESIAN_POINT('',(5.25,4.4,-0.1));
#3523 = DIRECTION('',(0.,-1.,0.));
#3524 = DIRECTION('',(0.,0.,-1.));
#3525 = ORIENTED_EDGE('',*,*,#3526,.F.);
#3526 = EDGE_CURVE('',#3113,#3518,#3527,.T.);
#3527 = LINE('',#3528,#3529);
#3528 = CARTESIAN_POINT('',(6.,4.4,1.825));
#3529 = VECTOR('',#3530,1.);
#3530 = DIRECTION('',(6.162975822039E-33,-7.035130394291E-33,-1.));
#3531 = ORIENTED_EDGE('',*,*,#3112,.T.);
#3532 = ORIENTED_EDGE('',*,*,#3078,.F.);
#3533 = ORIENTED_EDGE('',*,*,#3223,.F.);
#3534 = ORIENTED_EDGE('',*,*,#3207,.F.);
#3535 = ORIENTED_EDGE('',*,*,#3389,.F.);
#3536 = PLANE('',#3537);
#3537 = AXIS2_PLACEMENT_3D('',#3538,#3539,#3540);
#3538 = CARTESIAN_POINT('',(-1.549476718714,4.4,1.825));
#3539 = DIRECTION('',(0.,1.,0.));
#3540 = DIRECTION('',(0.,0.,1.));
#3541 = ADVANCED_FACE('',(#3542),#3569,.F.);
#3542 = FACE_BOUND('',#3543,.F.);
#3543 = EDGE_LOOP('',(#3544,#3554,#3561,#3562));
#3544 = ORIENTED_EDGE('',*,*,#3545,.F.);
#3545 = EDGE_CURVE('',#3546,#3548,#3550,.T.);
#3546 = VERTEX_POINT('',#3547);
#3547 = CARTESIAN_POINT('',(6.,4.311674896858,1.924316145633));
#3548 = VERTEX_POINT('',#3549);
#3549 = CARTESIAN_POINT('',(4.5,4.311674896858,1.924316145633));
#3550 = LINE('',#3551,#3552);
#3551 = CARTESIAN_POINT('',(6.,4.311674896858,1.924316145633));
#3552 = VECTOR('',#3553,1.);
#3553 = DIRECTION('',(-1.,2.465190328816E-32,0.));
#3554 = ORIENTED_EDGE('',*,*,#3555,.T.);
#3555 = EDGE_CURVE('',#3546,#3113,#3556,.T.);
#3556 = CIRCLE('',#3557,0.1);
#3557 = AXIS2_PLACEMENT_3D('',#3558,#3559,#3560);
#3558 = CARTESIAN_POINT('',(6.,4.3,1.825));
#3559 = DIRECTION('',(-1.,2.465190328816E-32,0.));
#3560 = DIRECTION('',(0.,0.,1.));
#3561 = ORIENTED_EDGE('',*,*,#3120,.T.);
#3562 = ORIENTED_EDGE('',*,*,#3563,.F.);
#3563 = EDGE_CURVE('',#3548,#3121,#3564,.T.);
#3564 = CIRCLE('',#3565,0.1);
#3565 = AXIS2_PLACEMENT_3D('',#3566,#3567,#3568);
#3566 = CARTESIAN_POINT('',(4.5,4.3,1.825));
#3567 = DIRECTION('',(-1.,2.465190328816E-32,0.));
#3568 = DIRECTION('',(0.,0.,1.));
#3569 = CYLINDRICAL_SURFACE('',#3570,0.1);
#3570 = AXIS2_PLACEMENT_3D('',#3571,#3572,#3573);
#3571 = CARTESIAN_POINT('',(6.,4.3,1.825));
#3572 = DIRECTION('',(-1.,2.465190328816E-32,0.));
#3573 = DIRECTION('',(0.,0.,1.));
#3574 = ADVANCED_FACE('',(#3575),#3587,.F.);
#3575 = FACE_BOUND('',#3576,.F.);
#3576 = EDGE_LOOP('',(#3577,#3578,#3583,#3584,#3585,#3586));
#3577 = ORIENTED_EDGE('',*,*,#3399,.F.);
#3578 = ORIENTED_EDGE('',*,*,#3579,.T.);
#3579 = EDGE_CURVE('',#3400,#3137,#3580,.T.);
#3580 = B_SPLINE_CURVE_WITH_KNOTS('',1,(#3581,#3582),.UNSPECIFIED.,.F.,
  .F.,(2,2),(1.475,5.325),.PIECEWISE_BEZIER_KNOTS.);
#3581 = CARTESIAN_POINT('',(6.25,2.220184896686,-2.025));
#3582 = CARTESIAN_POINT('',(6.25,2.220184896686,1.825));
#3583 = ORIENTED_EDGE('',*,*,#3147,.F.);
#3584 = ORIENTED_EDGE('',*,*,#3136,.F.);
#3585 = ORIENTED_EDGE('',*,*,#3579,.F.);
#3586 = ORIENTED_EDGE('',*,*,#3410,.F.);
#3587 = CYLINDRICAL_SURFACE('',#3588,1.);
#3588 = AXIS2_PLACEMENT_3D('',#3589,#3590,#3591);
#3589 = CARTESIAN_POINT('',(5.25,2.220184896686,-3.5));
#3590 = DIRECTION('',(0.,0.,1.));
#3591 = DIRECTION('',(1.,0.,0.));
#3592 = ADVANCED_FACE('',(#3593),#3619,.F.);
#3593 = FACE_BOUND('',#3594,.F.);
#3594 = EDGE_LOOP('',(#3595,#3603,#3612,#3618));
#3595 = ORIENTED_EDGE('',*,*,#3596,.T.);
#3596 = EDGE_CURVE('',#3304,#3597,#3599,.T.);
#3597 = VERTEX_POINT('',#3598);
#3598 = CARTESIAN_POINT('',(5.25,5.168199029567,1.4));
#3599 = LINE('',#3600,#3601);
#3600 = CARTESIAN_POINT('',(5.25,5.168199029567,1.4));
#3601 = VECTOR('',#3602,1.);
#3602 = DIRECTION('',(0.,0.399944456016,0.91653937837));
#3603 = ORIENTED_EDGE('',*,*,#3604,.T.);
#3604 = EDGE_CURVE('',#3597,#3605,#3607,.T.);
#3605 = VERTEX_POINT('',#3606);
#3606 = CARTESIAN_POINT('',(5.25,5.168199029567,-1.6));
#3607 = CIRCLE('',#3608,1.5);
#3608 = AXIS2_PLACEMENT_3D('',#3609,#3610,#3611);
#3609 = CARTESIAN_POINT('',(5.25,5.168199029567,-0.1));
#3610 = DIRECTION('',(0.,-1.,0.));
#3611 = DIRECTION('',(0.,0.,-1.));
#3612 = ORIENTED_EDGE('',*,*,#3613,.F.);
#3613 = EDGE_CURVE('',#3306,#3605,#3614,.T.);
#3614 = LINE('',#3615,#3616);
#3615 = CARTESIAN_POINT('',(5.25,5.168199029567,-1.6));
#3616 = VECTOR('',#3617,1.);
#3617 = DIRECTION('',(1.122437016013E-16,0.399944456016,-0.91653937837)
  );
#3618 = ORIENTED_EDGE('',*,*,#3303,.F.);
#3619 = CONICAL_SURFACE('',#3620,1.5,1.159340083381);
#3620 = AXIS2_PLACEMENT_3D('',#3621,#3622,#3623);
#3621 = CARTESIAN_POINT('',(5.25,5.168199029567,-0.1));
#3622 = DIRECTION('',(0.,1.,0.));
#3623 = DIRECTION('',(0.,0.,1.));
#3624 = ADVANCED_FACE('',(#3625),#3637,.F.);
#3625 = FACE_BOUND('',#3626,.F.);
#3626 = EDGE_LOOP('',(#3627,#3634,#3635,#3636));
#3627 = ORIENTED_EDGE('',*,*,#3628,.T.);
#3628 = EDGE_CURVE('',#3605,#3597,#3629,.T.);
#3629 = CIRCLE('',#3630,1.5);
#3630 = AXIS2_PLACEMENT_3D('',#3631,#3632,#3633);
#3631 = CARTESIAN_POINT('',(5.25,5.168199029567,-0.1));
#3632 = DIRECTION('',(0.,-1.,0.));
#3633 = DIRECTION('',(0.,0.,-1.));
#3634 = ORIENTED_EDGE('',*,*,#3596,.F.);
#3635 = ORIENTED_EDGE('',*,*,#3322,.F.);
#3636 = ORIENTED_EDGE('',*,*,#3613,.T.);
#3637 = CONICAL_SURFACE('',#3638,1.5,1.159340083381);
#3638 = AXIS2_PLACEMENT_3D('',#3639,#3640,#3641);
#3639 = CARTESIAN_POINT('',(5.25,5.168199029567,-0.1));
#3640 = DIRECTION('',(0.,1.,0.));
#3641 = DIRECTION('',(0.,0.,1.));
#3642 = ADVANCED_FACE('',(#3643),#3703,.T.);
#3643 = FACE_BOUND('',#3644,.T.);
#3644 = EDGE_LOOP('',(#3645,#3653,#3654,#3655,#3664,#3672,#3680,#3688,
    #3697));
#3645 = ORIENTED_EDGE('',*,*,#3646,.T.);
#3646 = EDGE_CURVE('',#3647,#3510,#3649,.T.);
#3647 = VERTEX_POINT('',#3648);
#3648 = CARTESIAN_POINT('',(6.,4.6,-0.73830165435));
#3649 = LINE('',#3650,#3651);
#3650 = CARTESIAN_POINT('',(6.,-5.454279020539,-0.73830165435));
#3651 = VECTOR('',#3652,1.);
#3652 = DIRECTION('',(-0.,-1.,-0.));
#3653 = ORIENTED_EDGE('',*,*,#3509,.F.);
#3654 = ORIENTED_EDGE('',*,*,#3381,.F.);
#3655 = ORIENTED_EDGE('',*,*,#3656,.T.);
#3656 = EDGE_CURVE('',#3374,#3657,#3659,.T.);
#3657 = VERTEX_POINT('',#3658);
#3658 = CARTESIAN_POINT('',(6.,4.393725624774,-2.055194940855));
#3659 = CIRCLE('',#3660,0.3);
#3660 = AXIS2_PLACEMENT_3D('',#3661,#3662,#3663);
#3661 = CARTESIAN_POINT('',(6.,4.1,-1.994160054512));
#3662 = DIRECTION('',(-1.,2.465190328816E-32,0.));
#3663 = DIRECTION('',(2.850949024098E-46,1.156482317318E-14,-1.));
#3664 = ORIENTED_EDGE('',*,*,#3665,.T.);
#3665 = EDGE_CURVE('',#3657,#3666,#3668,.T.);
#3666 = VERTEX_POINT('',#3667);
#3667 = CARTESIAN_POINT('',(6.,4.314396099058,-2.436962089128));
#3668 = LINE('',#3669,#3670);
#3669 = CARTESIAN_POINT('',(6.,4.4,-2.025));
#3670 = VECTOR('',#3671,1.);
#3671 = DIRECTION('',(1.232595164408E-32,-0.203449621143,-0.979085415915
    ));
#3672 = ORIENTED_EDGE('',*,*,#3673,.F.);
#3673 = EDGE_CURVE('',#3674,#3666,#3676,.T.);
#3674 = VERTEX_POINT('',#3675);
#3675 = CARTESIAN_POINT('',(6.,4.51021318224,-2.477652013356));
#3676 = LINE('',#3677,#3678);
#3677 = CARTESIAN_POINT('',(6.,4.51021318224,-2.477652013356));
#3678 = VECTOR('',#3679,1.);
#3679 = DIRECTION('',(4.930380657631E-32,-0.979085415915,0.203449621143)
  );
#3680 = ORIENTED_EDGE('',*,*,#3681,.F.);
#3681 = EDGE_CURVE('',#3682,#3674,#3684,.T.);
#3682 = VERTEX_POINT('',#3683);
#3683 = CARTESIAN_POINT('',(6.,4.589542707957,-2.095884865083));
#3684 = LINE('',#3685,#3686);
#3685 = CARTESIAN_POINT('',(6.,4.595817083183,-2.065689924229));
#3686 = VECTOR('',#3687,1.);
#3687 = DIRECTION('',(0.,-0.203449621143,-0.979085415915));
#3688 = ORIENTED_EDGE('',*,*,#3689,.F.);
#3689 = EDGE_CURVE('',#3690,#3682,#3692,.T.);
#3690 = VERTEX_POINT('',#3691);
#3691 = CARTESIAN_POINT('',(6.,4.6,-1.994160054512));
#3692 = CIRCLE('',#3693,0.5);
#3693 = AXIS2_PLACEMENT_3D('',#3694,#3695,#3696);
#3694 = CARTESIAN_POINT('',(6.,4.1,-1.994160054512));
#3695 = DIRECTION('',(-1.,2.465190328816E-32,0.));
#3696 = DIRECTION('',(3.848781182533E-46,1.561251128379E-14,-1.));
#3697 = ORIENTED_EDGE('',*,*,#3698,.F.);
#3698 = EDGE_CURVE('',#3647,#3690,#3699,.T.);
#3699 = LINE('',#3700,#3701);
#3700 = CARTESIAN_POINT('',(6.,4.6,1.825));
#3701 = VECTOR('',#3702,1.);
#3702 = DIRECTION('',(6.162975822039E-33,-7.035130394291E-33,-1.));
#3703 = PLANE('',#3704);
#3704 = AXIS2_PLACEMENT_3D('',#3705,#3706,#3707);
#3705 = CARTESIAN_POINT('',(6.,4.473681690371,-8.515896064075E-02));
#3706 = DIRECTION('',(1.,0.,0.));
#3707 = DIRECTION('',(0.,0.,1.));
#3708 = ADVANCED_FACE('',(#3709),#3728,.F.);
#3709 = FACE_BOUND('',#3710,.F.);
#3710 = EDGE_LOOP('',(#3711,#3712,#3713,#3721));
#3711 = ORIENTED_EDGE('',*,*,#3373,.F.);
#3712 = ORIENTED_EDGE('',*,*,#3656,.T.);
#3713 = ORIENTED_EDGE('',*,*,#3714,.T.);
#3714 = EDGE_CURVE('',#3657,#3715,#3717,.T.);
#3715 = VERTEX_POINT('',#3716);
#3716 = CARTESIAN_POINT('',(4.5,4.393725624774,-2.055194940855));
#3717 = LINE('',#3718,#3719);
#3718 = CARTESIAN_POINT('',(6.,4.393725624774,-2.055194940855));
#3719 = VECTOR('',#3720,1.);
#3720 = DIRECTION('',(-1.,2.465190328816E-32,0.));
#3721 = ORIENTED_EDGE('',*,*,#3722,.F.);
#3722 = EDGE_CURVE('',#3366,#3715,#3723,.T.);
#3723 = CIRCLE('',#3724,0.3);
#3724 = AXIS2_PLACEMENT_3D('',#3725,#3726,#3727);
#3725 = CARTESIAN_POINT('',(4.5,4.1,-1.994160054512));
#3726 = DIRECTION('',(-1.,2.465190328816E-32,0.));
#3727 = DIRECTION('',(2.850949024098E-46,1.156482317318E-14,-1.));
#3728 = CYLINDRICAL_SURFACE('',#3729,0.3);
#3729 = AXIS2_PLACEMENT_3D('',#3730,#3731,#3732);
#3730 = CARTESIAN_POINT('',(6.,4.1,-1.994160054512));
#3731 = DIRECTION('',(-1.,2.465190328816E-32,0.));
#3732 = DIRECTION('',(0.,0.,1.));
#3733 = ADVANCED_FACE('',(#3734),#3786,.T.);
#3734 = FACE_BOUND('',#3735,.T.);
#3735 = EDGE_LOOP('',(#3736,#3737,#3745,#3753,#3762,#3770,#3778,#3784,
    #3785));
#3736 = ORIENTED_EDGE('',*,*,#3436,.F.);
#3737 = ORIENTED_EDGE('',*,*,#3738,.F.);
#3738 = EDGE_CURVE('',#3739,#3428,#3741,.T.);
#3739 = VERTEX_POINT('',#3740);
#3740 = CARTESIAN_POINT('',(4.5,4.6,-0.73830165435));
#3741 = LINE('',#3742,#3743);
#3742 = CARTESIAN_POINT('',(4.5,-5.454279020539,-0.73830165435));
#3743 = VECTOR('',#3744,1.);
#3744 = DIRECTION('',(-0.,-1.,-0.));
#3745 = ORIENTED_EDGE('',*,*,#3746,.T.);
#3746 = EDGE_CURVE('',#3739,#3747,#3749,.T.);
#3747 = VERTEX_POINT('',#3748);
#3748 = CARTESIAN_POINT('',(4.5,4.6,-1.994160054512));
#3749 = LINE('',#3750,#3751);
#3750 = CARTESIAN_POINT('',(4.5,4.6,1.825));
#3751 = VECTOR('',#3752,1.);
#3752 = DIRECTION('',(6.162975822039E-33,-7.035130394291E-33,-1.));
#3753 = ORIENTED_EDGE('',*,*,#3754,.T.);
#3754 = EDGE_CURVE('',#3747,#3755,#3757,.T.);
#3755 = VERTEX_POINT('',#3756);
#3756 = CARTESIAN_POINT('',(4.5,4.589542707957,-2.095884865083));
#3757 = CIRCLE('',#3758,0.5);
#3758 = AXIS2_PLACEMENT_3D('',#3759,#3760,#3761);
#3759 = CARTESIAN_POINT('',(4.5,4.1,-1.994160054512));
#3760 = DIRECTION('',(-1.,2.465190328816E-32,0.));
#3761 = DIRECTION('',(3.848781182533E-46,1.561251128379E-14,-1.));
#3762 = ORIENTED_EDGE('',*,*,#3763,.T.);
#3763 = EDGE_CURVE('',#3755,#3764,#3766,.T.);
#3764 = VERTEX_POINT('',#3765);
#3765 = CARTESIAN_POINT('',(4.5,4.51021318224,-2.477652013356));
#3766 = LINE('',#3767,#3768);
#3767 = CARTESIAN_POINT('',(4.5,4.595817083183,-2.065689924229));
#3768 = VECTOR('',#3769,1.);
#3769 = DIRECTION('',(0.,-0.203449621143,-0.979085415915));
#3770 = ORIENTED_EDGE('',*,*,#3771,.T.);
#3771 = EDGE_CURVE('',#3764,#3772,#3774,.T.);
#3772 = VERTEX_POINT('',#3773);
#3773 = CARTESIAN_POINT('',(4.5,4.314396099058,-2.436962089128));
#3774 = LINE('',#3775,#3776);
#3775 = CARTESIAN_POINT('',(4.5,4.51021318224,-2.477652013356));
#3776 = VECTOR('',#3777,1.);
#3777 = DIRECTION('',(4.930380657631E-32,-0.979085415915,0.203449621143)
  );
#3778 = ORIENTED_EDGE('',*,*,#3779,.F.);
#3779 = EDGE_CURVE('',#3715,#3772,#3780,.T.);
#3780 = LINE('',#3781,#3782);
#3781 = CARTESIAN_POINT('',(4.5,4.4,-2.025));
#3782 = VECTOR('',#3783,1.);
#3783 = DIRECTION('',(1.232595164408E-32,-0.203449621143,-0.979085415915
    ));
#3784 = ORIENTED_EDGE('',*,*,#3722,.F.);
#3785 = ORIENTED_EDGE('',*,*,#3365,.F.);
#3786 = PLANE('',#3787);
#3787 = AXIS2_PLACEMENT_3D('',#3788,#3789,#3790);
#3788 = CARTESIAN_POINT('',(4.5,4.473681690371,-8.515896064075E-02));
#3789 = DIRECTION('',(-1.,-0.,-0.));
#3790 = DIRECTION('',(0.,0.,-1.));
#3791 = ADVANCED_FACE('',(#3792),#3861,.T.);
#3792 = FACE_BOUND('',#3793,.T.);
#3793 = EDGE_LOOP('',(#3794,#3795,#3803,#3812,#3818,#3819,#3820,#3829,
    #3836,#3845,#3852,#3853,#3860));
#3794 = ORIENTED_EDGE('',*,*,#3425,.F.);
#3795 = ORIENTED_EDGE('',*,*,#3796,.F.);
#3796 = EDGE_CURVE('',#3797,#3426,#3799,.T.);
#3797 = VERTEX_POINT('',#3798);
#3798 = CARTESIAN_POINT('',(4.5,4.6,0.53830165435));
#3799 = LINE('',#3800,#3801);
#3800 = CARTESIAN_POINT('',(4.5,-5.454279020539,0.53830165435));
#3801 = VECTOR('',#3802,1.);
#3802 = DIRECTION('',(-0.,-1.,-0.));
#3803 = ORIENTED_EDGE('',*,*,#3804,.F.);
#3804 = EDGE_CURVE('',#3805,#3797,#3807,.T.);
#3805 = VERTEX_POINT('',#3806);
#3806 = CARTESIAN_POINT('',(6.,4.6,0.53830165435));
#3807 = CIRCLE('',#3808,0.984849735719);
#3808 = AXIS2_PLACEMENT_3D('',#3809,#3810,#3811);
#3809 = CARTESIAN_POINT('',(5.25,4.6,-0.1));
#3810 = DIRECTION('',(0.,-1.,0.));
#3811 = DIRECTION('',(0.,0.,-1.));
#3812 = ORIENTED_EDGE('',*,*,#3813,.T.);
#3813 = EDGE_CURVE('',#3805,#3518,#3814,.T.);
#3814 = LINE('',#3815,#3816);
#3815 = CARTESIAN_POINT('',(6.,-5.454279020539,0.53830165435));
#3816 = VECTOR('',#3817,1.);
#3817 = DIRECTION('',(-0.,-1.,-0.));
#3818 = ORIENTED_EDGE('',*,*,#3517,.F.);
#3819 = ORIENTED_EDGE('',*,*,#3646,.F.);
#3820 = ORIENTED_EDGE('',*,*,#3821,.F.);
#3821 = EDGE_CURVE('',#3822,#3647,#3824,.T.);
#3822 = VERTEX_POINT('',#3823);
#3823 = CARTESIAN_POINT('',(5.25,4.6,-1.084849735719));
#3824 = CIRCLE('',#3825,0.984849735719);
#3825 = AXIS2_PLACEMENT_3D('',#3826,#3827,#3828);
#3826 = CARTESIAN_POINT('',(5.25,4.6,-0.1));
#3827 = DIRECTION('',(0.,-1.,0.));
#3828 = DIRECTION('',(0.,0.,-1.));
#3829 = ORIENTED_EDGE('',*,*,#3830,.F.);
#3830 = EDGE_CURVE('',#3831,#3822,#3833,.T.);
#3831 = VERTEX_POINT('',#3832);
#3832 = CARTESIAN_POINT('',(5.25,5.949623841302,-1.084849735719));
#3833 = B_SPLINE_CURVE_WITH_KNOTS('',1,(#3834,#3835),.UNSPECIFIED.,.F.,
  .F.,(2,2),(-11.40390286184,-9.854279020539),.PIECEWISE_BEZIER_KNOTS.);
#3834 = CARTESIAN_POINT('',(5.25,5.949623841302,-1.084849735719));
#3835 = CARTESIAN_POINT('',(5.25,4.4,-1.084849735719));
#3836 = ORIENTED_EDGE('',*,*,#3837,.T.);
#3837 = EDGE_CURVE('',#3831,#3838,#3840,.T.);
#3838 = VERTEX_POINT('',#3839);
#3839 = CARTESIAN_POINT('',(5.25,5.949623841302,0.884849735719));
#3840 = CIRCLE('',#3841,0.984849735719);
#3841 = AXIS2_PLACEMENT_3D('',#3842,#3843,#3844);
#3842 = CARTESIAN_POINT('',(5.25,5.949623841302,-0.1));
#3843 = DIRECTION('',(0.,-1.,0.));
#3844 = DIRECTION('',(0.,0.,-1.));
#3845 = ORIENTED_EDGE('',*,*,#3846,.T.);
#3846 = EDGE_CURVE('',#3838,#3831,#3847,.T.);
#3847 = CIRCLE('',#3848,0.984849735719);
#3848 = AXIS2_PLACEMENT_3D('',#3849,#3850,#3851);
#3849 = CARTESIAN_POINT('',(5.25,5.949623841302,-0.1));
#3850 = DIRECTION('',(0.,-1.,0.));
#3851 = DIRECTION('',(0.,0.,-1.));
#3852 = ORIENTED_EDGE('',*,*,#3830,.T.);
#3853 = ORIENTED_EDGE('',*,*,#3854,.F.);
#3854 = EDGE_CURVE('',#3739,#3822,#3855,.T.);
#3855 = CIRCLE('',#3856,0.984849735719);
#3856 = AXIS2_PLACEMENT_3D('',#3857,#3858,#3859);
#3857 = CARTESIAN_POINT('',(5.25,4.6,-0.1));
#3858 = DIRECTION('',(0.,-1.,0.));
#3859 = DIRECTION('',(0.,0.,-1.));
#3860 = ORIENTED_EDGE('',*,*,#3738,.T.);
#3861 = CYLINDRICAL_SURFACE('',#3862,0.984849735719);
#3862 = AXIS2_PLACEMENT_3D('',#3863,#3864,#3865);
#3863 = CARTESIAN_POINT('',(5.25,-5.454279020539,-0.1));
#3864 = DIRECTION('',(-0.,-1.,-0.));
#3865 = DIRECTION('',(0.,0.,-1.));
#3866 = ADVANCED_FACE('',(#3867),#3911,.T.);
#3867 = FACE_BOUND('',#3868,.T.);
#3868 = EDGE_LOOP('',(#3869,#3870,#3878,#3886,#3894,#3903,#3909,#3910));
#3869 = ORIENTED_EDGE('',*,*,#3563,.F.);
#3870 = ORIENTED_EDGE('',*,*,#3871,.F.);
#3871 = EDGE_CURVE('',#3872,#3548,#3874,.T.);
#3872 = VERTEX_POINT('',#3873);
#3873 = CARTESIAN_POINT('',(4.5,4.105935242215,1.948501430234));
#3874 = LINE('',#3875,#3876);
#3875 = CARTESIAN_POINT('',(4.5,2.832495011132,2.09819797009));
#3876 = VECTOR('',#3877,1.);
#3877 = DIRECTION('',(-2.465190328816E-32,0.993161456328,-0.116748968583
    ));
#3878 = ORIENTED_EDGE('',*,*,#3879,.F.);
#3879 = EDGE_CURVE('',#3880,#3872,#3882,.T.);
#3880 = VERTEX_POINT('',#3881);
#3881 = CARTESIAN_POINT('',(4.5,4.129285035931,2.147133721499));
#3882 = LINE('',#3883,#3884);
#3883 = CARTESIAN_POINT('',(4.5,4.08590169253,1.778079801489));
#3884 = VECTOR('',#3885,1.);
#3885 = DIRECTION('',(1.232595164408E-32,-0.116748968583,-0.993161456328
    ));
#3886 = ORIENTED_EDGE('',*,*,#3887,.T.);
#3887 = EDGE_CURVE('',#3880,#3888,#3890,.T.);
#3888 = VERTEX_POINT('',#3889);
#3889 = CARTESIAN_POINT('',(4.5,4.335024690575,2.122948436898));
#3890 = LINE('',#3891,#3892);
#3891 = CARTESIAN_POINT('',(4.5,2.855844804849,2.296830261356));
#3892 = VECTOR('',#3893,1.);
#3893 = DIRECTION('',(-4.930380657631E-32,0.993161456328,-0.116748968583
    ));
#3894 = ORIENTED_EDGE('',*,*,#3895,.T.);
#3895 = EDGE_CURVE('',#3888,#3896,#3898,.T.);
#3896 = VERTEX_POINT('',#3897);
#3897 = CARTESIAN_POINT('',(4.5,4.6,1.825));
#3898 = CIRCLE('',#3899,0.3);
#3899 = AXIS2_PLACEMENT_3D('',#3900,#3901,#3902);
#3900 = CARTESIAN_POINT('',(4.5,4.3,1.825));
#3901 = DIRECTION('',(-1.,2.465190328816E-32,0.));
#3902 = DIRECTION('',(0.,0.,-1.));
#3903 = ORIENTED_EDGE('',*,*,#3904,.T.);
#3904 = EDGE_CURVE('',#3896,#3797,#3905,.T.);
#3905 = LINE('',#3906,#3907);
#3906 = CARTESIAN_POINT('',(4.5,4.6,1.825));
#3907 = VECTOR('',#3908,1.);
#3908 = DIRECTION('',(6.162975822039E-33,-7.035130394291E-33,-1.));
#3909 = ORIENTED_EDGE('',*,*,#3796,.T.);
#3910 = ORIENTED_EDGE('',*,*,#3445,.F.);
#3911 = PLANE('',#3912);
#3912 = AXIS2_PLACEMENT_3D('',#3913,#3914,#3915);
#3913 = CARTESIAN_POINT('',(4.5,4.473681690371,-8.515896064075E-02));
#3914 = DIRECTION('',(-1.,-0.,-0.));
#3915 = DIRECTION('',(0.,0.,-1.));
#3916 = ADVANCED_FACE('',(#3917),#3945,.T.);
#3917 = FACE_BOUND('',#3918,.T.);
#3918 = EDGE_LOOP('',(#3919,#3930,#3937,#3942,#3943,#3944));
#3919 = ORIENTED_EDGE('',*,*,#3920,.F.);
#3920 = EDGE_CURVE('',#3921,#3923,#3925,.T.);
#3921 = VERTEX_POINT('',#3922);
#3922 = CARTESIAN_POINT('',(5.25,-2.866987298108,0.35));
#3923 = VERTEX_POINT('',#3924);
#3924 = CARTESIAN_POINT('',(5.25,-2.866987298108,-0.55));
#3925 = CIRCLE('',#3926,0.45);
#3926 = AXIS2_PLACEMENT_3D('',#3927,#3928,#3929);
#3927 = CARTESIAN_POINT('',(5.25,-2.866987298108,-0.1));
#3928 = DIRECTION('',(0.,-1.,0.));
#3929 = DIRECTION('',(0.,0.,-1.));
#3930 = ORIENTED_EDGE('',*,*,#3931,.F.);
#3931 = EDGE_CURVE('',#3923,#3921,#3932,.T.);
#3932 = CIRCLE('',#3933,0.45);
#3933 = AXIS2_PLACEMENT_3D('',#3934,#3935,#3936);
#3934 = CARTESIAN_POINT('',(5.25,-2.866987298108,-0.1));
#3935 = DIRECTION('',(0.,-1.,0.));
#3936 = DIRECTION('',(0.,0.,-1.));
#3937 = ORIENTED_EDGE('',*,*,#3938,.F.);
#3938 = EDGE_CURVE('',#3460,#3923,#3939,.T.);
#3939 = B_SPLINE_CURVE_WITH_KNOTS('',1,(#3940,#3941),.UNSPECIFIED.,.F.,
  .F.,(2,2),(-5.904279020539,-2.587291722432),.PIECEWISE_BEZIER_KNOTS.);
#3940 = CARTESIAN_POINT('',(5.25,0.45,-0.55));
#3941 = CARTESIAN_POINT('',(5.25,-2.866987298108,-0.55));
#3942 = ORIENTED_EDGE('',*,*,#3491,.T.);
#3943 = ORIENTED_EDGE('',*,*,#3467,.T.);
#3944 = ORIENTED_EDGE('',*,*,#3938,.T.);
#3945 = CYLINDRICAL_SURFACE('',#3946,0.45);
#3946 = AXIS2_PLACEMENT_3D('',#3947,#3948,#3949);
#3947 = CARTESIAN_POINT('',(5.25,-5.454279020539,-0.1));
#3948 = DIRECTION('',(-0.,-1.,-0.));
#3949 = DIRECTION('',(0.,0.,-1.));
#3950 = ADVANCED_FACE('',(#3951),#3995,.T.);
#3951 = FACE_BOUND('',#3952,.T.);
#3952 = EDGE_LOOP('',(#3953,#3961,#3962,#3963,#3964,#3972,#3981,#3989));
#3953 = ORIENTED_EDGE('',*,*,#3954,.T.);
#3954 = EDGE_CURVE('',#3955,#3546,#3957,.T.);
#3955 = VERTEX_POINT('',#3956);
#3956 = CARTESIAN_POINT('',(6.,4.105935242215,1.948501430234));
#3957 = LINE('',#3958,#3959);
#3958 = CARTESIAN_POINT('',(6.,2.832495011132,2.09819797009));
#3959 = VECTOR('',#3960,1.);
#3960 = DIRECTION('',(-2.465190328816E-32,0.993161456328,-0.116748968583
    ));
#3961 = ORIENTED_EDGE('',*,*,#3555,.T.);
#3962 = ORIENTED_EDGE('',*,*,#3526,.T.);
#3963 = ORIENTED_EDGE('',*,*,#3813,.F.);
#3964 = ORIENTED_EDGE('',*,*,#3965,.F.);
#3965 = EDGE_CURVE('',#3966,#3805,#3968,.T.);
#3966 = VERTEX_POINT('',#3967);
#3967 = CARTESIAN_POINT('',(6.,4.6,1.825));
#3968 = LINE('',#3969,#3970);
#3969 = CARTESIAN_POINT('',(6.,4.6,1.825));
#3970 = VECTOR('',#3971,1.);
#3971 = DIRECTION('',(6.162975822039E-33,-7.035130394291E-33,-1.));
#3972 = ORIENTED_EDGE('',*,*,#3973,.F.);
#3973 = EDGE_CURVE('',#3974,#3966,#3976,.T.);
#3974 = VERTEX_POINT('',#3975);
#3975 = CARTESIAN_POINT('',(6.,4.335024690575,2.122948436898));
#3976 = CIRCLE('',#3977,0.3);
#3977 = AXIS2_PLACEMENT_3D('',#3978,#3979,#3980);
#3978 = CARTESIAN_POINT('',(6.,4.3,1.825));
#3979 = DIRECTION('',(-1.,2.465190328816E-32,0.));
#3980 = DIRECTION('',(-7.127372560246E-47,-2.891205793295E-15,-1.));
#3981 = ORIENTED_EDGE('',*,*,#3982,.F.);
#3982 = EDGE_CURVE('',#3983,#3974,#3985,.T.);
#3983 = VERTEX_POINT('',#3984);
#3984 = CARTESIAN_POINT('',(6.,4.129285035931,2.147133721499));
#3985 = LINE('',#3986,#3987);
#3986 = CARTESIAN_POINT('',(6.,2.855844804849,2.296830261356));
#3987 = VECTOR('',#3988,1.);
#3988 = DIRECTION('',(-4.930380657631E-32,0.993161456328,-0.116748968583
    ));
#3989 = ORIENTED_EDGE('',*,*,#3990,.F.);
#3990 = EDGE_CURVE('',#3955,#3983,#3991,.T.);
#3991 = LINE('',#3992,#3993);
#3992 = CARTESIAN_POINT('',(6.,4.098349441856,1.8839704573));
#3993 = VECTOR('',#3994,1.);
#3994 = DIRECTION('',(-1.232595164408E-32,0.116748968583,0.993161456328)
  );
#3995 = PLANE('',#3996);
#3996 = AXIS2_PLACEMENT_3D('',#3997,#3998,#3999);
#3997 = CARTESIAN_POINT('',(6.,4.473681690371,-8.515896064075E-02));
#3998 = DIRECTION('',(1.,0.,0.));
#3999 = DIRECTION('',(0.,0.,1.));
#4000 = ADVANCED_FACE('',(#4001),#4096,.F.);
#4001 = FACE_BOUND('',#4002,.T.);
#4002 = EDGE_LOOP('',(#4003,#4004,#4012,#4021,#4029,#4038,#4046,#4054,
    #4062,#4071,#4079,#4088,#4094,#4095));
#4003 = ORIENTED_EDGE('',*,*,#3954,.F.);
#4004 = ORIENTED_EDGE('',*,*,#4005,.F.);
#4005 = EDGE_CURVE('',#4006,#3955,#4008,.T.);
#4006 = VERTEX_POINT('',#4007);
#4007 = CARTESIAN_POINT('',(6.075,4.105935242215,1.948501430234));
#4008 = LINE('',#4009,#4010);
#4009 = CARTESIAN_POINT('',(6.075,4.105935242215,1.948501430234));
#4010 = VECTOR('',#4011,1.);
#4011 = DIRECTION('',(-1.,2.465190328816E-32,0.));
#4012 = ORIENTED_EDGE('',*,*,#4013,.F.);
#4013 = EDGE_CURVE('',#4014,#4006,#4016,.T.);
#4014 = VERTEX_POINT('',#4015);
#4015 = CARTESIAN_POINT('',(6.175,4.006619096582,1.960176327092));
#4016 = CIRCLE('',#4017,1.E-01);
#4017 = AXIS2_PLACEMENT_3D('',#4018,#4019,#4020);
#4018 = CARTESIAN_POINT('',(6.075,4.006619096582,1.960176327092));
#4019 = DIRECTION('',(-1.232595164408E-32,0.116748968583,0.993161456328)
  );
#4020 = DIRECTION('',(-1.368455531567E-47,-0.993161456328,0.116748968583
    ));
#4021 = ORIENTED_EDGE('',*,*,#4022,.F.);
#4022 = EDGE_CURVE('',#4023,#4014,#4025,.T.);
#4023 = VERTEX_POINT('',#4024);
#4024 = CARTESIAN_POINT('',(6.175,3.16092762664,2.059589777167));
#4025 = LINE('',#4026,#4027);
#4026 = CARTESIAN_POINT('',(6.175,3.16092762664,2.059589777167));
#4027 = VECTOR('',#4028,1.);
#4028 = DIRECTION('',(-1.018610542356E-15,0.993161456328,-0.116748968583
    ));
#4029 = ORIENTED_EDGE('',*,*,#4030,.F.);
#4030 = EDGE_CURVE('',#4031,#4023,#4033,.T.);
#4031 = VERTEX_POINT('',#4032);
#4032 = CARTESIAN_POINT('',(6.075,3.061611481008,2.071264674026));
#4033 = CIRCLE('',#4034,0.1);
#4034 = AXIS2_PLACEMENT_3D('',#4035,#4036,#4037);
#4035 = CARTESIAN_POINT('',(6.075,3.16092762664,2.059589777167));
#4036 = DIRECTION('',(-1.232595164408E-32,0.116748968583,0.993161456328)
  );
#4037 = DIRECTION('',(-2.600065509978E-47,-0.993161456328,0.116748968583
    ));
#4038 = ORIENTED_EDGE('',*,*,#4039,.F.);
#4039 = EDGE_CURVE('',#4040,#4031,#4042,.T.);
#4040 = VERTEX_POINT('',#4041);
#4041 = CARTESIAN_POINT('',(6.,3.061611481008,2.071264674026));
#4042 = LINE('',#4043,#4044);
#4043 = CARTESIAN_POINT('',(6.075,3.061611481008,2.071264674026));
#4044 = VECTOR('',#4045,1.);
#4045 = DIRECTION('',(1.,-2.465190328816E-32,0.));
#4046 = ORIENTED_EDGE('',*,*,#4047,.T.);
#4047 = EDGE_CURVE('',#4040,#4048,#4050,.T.);
#4048 = VERTEX_POINT('',#4049);
#4049 = CARTESIAN_POINT('',(4.5,3.061611481008,2.071264674026));
#4050 = LINE('',#4051,#4052);
#4051 = CARTESIAN_POINT('',(6.,3.061611481008,2.071264674026));
#4052 = VECTOR('',#4053,1.);
#4053 = DIRECTION('',(-1.,2.465190328816E-32,0.));
#4054 = ORIENTED_EDGE('',*,*,#4055,.F.);
#4055 = EDGE_CURVE('',#4056,#4048,#4058,.T.);
#4056 = VERTEX_POINT('',#4057);
#4057 = CARTESIAN_POINT('',(4.425,3.061611481008,2.071264674026));
#4058 = LINE('',#4059,#4060);
#4059 = CARTESIAN_POINT('',(6.075,3.061611481008,2.071264674026));
#4060 = VECTOR('',#4061,1.);
#4061 = DIRECTION('',(1.,-2.465190328816E-32,0.));
#4062 = ORIENTED_EDGE('',*,*,#4063,.F.);
#4063 = EDGE_CURVE('',#4064,#4056,#4066,.T.);
#4064 = VERTEX_POINT('',#4065);
#4065 = CARTESIAN_POINT('',(4.325,3.16092762664,2.059589777167));
#4066 = CIRCLE('',#4067,0.1);
#4067 = AXIS2_PLACEMENT_3D('',#4068,#4069,#4070);
#4068 = CARTESIAN_POINT('',(4.425,3.16092762664,2.059589777167));
#4069 = DIRECTION('',(-1.232595164408E-32,0.116748968583,0.993161456328)
  );
#4070 = DIRECTION('',(2.600065509978E-47,0.993161456328,-0.116748968583)
  );
#4071 = ORIENTED_EDGE('',*,*,#4072,.F.);
#4072 = EDGE_CURVE('',#4073,#4064,#4075,.T.);
#4073 = VERTEX_POINT('',#4074);
#4074 = CARTESIAN_POINT('',(4.325,4.006619096582,1.960176327092));
#4075 = LINE('',#4076,#4077);
#4076 = CARTESIAN_POINT('',(4.325,3.16092762664,2.059589777167));
#4077 = VECTOR('',#4078,1.);
#4078 = DIRECTION('',(1.018610542356E-15,-0.993161456328,0.116748968583)
  );
#4079 = ORIENTED_EDGE('',*,*,#4080,.F.);
#4080 = EDGE_CURVE('',#4081,#4073,#4083,.T.);
#4081 = VERTEX_POINT('',#4082);
#4082 = CARTESIAN_POINT('',(4.425,4.105935242215,1.948501430234));
#4083 = CIRCLE('',#4084,0.1);
#4084 = AXIS2_PLACEMENT_3D('',#4085,#4086,#4087);
#4085 = CARTESIAN_POINT('',(4.425,4.006619096582,1.960176327092));
#4086 = DIRECTION('',(-1.232595164408E-32,0.116748968583,0.993161456328)
  );
#4087 = DIRECTION('',(2.651382592411E-47,-0.993161456328,0.116748968583)
  );
#4088 = ORIENTED_EDGE('',*,*,#4089,.F.);
#4089 = EDGE_CURVE('',#3872,#4081,#4090,.T.);
#4090 = LINE('',#4091,#4092);
#4091 = CARTESIAN_POINT('',(6.075,4.105935242215,1.948501430234));
#4092 = VECTOR('',#4093,1.);
#4093 = DIRECTION('',(-1.,2.465190328816E-32,0.));
#4094 = ORIENTED_EDGE('',*,*,#3871,.T.);
#4095 = ORIENTED_EDGE('',*,*,#3545,.F.);
#4096 = PLANE('',#4097);
#4097 = AXIS2_PLACEMENT_3D('',#4098,#4099,#4100);
#4098 = CARTESIAN_POINT('',(6.,2.832495011132,2.09819797009));
#4099 = DIRECTION('',(-1.232595164408E-32,0.116748968583,0.993161456328)
  );
#4100 = DIRECTION('',(2.465190328816E-32,-0.993161456328,0.116748968583)
  );
#4101 = ADVANCED_FACE('',(#4102),#4130,.F.);
#4102 = FACE_BOUND('',#4103,.F.);
#4103 = EDGE_LOOP('',(#4104,#4115,#4120,#4121,#4122,#4123));
#4104 = ORIENTED_EDGE('',*,*,#4105,.T.);
#4105 = EDGE_CURVE('',#4106,#4108,#4110,.T.);
#4106 = VERTEX_POINT('',#4107);
#4107 = CARTESIAN_POINT('',(5.25,5.949623841302,1.4));
#4108 = VERTEX_POINT('',#4109);
#4109 = CARTESIAN_POINT('',(5.25,5.949623841302,-1.6));
#4110 = CIRCLE('',#4111,1.5);
#4111 = AXIS2_PLACEMENT_3D('',#4112,#4113,#4114);
#4112 = CARTESIAN_POINT('',(5.25,5.949623841302,-0.1));
#4113 = DIRECTION('',(0.,-1.,0.));
#4114 = DIRECTION('',(0.,0.,-1.));
#4115 = ORIENTED_EDGE('',*,*,#4116,.T.);
#4116 = EDGE_CURVE('',#4108,#3605,#4117,.T.);
#4117 = B_SPLINE_CURVE_WITH_KNOTS('',1,(#4118,#4119),.UNSPECIFIED.,.F.,
  .F.,(2,2),(-13.85427902053,-10.6224780501),.PIECEWISE_BEZIER_KNOTS.);
#4118 = CARTESIAN_POINT('',(5.25,8.4,-1.6));
#4119 = CARTESIAN_POINT('',(5.25,5.168199029567,-1.6));
#4120 = ORIENTED_EDGE('',*,*,#3604,.F.);
#4121 = ORIENTED_EDGE('',*,*,#3628,.F.);
#4122 = ORIENTED_EDGE('',*,*,#4116,.F.);
#4123 = ORIENTED_EDGE('',*,*,#4124,.T.);
#4124 = EDGE_CURVE('',#4108,#4106,#4125,.T.);
#4125 = CIRCLE('',#4126,1.5);
#4126 = AXIS2_PLACEMENT_3D('',#4127,#4128,#4129);
#4127 = CARTESIAN_POINT('',(5.25,5.949623841302,-0.1));
#4128 = DIRECTION('',(0.,-1.,0.));
#4129 = DIRECTION('',(0.,0.,-1.));
#4130 = CYLINDRICAL_SURFACE('',#4131,1.5);
#4131 = AXIS2_PLACEMENT_3D('',#4132,#4133,#4134);
#4132 = CARTESIAN_POINT('',(5.25,-5.454279020539,-0.1));
#4133 = DIRECTION('',(-0.,-1.,-0.));
#4134 = DIRECTION('',(0.,0.,-1.));
#4135 = ADVANCED_FACE('',(#4136),#4148,.T.);
#4136 = FACE_BOUND('',#4137,.T.);
#4137 = EDGE_LOOP('',(#4138,#4139,#4140,#4141,#4142));
#4138 = ORIENTED_EDGE('',*,*,#3746,.F.);
#4139 = ORIENTED_EDGE('',*,*,#3854,.T.);
#4140 = ORIENTED_EDGE('',*,*,#3821,.T.);
#4141 = ORIENTED_EDGE('',*,*,#3698,.T.);
#4142 = ORIENTED_EDGE('',*,*,#4143,.T.);
#4143 = EDGE_CURVE('',#3690,#3747,#4144,.T.);
#4144 = LINE('',#4145,#4146);
#4145 = CARTESIAN_POINT('',(6.,4.6,-1.994160054512));
#4146 = VECTOR('',#4147,1.);
#4147 = DIRECTION('',(-1.,2.465190328816E-32,0.));
#4148 = PLANE('',#4149);
#4149 = AXIS2_PLACEMENT_3D('',#4150,#4151,#4152);
#4150 = CARTESIAN_POINT('',(6.,4.6,1.825));
#4151 = DIRECTION('',(-2.465190328816E-32,1.,-7.035130394291E-33));
#4152 = DIRECTION('',(0.,7.035130394291E-33,1.));
#4153 = ADVANCED_FACE('',(#4154),#4165,.T.);
#4154 = FACE_BOUND('',#4155,.T.);
#4155 = EDGE_LOOP('',(#4156,#4157,#4158,#4159));
#4156 = ORIENTED_EDGE('',*,*,#3754,.F.);
#4157 = ORIENTED_EDGE('',*,*,#4143,.F.);
#4158 = ORIENTED_EDGE('',*,*,#3689,.T.);
#4159 = ORIENTED_EDGE('',*,*,#4160,.T.);
#4160 = EDGE_CURVE('',#3682,#3755,#4161,.T.);
#4161 = LINE('',#4162,#4163);
#4162 = CARTESIAN_POINT('',(6.,4.589542707957,-2.095884865083));
#4163 = VECTOR('',#4164,1.);
#4164 = DIRECTION('',(-1.,2.465190328816E-32,0.));
#4165 = CYLINDRICAL_SURFACE('',#4166,0.5);
#4166 = AXIS2_PLACEMENT_3D('',#4167,#4168,#4169);
#4167 = CARTESIAN_POINT('',(6.,4.1,-1.994160054512));
#4168 = DIRECTION('',(-1.,2.465190328816E-32,0.));
#4169 = DIRECTION('',(0.,0.,1.));
#4170 = ADVANCED_FACE('',(#4171),#4182,.T.);
#4171 = FACE_BOUND('',#4172,.T.);
#4172 = EDGE_LOOP('',(#4173,#4174,#4175,#4176));
#4173 = ORIENTED_EDGE('',*,*,#3763,.F.);
#4174 = ORIENTED_EDGE('',*,*,#4160,.F.);
#4175 = ORIENTED_EDGE('',*,*,#3681,.T.);
#4176 = ORIENTED_EDGE('',*,*,#4177,.T.);
#4177 = EDGE_CURVE('',#3674,#3764,#4178,.T.);
#4178 = LINE('',#4179,#4180);
#4179 = CARTESIAN_POINT('',(6.,4.51021318224,-2.477652013356));
#4180 = VECTOR('',#4181,1.);
#4181 = DIRECTION('',(-1.,2.465190328816E-32,0.));
#4182 = PLANE('',#4183);
#4183 = AXIS2_PLACEMENT_3D('',#4184,#4185,#4186);
#4184 = CARTESIAN_POINT('',(6.,4.595817083183,-2.065689924229));
#4185 = DIRECTION('',(-2.465190328816E-32,0.979085415915,-0.203449621143
    ));
#4186 = DIRECTION('',(-2.465190328816E-32,0.203449621143,0.979085415915)
  );
#4187 = ADVANCED_FACE('',(#4188),#4199,.T.);
#4188 = FACE_BOUND('',#4189,.T.);
#4189 = EDGE_LOOP('',(#4190,#4191,#4192,#4193));
#4190 = ORIENTED_EDGE('',*,*,#3771,.F.);
#4191 = ORIENTED_EDGE('',*,*,#4177,.F.);
#4192 = ORIENTED_EDGE('',*,*,#3673,.T.);
#4193 = ORIENTED_EDGE('',*,*,#4194,.T.);
#4194 = EDGE_CURVE('',#3666,#3772,#4195,.T.);
#4195 = LINE('',#4196,#4197);
#4196 = CARTESIAN_POINT('',(6.,4.314396099058,-2.436962089128));
#4197 = VECTOR('',#4198,1.);
#4198 = DIRECTION('',(-1.,2.465190328816E-32,0.));
#4199 = PLANE('',#4200);
#4200 = AXIS2_PLACEMENT_3D('',#4201,#4202,#4203);
#4201 = CARTESIAN_POINT('',(6.,4.51021318224,-2.477652013356));
#4202 = DIRECTION('',(2.465190328816E-32,-0.203449621143,-0.979085415915
    ));
#4203 = DIRECTION('',(1.368455531567E-48,0.979085415915,-0.203449621143)
  );
#4204 = ADVANCED_FACE('',(#4205),#4211,.F.);
#4205 = FACE_BOUND('',#4206,.T.);
#4206 = EDGE_LOOP('',(#4207,#4208,#4209,#4210));
#4207 = ORIENTED_EDGE('',*,*,#3779,.T.);
#4208 = ORIENTED_EDGE('',*,*,#4194,.F.);
#4209 = ORIENTED_EDGE('',*,*,#3665,.F.);
#4210 = ORIENTED_EDGE('',*,*,#3714,.T.);
#4211 = PLANE('',#4212);
#4212 = AXIS2_PLACEMENT_3D('',#4213,#4214,#4215);
#4213 = CARTESIAN_POINT('',(6.,4.4,-2.025));
#4214 = DIRECTION('',(-2.465190328816E-32,0.979085415915,-0.203449621143
    ));
#4215 = DIRECTION('',(-2.465190328816E-32,0.203449621143,0.979085415915)
  );
#4216 = ADVANCED_FACE('',(#4217,#4221),#4225,.F.);
#4217 = FACE_BOUND('',#4218,.T.);
#4218 = EDGE_LOOP('',(#4219,#4220));
#4219 = ORIENTED_EDGE('',*,*,#3837,.F.);
#4220 = ORIENTED_EDGE('',*,*,#3846,.F.);
#4221 = FACE_BOUND('',#4222,.T.);
#4222 = EDGE_LOOP('',(#4223,#4224));
#4223 = ORIENTED_EDGE('',*,*,#4124,.T.);
#4224 = ORIENTED_EDGE('',*,*,#4105,.T.);
#4225 = PLANE('',#4226);
#4226 = AXIS2_PLACEMENT_3D('',#4227,#4228,#4229);
#4227 = CARTESIAN_POINT('',(5.25,5.949623841302,0.884849735719));
#4228 = DIRECTION('',(0.,1.,0.));
#4229 = DIRECTION('',(0.,0.,1.));
#4230 = ADVANCED_FACE('',(#4231),#4242,.T.);
#4231 = FACE_BOUND('',#4232,.T.);
#4232 = EDGE_LOOP('',(#4233,#4234,#4240,#4241));
#4233 = ORIENTED_EDGE('',*,*,#3904,.F.);
#4234 = ORIENTED_EDGE('',*,*,#4235,.F.);
#4235 = EDGE_CURVE('',#3966,#3896,#4236,.T.);
#4236 = LINE('',#4237,#4238);
#4237 = CARTESIAN_POINT('',(6.,4.6,1.825));
#4238 = VECTOR('',#4239,1.);
#4239 = DIRECTION('',(-1.,2.465190328816E-32,0.));
#4240 = ORIENTED_EDGE('',*,*,#3965,.T.);
#4241 = ORIENTED_EDGE('',*,*,#3804,.T.);
#4242 = PLANE('',#4243);
#4243 = AXIS2_PLACEMENT_3D('',#4244,#4245,#4246);
#4244 = CARTESIAN_POINT('',(6.,4.6,1.825));
#4245 = DIRECTION('',(-2.465190328816E-32,1.,-7.035130394291E-33));
#4246 = DIRECTION('',(0.,7.035130394291E-33,1.));
#4247 = ADVANCED_FACE('',(#4248),#4259,.T.);
#4248 = FACE_BOUND('',#4249,.T.);
#4249 = EDGE_LOOP('',(#4250,#4251,#4257,#4258));
#4250 = ORIENTED_EDGE('',*,*,#3895,.F.);
#4251 = ORIENTED_EDGE('',*,*,#4252,.F.);
#4252 = EDGE_CURVE('',#3974,#3888,#4253,.T.);
#4253 = LINE('',#4254,#4255);
#4254 = CARTESIAN_POINT('',(6.,4.335024690575,2.122948436898));
#4255 = VECTOR('',#4256,1.);
#4256 = DIRECTION('',(-1.,2.465190328816E-32,0.));
#4257 = ORIENTED_EDGE('',*,*,#3973,.T.);
#4258 = ORIENTED_EDGE('',*,*,#4235,.T.);
#4259 = CYLINDRICAL_SURFACE('',#4260,0.3);
#4260 = AXIS2_PLACEMENT_3D('',#4261,#4262,#4263);
#4261 = CARTESIAN_POINT('',(6.,4.3,1.825));
#4262 = DIRECTION('',(-1.,2.465190328816E-32,0.));
#4263 = DIRECTION('',(0.,0.,1.));
#4264 = ADVANCED_FACE('',(#4265),#4360,.T.);
#4265 = FACE_BOUND('',#4266,.T.);
#4266 = EDGE_LOOP('',(#4267,#4268,#4276,#4285,#4293,#4302,#4310,#4318,
    #4326,#4335,#4343,#4352,#4358,#4359));
#4267 = ORIENTED_EDGE('',*,*,#3887,.F.);
#4268 = ORIENTED_EDGE('',*,*,#4269,.T.);
#4269 = EDGE_CURVE('',#3880,#4270,#4272,.T.);
#4270 = VERTEX_POINT('',#4271);
#4271 = CARTESIAN_POINT('',(4.425,4.129285035931,2.147133721499));
#4272 = LINE('',#4273,#4274);
#4273 = CARTESIAN_POINT('',(6.075,4.129285035931,2.147133721499));
#4274 = VECTOR('',#4275,1.);
#4275 = DIRECTION('',(-1.,2.465190328816E-32,0.));
#4276 = ORIENTED_EDGE('',*,*,#4277,.T.);
#4277 = EDGE_CURVE('',#4270,#4278,#4280,.T.);
#4278 = VERTEX_POINT('',#4279);
#4279 = CARTESIAN_POINT('',(4.325,4.029968890299,2.158808618358));
#4280 = CIRCLE('',#4281,0.1);
#4281 = AXIS2_PLACEMENT_3D('',#4282,#4283,#4284);
#4282 = CARTESIAN_POINT('',(4.425,4.029968890299,2.158808618358));
#4283 = DIRECTION('',(-1.232595164408E-32,0.116748968583,0.993161456328)
  );
#4284 = DIRECTION('',(2.651382592411E-47,-0.993161456328,0.116748968583)
  );
#4285 = ORIENTED_EDGE('',*,*,#4286,.T.);
#4286 = EDGE_CURVE('',#4278,#4287,#4289,.T.);
#4287 = VERTEX_POINT('',#4288);
#4288 = CARTESIAN_POINT('',(4.325,3.184277420357,2.258222068433));
#4289 = LINE('',#4290,#4291);
#4290 = CARTESIAN_POINT('',(4.325,3.184277420357,2.258222068433));
#4291 = VECTOR('',#4292,1.);
#4292 = DIRECTION('',(1.018610542356E-15,-0.993161456328,0.116748968583)
  );
#4293 = ORIENTED_EDGE('',*,*,#4294,.T.);
#4294 = EDGE_CURVE('',#4287,#4295,#4297,.T.);
#4295 = VERTEX_POINT('',#4296);
#4296 = CARTESIAN_POINT('',(4.425,3.084961274724,2.269896965291));
#4297 = CIRCLE('',#4298,0.1);
#4298 = AXIS2_PLACEMENT_3D('',#4299,#4300,#4301);
#4299 = CARTESIAN_POINT('',(4.425,3.184277420357,2.258222068433));
#4300 = DIRECTION('',(-1.232595164408E-32,0.116748968583,0.993161456328)
  );
#4301 = DIRECTION('',(2.600065509978E-47,0.993161456328,-0.116748968583)
  );
#4302 = ORIENTED_EDGE('',*,*,#4303,.T.);
#4303 = EDGE_CURVE('',#4295,#4304,#4306,.T.);
#4304 = VERTEX_POINT('',#4305);
#4305 = CARTESIAN_POINT('',(4.5,3.084961274724,2.269896965291));
#4306 = LINE('',#4307,#4308);
#4307 = CARTESIAN_POINT('',(6.075,3.084961274724,2.269896965291));
#4308 = VECTOR('',#4309,1.);
#4309 = DIRECTION('',(1.,-2.465190328816E-32,0.));
#4310 = ORIENTED_EDGE('',*,*,#4311,.F.);
#4311 = EDGE_CURVE('',#4312,#4304,#4314,.T.);
#4312 = VERTEX_POINT('',#4313);
#4313 = CARTESIAN_POINT('',(6.,3.084961274724,2.269896965291));
#4314 = LINE('',#4315,#4316);
#4315 = CARTESIAN_POINT('',(6.,3.084961274724,2.269896965291));
#4316 = VECTOR('',#4317,1.);
#4317 = DIRECTION('',(-1.,2.465190328816E-32,0.));
#4318 = ORIENTED_EDGE('',*,*,#4319,.T.);
#4319 = EDGE_CURVE('',#4312,#4320,#4322,.T.);
#4320 = VERTEX_POINT('',#4321);
#4321 = CARTESIAN_POINT('',(6.075,3.084961274724,2.269896965291));
#4322 = LINE('',#4323,#4324);
#4323 = CARTESIAN_POINT('',(6.075,3.084961274724,2.269896965291));
#4324 = VECTOR('',#4325,1.);
#4325 = DIRECTION('',(1.,-2.465190328816E-32,0.));
#4326 = ORIENTED_EDGE('',*,*,#4327,.T.);
#4327 = EDGE_CURVE('',#4320,#4328,#4330,.T.);
#4328 = VERTEX_POINT('',#4329);
#4329 = CARTESIAN_POINT('',(6.175,3.184277420357,2.258222068433));
#4330 = CIRCLE('',#4331,0.1);
#4331 = AXIS2_PLACEMENT_3D('',#4332,#4333,#4334);
#4332 = CARTESIAN_POINT('',(6.075,3.184277420357,2.258222068433));
#4333 = DIRECTION('',(-1.232595164408E-32,0.116748968583,0.993161456328)
  );
#4334 = DIRECTION('',(-2.600065509978E-47,-0.993161456328,0.116748968583
    ));
#4335 = ORIENTED_EDGE('',*,*,#4336,.T.);
#4336 = EDGE_CURVE('',#4328,#4337,#4339,.T.);
#4337 = VERTEX_POINT('',#4338);
#4338 = CARTESIAN_POINT('',(6.175,4.029968890299,2.158808618358));
#4339 = LINE('',#4340,#4341);
#4340 = CARTESIAN_POINT('',(6.175,3.184277420357,2.258222068433));
#4341 = VECTOR('',#4342,1.);
#4342 = DIRECTION('',(-1.018610542356E-15,0.993161456328,-0.116748968583
    ));
#4343 = ORIENTED_EDGE('',*,*,#4344,.T.);
#4344 = EDGE_CURVE('',#4337,#4345,#4347,.T.);
#4345 = VERTEX_POINT('',#4346);
#4346 = CARTESIAN_POINT('',(6.075,4.129285035931,2.147133721499));
#4347 = CIRCLE('',#4348,1.E-01);
#4348 = AXIS2_PLACEMENT_3D('',#4349,#4350,#4351);
#4349 = CARTESIAN_POINT('',(6.075,4.029968890299,2.158808618358));
#4350 = DIRECTION('',(-1.232595164408E-32,0.116748968583,0.993161456328)
  );
#4351 = DIRECTION('',(-1.368455531567E-47,-0.993161456328,0.116748968583
    ));
#4352 = ORIENTED_EDGE('',*,*,#4353,.T.);
#4353 = EDGE_CURVE('',#4345,#3983,#4354,.T.);
#4354 = LINE('',#4355,#4356);
#4355 = CARTESIAN_POINT('',(6.075,4.129285035931,2.147133721499));
#4356 = VECTOR('',#4357,1.);
#4357 = DIRECTION('',(-1.,2.465190328816E-32,0.));
#4358 = ORIENTED_EDGE('',*,*,#3982,.T.);
#4359 = ORIENTED_EDGE('',*,*,#4252,.T.);
#4360 = PLANE('',#4361);
#4361 = AXIS2_PLACEMENT_3D('',#4362,#4363,#4364);
#4362 = CARTESIAN_POINT('',(6.,2.855844804849,2.296830261356));
#4363 = DIRECTION('',(-1.232595164408E-32,0.116748968583,0.993161456328)
  );
#4364 = DIRECTION('',(2.465190328816E-32,-0.993161456328,0.116748968583)
  );
#4365 = ADVANCED_FACE('',(#4366),#4377,.T.);
#4366 = FACE_BOUND('',#4367,.T.);
#4367 = EDGE_LOOP('',(#4368,#4369,#4370,#4371));
#4368 = ORIENTED_EDGE('',*,*,#4269,.F.);
#4369 = ORIENTED_EDGE('',*,*,#3879,.T.);
#4370 = ORIENTED_EDGE('',*,*,#4089,.T.);
#4371 = ORIENTED_EDGE('',*,*,#4372,.T.);
#4372 = EDGE_CURVE('',#4081,#4270,#4373,.T.);
#4373 = LINE('',#4374,#4375);
#4374 = CARTESIAN_POINT('',(4.425,4.105935242215,1.948501430234));
#4375 = VECTOR('',#4376,1.);
#4376 = DIRECTION('',(-1.232595164408E-32,0.116748968583,0.993161456328)
  );
#4377 = PLANE('',#4378);
#4378 = AXIS2_PLACEMENT_3D('',#4379,#4380,#4381);
#4379 = CARTESIAN_POINT('',(6.075,4.105935242215,1.948501430234));
#4380 = DIRECTION('',(-2.465190328816E-32,0.993161456328,-0.116748968583
    ));
#4381 = DIRECTION('',(-1.232595164408E-32,0.116748968583,0.993161456328)
  );
#4382 = ADVANCED_FACE('',(#4383),#4409,.T.);
#4383 = FACE_BOUND('',#4384,.T.);
#4384 = EDGE_LOOP('',(#4385,#4393,#4402,#4408));
#4385 = ORIENTED_EDGE('',*,*,#4386,.F.);
#4386 = EDGE_CURVE('',#4387,#3923,#4389,.T.);
#4387 = VERTEX_POINT('',#4388);
#4388 = CARTESIAN_POINT('',(5.25,-3.8,-0.3));
#4389 = LINE('',#4390,#4391);
#4390 = CARTESIAN_POINT('',(5.25,-2.866987298108,-0.55));
#4391 = VECTOR('',#4392,1.);
#4392 = DIRECTION('',(3.169619151432E-17,0.965925826289,-0.258819045103)
  );
#4393 = ORIENTED_EDGE('',*,*,#4394,.F.);
#4394 = EDGE_CURVE('',#4395,#4387,#4397,.T.);
#4395 = VERTEX_POINT('',#4396);
#4396 = CARTESIAN_POINT('',(5.25,-3.8,1.E-01));
#4397 = CIRCLE('',#4398,0.2);
#4398 = AXIS2_PLACEMENT_3D('',#4399,#4400,#4401);
#4399 = CARTESIAN_POINT('',(5.25,-3.8,-0.1));
#4400 = DIRECTION('',(0.,-1.,0.));
#4401 = DIRECTION('',(0.,0.,-1.));
#4402 = ORIENTED_EDGE('',*,*,#4403,.T.);
#4403 = EDGE_CURVE('',#4395,#3921,#4404,.T.);
#4404 = LINE('',#4405,#4406);
#4405 = CARTESIAN_POINT('',(5.25,-2.866987298108,0.35));
#4406 = VECTOR('',#4407,1.);
#4407 = DIRECTION('',(0.,0.965925826289,0.258819045103));
#4408 = ORIENTED_EDGE('',*,*,#3920,.T.);
#4409 = CONICAL_SURFACE('',#4410,0.45,0.261799387799);
#4410 = AXIS2_PLACEMENT_3D('',#4411,#4412,#4413);
#4411 = CARTESIAN_POINT('',(5.25,-2.866987298108,-0.1));
#4412 = DIRECTION('',(0.,1.,0.));
#4413 = DIRECTION('',(0.,0.,1.));
#4414 = ADVANCED_FACE('',(#4415),#4427,.T.);
#4415 = FACE_BOUND('',#4416,.T.);
#4416 = EDGE_LOOP('',(#4417,#4424,#4425,#4426));
#4417 = ORIENTED_EDGE('',*,*,#4418,.F.);
#4418 = EDGE_CURVE('',#4387,#4395,#4419,.T.);
#4419 = CIRCLE('',#4420,0.2);
#4420 = AXIS2_PLACEMENT_3D('',#4421,#4422,#4423);
#4421 = CARTESIAN_POINT('',(5.25,-3.8,-0.1));
#4422 = DIRECTION('',(0.,-1.,0.));
#4423 = DIRECTION('',(0.,0.,-1.));
#4424 = ORIENTED_EDGE('',*,*,#4386,.T.);
#4425 = ORIENTED_EDGE('',*,*,#3931,.T.);
#4426 = ORIENTED_EDGE('',*,*,#4403,.F.);
#4427 = CONICAL_SURFACE('',#4428,0.45,0.261799387799);
#4428 = AXIS2_PLACEMENT_3D('',#4429,#4430,#4431);
#4429 = CARTESIAN_POINT('',(5.25,-2.866987298108,-0.1));
#4430 = DIRECTION('',(0.,1.,0.));
#4431 = DIRECTION('',(0.,0.,1.));
#4432 = ADVANCED_FACE('',(#4433),#4444,.T.);
#4433 = FACE_BOUND('',#4434,.T.);
#4434 = EDGE_LOOP('',(#4435,#4436,#4437,#4438));
#4435 = ORIENTED_EDGE('',*,*,#4005,.T.);
#4436 = ORIENTED_EDGE('',*,*,#3990,.T.);
#4437 = ORIENTED_EDGE('',*,*,#4353,.F.);
#4438 = ORIENTED_EDGE('',*,*,#4439,.F.);
#4439 = EDGE_CURVE('',#4006,#4345,#4440,.T.);
#4440 = LINE('',#4441,#4442);
#4441 = CARTESIAN_POINT('',(6.075,4.105935242215,1.948501430234));
#4442 = VECTOR('',#4443,1.);
#4443 = DIRECTION('',(-1.232595164408E-32,0.116748968583,0.993161456328)
  );
#4444 = PLANE('',#4445);
#4445 = AXIS2_PLACEMENT_3D('',#4446,#4447,#4448);
#4446 = CARTESIAN_POINT('',(6.075,4.105935242215,1.948501430234));
#4447 = DIRECTION('',(-2.465190328816E-32,0.993161456328,-0.116748968583
    ));
#4448 = DIRECTION('',(-1.232595164408E-32,0.116748968583,0.993161456328)
  );
#4449 = ADVANCED_FACE('',(#4450),#4461,.T.);
#4450 = FACE_BOUND('',#4451,.T.);
#4451 = EDGE_LOOP('',(#4452,#4453,#4459,#4460));
#4452 = ORIENTED_EDGE('',*,*,#4344,.F.);
#4453 = ORIENTED_EDGE('',*,*,#4454,.F.);
#4454 = EDGE_CURVE('',#4014,#4337,#4455,.T.);
#4455 = LINE('',#4456,#4457);
#4456 = CARTESIAN_POINT('',(6.175,4.006619096582,1.960176327092));
#4457 = VECTOR('',#4458,1.);
#4458 = DIRECTION('',(-1.232595164408E-32,0.116748968583,0.993161456328)
  );
#4459 = ORIENTED_EDGE('',*,*,#4013,.T.);
#4460 = ORIENTED_EDGE('',*,*,#4439,.T.);
#4461 = CYLINDRICAL_SURFACE('',#4462,1.E-01);
#4462 = AXIS2_PLACEMENT_3D('',#4463,#4464,#4465);
#4463 = CARTESIAN_POINT('',(6.075,4.006619096582,1.960176327092));
#4464 = DIRECTION('',(-1.232595164408E-32,0.116748968583,0.993161456328)
  );
#4465 = DIRECTION('',(-1.368455531567E-47,-0.993161456328,0.116748968583
    ));
#4466 = ADVANCED_FACE('',(#4467),#4478,.T.);
#4467 = FACE_BOUND('',#4468,.T.);
#4468 = EDGE_LOOP('',(#4469,#4470,#4476,#4477));
#4469 = ORIENTED_EDGE('',*,*,#4336,.F.);
#4470 = ORIENTED_EDGE('',*,*,#4471,.F.);
#4471 = EDGE_CURVE('',#4023,#4328,#4472,.T.);
#4472 = LINE('',#4473,#4474);
#4473 = CARTESIAN_POINT('',(6.175,3.16092762664,2.059589777167));
#4474 = VECTOR('',#4475,1.);
#4475 = DIRECTION('',(-1.232595164408E-32,0.116748968583,0.993161456328)
  );
#4476 = ORIENTED_EDGE('',*,*,#4022,.T.);
#4477 = ORIENTED_EDGE('',*,*,#4454,.T.);
#4478 = PLANE('',#4479);
#4479 = AXIS2_PLACEMENT_3D('',#4480,#4481,#4482);
#4480 = CARTESIAN_POINT('',(6.175,3.16092762664,2.059589777167));
#4481 = DIRECTION('',(1.,1.011644729677E-15,-1.189217302078E-16));
#4482 = DIRECTION('',(-1.011644729677E-15,1.,-4.005968562276E-32));
#4483 = ADVANCED_FACE('',(#4484),#4495,.T.);
#4484 = FACE_BOUND('',#4485,.T.);
#4485 = EDGE_LOOP('',(#4486,#4487,#4493,#4494));
#4486 = ORIENTED_EDGE('',*,*,#4327,.F.);
#4487 = ORIENTED_EDGE('',*,*,#4488,.F.);
#4488 = EDGE_CURVE('',#4031,#4320,#4489,.T.);
#4489 = LINE('',#4490,#4491);
#4490 = CARTESIAN_POINT('',(6.075,3.061611481008,2.071264674026));
#4491 = VECTOR('',#4492,1.);
#4492 = DIRECTION('',(-1.232595164408E-32,0.116748968583,0.993161456328)
  );
#4493 = ORIENTED_EDGE('',*,*,#4030,.T.);
#4494 = ORIENTED_EDGE('',*,*,#4471,.T.);
#4495 = CYLINDRICAL_SURFACE('',#4496,0.1);
#4496 = AXIS2_PLACEMENT_3D('',#4497,#4498,#4499);
#4497 = CARTESIAN_POINT('',(6.075,3.16092762664,2.059589777167));
#4498 = DIRECTION('',(-1.232595164408E-32,0.116748968583,0.993161456328)
  );
#4499 = DIRECTION('',(-2.600065509978E-47,-0.993161456328,0.116748968583
    ));
#4500 = ADVANCED_FACE('',(#4501),#4512,.T.);
#4501 = FACE_BOUND('',#4502,.T.);
#4502 = EDGE_LOOP('',(#4503,#4504,#4510,#4511));
#4503 = ORIENTED_EDGE('',*,*,#4319,.F.);
#4504 = ORIENTED_EDGE('',*,*,#4505,.T.);
#4505 = EDGE_CURVE('',#4312,#4040,#4506,.T.);
#4506 = LINE('',#4507,#4508);
#4507 = CARTESIAN_POINT('',(6.,3.084961274724,2.269896965291));
#4508 = VECTOR('',#4509,1.);
#4509 = DIRECTION('',(1.232595164408E-32,-0.116748968583,-0.993161456328
    ));
#4510 = ORIENTED_EDGE('',*,*,#4039,.T.);
#4511 = ORIENTED_EDGE('',*,*,#4488,.T.);
#4512 = PLANE('',#4513);
#4513 = AXIS2_PLACEMENT_3D('',#4514,#4515,#4516);
#4514 = CARTESIAN_POINT('',(6.075,3.061611481008,2.071264674026));
#4515 = DIRECTION('',(2.465190328816E-32,-0.993161456328,0.116748968583)
  );
#4516 = DIRECTION('',(1.232595164408E-32,-0.116748968583,-0.993161456328
    ));
#4517 = ADVANCED_FACE('',(#4518),#4563,.F.);
#4518 = FACE_BOUND('',#4519,.F.);
#4519 = EDGE_LOOP('',(#4520,#4529,#4530,#4539,#4548,#4556));
#4520 = ORIENTED_EDGE('',*,*,#4521,.T.);
#4521 = EDGE_CURVE('',#4522,#4040,#4524,.T.);
#4522 = VERTEX_POINT('',#4523);
#4523 = CARTESIAN_POINT('',(6.,3.026586790433,2.073316237127));
#4524 = CIRCLE('',#4525,0.3);
#4525 = AXIS2_PLACEMENT_3D('',#4526,#4527,#4528);
#4526 = CARTESIAN_POINT('',(6.,3.026586790433,1.773316237127));
#4527 = DIRECTION('',(-1.,2.465190328816E-32,0.));
#4528 = DIRECTION('',(-3.207317652111E-46,-1.301042606983E-14,-1.));
#4529 = ORIENTED_EDGE('',*,*,#4047,.T.);
#4530 = ORIENTED_EDGE('',*,*,#4531,.F.);
#4531 = EDGE_CURVE('',#4532,#4048,#4534,.T.);
#4532 = VERTEX_POINT('',#4533);
#4533 = CARTESIAN_POINT('',(4.5,3.026586790433,2.073316237127));
#4534 = CIRCLE('',#4535,0.3);
#4535 = AXIS2_PLACEMENT_3D('',#4536,#4537,#4538);
#4536 = CARTESIAN_POINT('',(4.5,3.026586790433,1.773316237127));
#4537 = DIRECTION('',(-1.,2.465190328816E-32,0.));
#4538 = DIRECTION('',(3.207317652111E-46,1.301042606983E-14,-1.));
#4539 = ORIENTED_EDGE('',*,*,#4540,.F.);
#4540 = EDGE_CURVE('',#4541,#4532,#4543,.T.);
#4541 = VERTEX_POINT('',#4542);
#4542 = CARTESIAN_POINT('',(4.5,2.747625645363,1.883682353038));
#4543 = CIRCLE('',#4544,0.3);
#4544 = AXIS2_PLACEMENT_3D('',#4545,#4546,#4547);
#4545 = CARTESIAN_POINT('',(4.5,3.026586790433,1.773316237127));
#4546 = DIRECTION('',(-1.,2.465190328816E-32,0.));
#4547 = DIRECTION('',(3.563686280123E-47,1.445602896647E-15,-1.));
#4548 = ORIENTED_EDGE('',*,*,#4549,.F.);
#4549 = EDGE_CURVE('',#4550,#4541,#4552,.T.);
#4550 = VERTEX_POINT('',#4551);
#4551 = CARTESIAN_POINT('',(6.,2.747625645363,1.883682353038));
#4552 = LINE('',#4553,#4554);
#4553 = CARTESIAN_POINT('',(6.,2.747625645363,1.883682353038));
#4554 = VECTOR('',#4555,1.);
#4555 = DIRECTION('',(-1.,2.465190328816E-32,0.));
#4556 = ORIENTED_EDGE('',*,*,#4557,.T.);
#4557 = EDGE_CURVE('',#4550,#4522,#4558,.T.);
#4558 = CIRCLE('',#4559,0.3);
#4559 = AXIS2_PLACEMENT_3D('',#4560,#4561,#4562);
#4560 = CARTESIAN_POINT('',(6.,3.026586790433,1.773316237127));
#4561 = DIRECTION('',(-1.,2.465190328816E-32,0.));
#4562 = DIRECTION('',(3.563686280123E-47,1.445602896647E-15,-1.));
#4563 = CYLINDRICAL_SURFACE('',#4564,0.3);
#4564 = AXIS2_PLACEMENT_3D('',#4565,#4566,#4567);
#4565 = CARTESIAN_POINT('',(6.,3.026586790433,1.773316237127));
#4566 = DIRECTION('',(-1.,2.465190328816E-32,0.));
#4567 = DIRECTION('',(0.,0.,1.));
#4568 = ADVANCED_FACE('',(#4569),#4585,.T.);
#4569 = FACE_BOUND('',#4570,.T.);
#4570 = EDGE_LOOP('',(#4571,#4572,#4578,#4579));
#4571 = ORIENTED_EDGE('',*,*,#4055,.T.);
#4572 = ORIENTED_EDGE('',*,*,#4573,.T.);
#4573 = EDGE_CURVE('',#4048,#4304,#4574,.T.);
#4574 = LINE('',#4575,#4576);
#4575 = CARTESIAN_POINT('',(4.5,3.061611481008,2.071264674026));
#4576 = VECTOR('',#4577,1.);
#4577 = DIRECTION('',(-1.232595164408E-32,0.116748968583,0.993161456328)
  );
#4578 = ORIENTED_EDGE('',*,*,#4303,.F.);
#4579 = ORIENTED_EDGE('',*,*,#4580,.F.);
#4580 = EDGE_CURVE('',#4056,#4295,#4581,.T.);
#4581 = LINE('',#4582,#4583);
#4582 = CARTESIAN_POINT('',(4.425,3.061611481008,2.071264674026));
#4583 = VECTOR('',#4584,1.);
#4584 = DIRECTION('',(-1.232595164408E-32,0.116748968583,0.993161456328)
  );
#4585 = PLANE('',#4586);
#4586 = AXIS2_PLACEMENT_3D('',#4587,#4588,#4589);
#4587 = CARTESIAN_POINT('',(6.075,3.061611481008,2.071264674026));
#4588 = DIRECTION('',(2.465190328816E-32,-0.993161456328,0.116748968583)
  );
#4589 = DIRECTION('',(1.232595164408E-32,-0.116748968583,-0.993161456328
    ));
#4590 = ADVANCED_FACE('',(#4591),#4602,.T.);
#4591 = FACE_BOUND('',#4592,.T.);
#4592 = EDGE_LOOP('',(#4593,#4594,#4600,#4601));
#4593 = ORIENTED_EDGE('',*,*,#4294,.F.);
#4594 = ORIENTED_EDGE('',*,*,#4595,.F.);
#4595 = EDGE_CURVE('',#4064,#4287,#4596,.T.);
#4596 = LINE('',#4597,#4598);
#4597 = CARTESIAN_POINT('',(4.325,3.16092762664,2.059589777167));
#4598 = VECTOR('',#4599,1.);
#4599 = DIRECTION('',(-1.232595164408E-32,0.116748968583,0.993161456328)
  );
#4600 = ORIENTED_EDGE('',*,*,#4063,.T.);
#4601 = ORIENTED_EDGE('',*,*,#4580,.T.);
#4602 = CYLINDRICAL_SURFACE('',#4603,0.1);
#4603 = AXIS2_PLACEMENT_3D('',#4604,#4605,#4606);
#4604 = CARTESIAN_POINT('',(4.425,3.16092762664,2.059589777167));
#4605 = DIRECTION('',(-1.232595164408E-32,0.116748968583,0.993161456328)
  );
#4606 = DIRECTION('',(-2.600065509978E-47,-0.993161456328,0.116748968583
    ));
#4607 = ADVANCED_FACE('',(#4608),#4619,.T.);
#4608 = FACE_BOUND('',#4609,.T.);
#4609 = EDGE_LOOP('',(#4610,#4611,#4617,#4618));
#4610 = ORIENTED_EDGE('',*,*,#4286,.F.);
#4611 = ORIENTED_EDGE('',*,*,#4612,.F.);
#4612 = EDGE_CURVE('',#4073,#4278,#4613,.T.);
#4613 = LINE('',#4614,#4615);
#4614 = CARTESIAN_POINT('',(4.325,4.006619096582,1.960176327092));
#4615 = VECTOR('',#4616,1.);
#4616 = DIRECTION('',(-1.232595164408E-32,0.116748968583,0.993161456328)
  );
#4617 = ORIENTED_EDGE('',*,*,#4072,.T.);
#4618 = ORIENTED_EDGE('',*,*,#4595,.T.);
#4619 = PLANE('',#4620);
#4620 = AXIS2_PLACEMENT_3D('',#4621,#4622,#4623);
#4621 = CARTESIAN_POINT('',(4.325,3.16092762664,2.059589777167));
#4622 = DIRECTION('',(-1.,-1.011644729677E-15,1.189217302078E-16));
#4623 = DIRECTION('',(1.011644729677E-15,-1.,4.005968562276E-32));
#4624 = ADVANCED_FACE('',(#4625),#4631,.T.);
#4625 = FACE_BOUND('',#4626,.T.);
#4626 = EDGE_LOOP('',(#4627,#4628,#4629,#4630));
#4627 = ORIENTED_EDGE('',*,*,#4277,.F.);
#4628 = ORIENTED_EDGE('',*,*,#4372,.F.);
#4629 = ORIENTED_EDGE('',*,*,#4080,.T.);
#4630 = ORIENTED_EDGE('',*,*,#4612,.T.);
#4631 = CYLINDRICAL_SURFACE('',#4632,0.1);
#4632 = AXIS2_PLACEMENT_3D('',#4633,#4634,#4635);
#4633 = CARTESIAN_POINT('',(4.425,4.006619096582,1.960176327092));
#4634 = DIRECTION('',(-1.232595164408E-32,0.116748968583,0.993161456328)
  );
#4635 = DIRECTION('',(2.651382592411E-47,-0.993161456328,0.116748968583)
  );
#4636 = ADVANCED_FACE('',(#4637),#4682,.T.);
#4637 = FACE_BOUND('',#4638,.T.);
#4638 = EDGE_LOOP('',(#4639,#4648,#4657,#4665,#4674,#4681));
#4639 = ORIENTED_EDGE('',*,*,#4640,.F.);
#4640 = EDGE_CURVE('',#4641,#4304,#4643,.T.);
#4641 = VERTEX_POINT('',#4642);
#4642 = CARTESIAN_POINT('',(4.5,3.026586790433,2.273316237127));
#4643 = CIRCLE('',#4644,0.5);
#4644 = AXIS2_PLACEMENT_3D('',#4645,#4646,#4647);
#4645 = CARTESIAN_POINT('',(4.5,3.026586790433,1.773316237127));
#4646 = DIRECTION('',(-1.,2.465190328816E-32,0.));
#4647 = DIRECTION('',(0.,0.,-1.));
#4648 = ORIENTED_EDGE('',*,*,#4649,.F.);
#4649 = EDGE_CURVE('',#4650,#4641,#4652,.T.);
#4650 = VERTEX_POINT('',#4651);
#4651 = CARTESIAN_POINT('',(4.5,2.56165154865,1.957259763646));
#4652 = CIRCLE('',#4653,0.5);
#4653 = AXIS2_PLACEMENT_3D('',#4654,#4655,#4656);
#4654 = CARTESIAN_POINT('',(4.5,3.026586790433,1.773316237127));
#4655 = DIRECTION('',(-1.,2.465190328816E-32,0.));
#4656 = DIRECTION('',(4.276423536148E-47,1.734723475977E-15,-1.));
#4657 = ORIENTED_EDGE('',*,*,#4658,.F.);
#4658 = EDGE_CURVE('',#4659,#4650,#4661,.T.);
#4659 = VERTEX_POINT('',#4660);
#4660 = CARTESIAN_POINT('',(6.,2.56165154865,1.957259763646));
#4661 = LINE('',#4662,#4663);
#4662 = CARTESIAN_POINT('',(6.,2.56165154865,1.957259763646));
#4663 = VECTOR('',#4664,1.);
#4664 = DIRECTION('',(-1.,2.465190328816E-32,0.));
#4665 = ORIENTED_EDGE('',*,*,#4666,.T.);
#4666 = EDGE_CURVE('',#4659,#4667,#4669,.T.);
#4667 = VERTEX_POINT('',#4668);
#4668 = CARTESIAN_POINT('',(6.,3.026586790433,2.273316237127));
#4669 = CIRCLE('',#4670,0.5);
#4670 = AXIS2_PLACEMENT_3D('',#4671,#4672,#4673);
#4671 = CARTESIAN_POINT('',(6.,3.026586790433,1.773316237127));
#4672 = DIRECTION('',(-1.,2.465190328816E-32,0.));
#4673 = DIRECTION('',(2.138211768074E-47,8.673617379884E-16,-1.));
#4674 = ORIENTED_EDGE('',*,*,#4675,.T.);
#4675 = EDGE_CURVE('',#4667,#4312,#4676,.T.);
#4676 = CIRCLE('',#4677,0.5);
#4677 = AXIS2_PLACEMENT_3D('',#4678,#4679,#4680);
#4678 = CARTESIAN_POINT('',(6.,3.026586790433,1.773316237127));
#4679 = DIRECTION('',(-1.,2.465190328816E-32,0.));
#4680 = DIRECTION('',(2.993496475303E-46,1.214306433184E-14,-1.));
#4681 = ORIENTED_EDGE('',*,*,#4311,.T.);
#4682 = CYLINDRICAL_SURFACE('',#4683,0.5);
#4683 = AXIS2_PLACEMENT_3D('',#4684,#4685,#4686);
#4684 = CARTESIAN_POINT('',(6.,3.026586790433,1.773316237127));
#4685 = DIRECTION('',(-1.,2.465190328816E-32,0.));
#4686 = DIRECTION('',(0.,0.,1.));
#4687 = ADVANCED_FACE('',(#4688),#4692,.F.);
#4688 = FACE_BOUND('',#4689,.T.);
#4689 = EDGE_LOOP('',(#4690,#4691));
#4690 = ORIENTED_EDGE('',*,*,#4394,.T.);
#4691 = ORIENTED_EDGE('',*,*,#4418,.T.);
#4692 = PLANE('',#4693);
#4693 = AXIS2_PLACEMENT_3D('',#4694,#4695,#4696);
#4694 = CARTESIAN_POINT('',(5.25,-3.8,-0.1));
#4695 = DIRECTION('',(0.,1.,0.));
#4696 = DIRECTION('',(0.,0.,1.));
#4697 = ADVANCED_FACE('',(#4698),#4795,.T.);
#4698 = FACE_BOUND('',#4699,.T.);
#4699 = EDGE_LOOP('',(#4700,#4711,#4719,#4728,#4734,#4735,#4736,#4737,
    #4738,#4739,#4747,#4756,#4764,#4773,#4781,#4789));
#4700 = ORIENTED_EDGE('',*,*,#4701,.T.);
#4701 = EDGE_CURVE('',#4702,#4704,#4706,.T.);
#4702 = VERTEX_POINT('',#4703);
#4703 = CARTESIAN_POINT('',(6.,2.270285379672,-0.71073457847));
#4704 = VERTEX_POINT('',#4705);
#4705 = CARTESIAN_POINT('',(6.,2.269533474425,-0.689507760837));
#4706 = CIRCLE('',#4707,0.3);
#4707 = AXIS2_PLACEMENT_3D('',#4708,#4709,#4710);
#4708 = CARTESIAN_POINT('',(6.,2.569533474425,-0.689507760837));
#4709 = DIRECTION('',(-1.,2.465190328816E-32,0.));
#4710 = DIRECTION('',(-2.494580396086E-46,-1.011922027653E-14,-1.));
#4711 = ORIENTED_EDGE('',*,*,#4712,.T.);
#4712 = EDGE_CURVE('',#4704,#4713,#4715,.T.);
#4713 = VERTEX_POINT('',#4714);
#4714 = CARTESIAN_POINT('',(6.,2.269533474425,0.618069308855));
#4715 = LINE('',#4716,#4717);
#4716 = CARTESIAN_POINT('',(6.,2.269533474425,-0.700134486805));
#4717 = VECTOR('',#4718,1.);
#4718 = DIRECTION('',(0.,7.035130394291E-33,1.));
#4719 = ORIENTED_EDGE('',*,*,#4720,.T.);
#4720 = EDGE_CURVE('',#4713,#4721,#4723,.T.);
#4721 = VERTEX_POINT('',#4722);
#4722 = CARTESIAN_POINT('',(6.,2.290572329355,0.728435424766));
#4723 = CIRCLE('',#4724,0.3);
#4724 = AXIS2_PLACEMENT_3D('',#4725,#4726,#4727);
#4725 = CARTESIAN_POINT('',(6.,2.569533474425,0.618069308855));
#4726 = DIRECTION('',(-1.,2.465190328816E-32,0.));
#4727 = DIRECTION('',(3.563686280123E-47,1.445602896647E-15,-1.));
#4728 = ORIENTED_EDGE('',*,*,#4729,.T.);
#4729 = EDGE_CURVE('',#4721,#4550,#4730,.T.);
#4730 = LINE('',#4731,#4732);
#4731 = CARTESIAN_POINT('',(6.,2.269533474425,0.675257662608));
#4732 = VECTOR('',#4733,1.);
#4733 = DIRECTION('',(-2.465190328816E-32,0.367887053037,0.929870483566)
  );
#4734 = ORIENTED_EDGE('',*,*,#4557,.T.);
#4735 = ORIENTED_EDGE('',*,*,#4521,.T.);
#4736 = ORIENTED_EDGE('',*,*,#4505,.F.);
#4737 = ORIENTED_EDGE('',*,*,#4675,.F.);
#4738 = ORIENTED_EDGE('',*,*,#4666,.F.);
#4739 = ORIENTED_EDGE('',*,*,#4740,.F.);
#4740 = EDGE_CURVE('',#4741,#4659,#4743,.T.);
#4741 = VERTEX_POINT('',#4742);
#4742 = CARTESIAN_POINT('',(6.,2.104598232642,0.802012835373));
#4743 = LINE('',#4744,#4745);
#4744 = CARTESIAN_POINT('',(6.,2.083559377712,0.748835073215));
#4745 = VECTOR('',#4746,1.);
#4746 = DIRECTION('',(-2.465190328816E-32,0.367887053037,0.929870483566)
  );
#4747 = ORIENTED_EDGE('',*,*,#4748,.F.);
#4748 = EDGE_CURVE('',#4749,#4741,#4751,.T.);
#4749 = VERTEX_POINT('',#4750);
#4750 = CARTESIAN_POINT('',(6.,2.069533474425,0.618069308855));
#4751 = CIRCLE('',#4752,0.5);
#4752 = AXIS2_PLACEMENT_3D('',#4753,#4754,#4755);
#4753 = CARTESIAN_POINT('',(6.,2.569533474425,0.618069308855));
#4754 = DIRECTION('',(-1.,2.465190328816E-32,0.));
#4755 = DIRECTION('',(-4.276423536148E-47,-1.734723475977E-15,-1.));
#4756 = ORIENTED_EDGE('',*,*,#4757,.F.);
#4757 = EDGE_CURVE('',#4758,#4749,#4760,.T.);
#4758 = VERTEX_POINT('',#4759);
#4759 = CARTESIAN_POINT('',(6.,2.069533474425,-0.689507760837));
#4760 = LINE('',#4761,#4762);
#4761 = CARTESIAN_POINT('',(6.,2.069533474425,-0.700134486805));
#4762 = VECTOR('',#4763,1.);
#4763 = DIRECTION('',(0.,7.035130394291E-33,1.));
#4764 = ORIENTED_EDGE('',*,*,#4765,.F.);
#4765 = EDGE_CURVE('',#4766,#4758,#4768,.T.);
#4766 = VERTEX_POINT('',#4767);
#4767 = CARTESIAN_POINT('',(6.,2.070786649837,-0.724885790226));
#4768 = CIRCLE('',#4769,0.5);
#4769 = AXIS2_PLACEMENT_3D('',#4770,#4771,#4772);
#4770 = CARTESIAN_POINT('',(6.,2.569533474425,-0.689507760837));
#4771 = DIRECTION('',(-1.,2.465190328816E-32,0.));
#4772 = DIRECTION('',(0.,0.,-1.));
#4773 = ORIENTED_EDGE('',*,*,#4774,.F.);
#4774 = EDGE_CURVE('',#4775,#4766,#4777,.T.);
#4775 = VERTEX_POINT('',#4776);
#4776 = CARTESIAN_POINT('',(6.,2.149278849796,-1.831440795147));
#4777 = LINE('',#4778,#4779);
#4778 = CARTESIAN_POINT('',(6.,2.149278849796,-1.831440795147));
#4779 = VECTOR('',#4780,1.);
#4780 = DIRECTION('',(0.,-7.075605877766E-02,0.997493649176));
#4781 = ORIENTED_EDGE('',*,*,#4782,.F.);
#4782 = EDGE_CURVE('',#4783,#4775,#4785,.T.);
#4783 = VERTEX_POINT('',#4784);
#4784 = CARTESIAN_POINT('',(6.,2.348777579631,-1.817289583392));
#4785 = LINE('',#4786,#4787);
#4786 = CARTESIAN_POINT('',(6.,2.348777579631,-1.817289583392));
#4787 = VECTOR('',#4788,1.);
#4788 = DIRECTION('',(4.930380657631E-32,-0.997493649176,
    -7.075605877766E-02));
#4789 = ORIENTED_EDGE('',*,*,#4790,.T.);
#4790 = EDGE_CURVE('',#4783,#4702,#4791,.T.);
#4791 = LINE('',#4792,#4793);
#4792 = CARTESIAN_POINT('',(6.,2.348777579631,-1.817289583392));
#4793 = VECTOR('',#4794,1.);
#4794 = DIRECTION('',(-6.162975822039E-33,-7.075605877766E-02,
    0.997493649176));
#4795 = PLANE('',#4796);
#4796 = AXIS2_PLACEMENT_3D('',#4797,#4798,#4799);
#4797 = CARTESIAN_POINT('',(6.,2.345310493091,0.313717291353));
#4798 = DIRECTION('',(1.,0.,0.));
#4799 = DIRECTION('',(0.,0.,1.));
#4800 = ADVANCED_FACE('',(#4801),#4898,.T.);
#4801 = FACE_BOUND('',#4802,.T.);
#4802 = EDGE_LOOP('',(#4803,#4814,#4822,#4830,#4838,#4847,#4855,#4864,
    #4870,#4871,#4872,#4873,#4874,#4875,#4883,#4892));
#4803 = ORIENTED_EDGE('',*,*,#4804,.F.);
#4804 = EDGE_CURVE('',#4805,#4807,#4809,.T.);
#4805 = VERTEX_POINT('',#4806);
#4806 = CARTESIAN_POINT('',(4.5,2.270285379672,-0.71073457847));
#4807 = VERTEX_POINT('',#4808);
#4808 = CARTESIAN_POINT('',(4.5,2.269533474425,-0.689507760837));
#4809 = CIRCLE('',#4810,0.3);
#4810 = AXIS2_PLACEMENT_3D('',#4811,#4812,#4813);
#4811 = CARTESIAN_POINT('',(4.5,2.569533474425,-0.689507760837));
#4812 = DIRECTION('',(-1.,2.465190328816E-32,0.));
#4813 = DIRECTION('',(-1.069105884037E-46,-4.336808689942E-15,-1.));
#4814 = ORIENTED_EDGE('',*,*,#4815,.F.);
#4815 = EDGE_CURVE('',#4816,#4805,#4818,.T.);
#4816 = VERTEX_POINT('',#4817);
#4817 = CARTESIAN_POINT('',(4.5,2.348777579631,-1.817289583392));
#4818 = LINE('',#4819,#4820);
#4819 = CARTESIAN_POINT('',(4.5,2.348777579631,-1.817289583392));
#4820 = VECTOR('',#4821,1.);
#4821 = DIRECTION('',(-6.162975822039E-33,-7.075605877766E-02,
    0.997493649176));
#4822 = ORIENTED_EDGE('',*,*,#4823,.T.);
#4823 = EDGE_CURVE('',#4816,#4824,#4826,.T.);
#4824 = VERTEX_POINT('',#4825);
#4825 = CARTESIAN_POINT('',(4.5,2.149278849796,-1.831440795147));
#4826 = LINE('',#4827,#4828);
#4827 = CARTESIAN_POINT('',(4.5,2.348777579631,-1.817289583392));
#4828 = VECTOR('',#4829,1.);
#4829 = DIRECTION('',(4.930380657631E-32,-0.997493649176,
    -7.075605877766E-02));
#4830 = ORIENTED_EDGE('',*,*,#4831,.T.);
#4831 = EDGE_CURVE('',#4824,#4832,#4834,.T.);
#4832 = VERTEX_POINT('',#4833);
#4833 = CARTESIAN_POINT('',(4.5,2.070786649837,-0.724885790226));
#4834 = LINE('',#4835,#4836);
#4835 = CARTESIAN_POINT('',(4.5,2.149278849796,-1.831440795147));
#4836 = VECTOR('',#4837,1.);
#4837 = DIRECTION('',(0.,-7.075605877766E-02,0.997493649176));
#4838 = ORIENTED_EDGE('',*,*,#4839,.T.);
#4839 = EDGE_CURVE('',#4832,#4840,#4842,.T.);
#4840 = VERTEX_POINT('',#4841);
#4841 = CARTESIAN_POINT('',(4.5,2.069533474425,-0.689507760837));
#4842 = CIRCLE('',#4843,0.5);
#4843 = AXIS2_PLACEMENT_3D('',#4844,#4845,#4846);
#4844 = CARTESIAN_POINT('',(4.5,2.569533474425,-0.689507760837));
#4845 = DIRECTION('',(-1.,2.465190328816E-32,0.));
#4846 = DIRECTION('',(0.,0.,-1.));
#4847 = ORIENTED_EDGE('',*,*,#4848,.T.);
#4848 = EDGE_CURVE('',#4840,#4849,#4851,.T.);
#4849 = VERTEX_POINT('',#4850);
#4850 = CARTESIAN_POINT('',(4.5,2.069533474425,0.618069308855));
#4851 = LINE('',#4852,#4853);
#4852 = CARTESIAN_POINT('',(4.5,2.069533474425,-0.700134486805));
#4853 = VECTOR('',#4854,1.);
#4854 = DIRECTION('',(0.,7.035130394291E-33,1.));
#4855 = ORIENTED_EDGE('',*,*,#4856,.T.);
#4856 = EDGE_CURVE('',#4849,#4857,#4859,.T.);
#4857 = VERTEX_POINT('',#4858);
#4858 = CARTESIAN_POINT('',(4.5,2.104598232642,0.802012835373));
#4859 = CIRCLE('',#4860,0.5);
#4860 = AXIS2_PLACEMENT_3D('',#4861,#4862,#4863);
#4861 = CARTESIAN_POINT('',(4.5,2.569533474425,0.618069308855));
#4862 = DIRECTION('',(-1.,2.465190328816E-32,0.));
#4863 = DIRECTION('',(-2.138211768074E-47,-8.673617379884E-16,-1.));
#4864 = ORIENTED_EDGE('',*,*,#4865,.T.);
#4865 = EDGE_CURVE('',#4857,#4650,#4866,.T.);
#4866 = LINE('',#4867,#4868);
#4867 = CARTESIAN_POINT('',(4.5,2.083559377712,0.748835073215));
#4868 = VECTOR('',#4869,1.);
#4869 = DIRECTION('',(-2.465190328816E-32,0.367887053037,0.929870483566)
  );
#4870 = ORIENTED_EDGE('',*,*,#4649,.T.);
#4871 = ORIENTED_EDGE('',*,*,#4640,.T.);
#4872 = ORIENTED_EDGE('',*,*,#4573,.F.);
#4873 = ORIENTED_EDGE('',*,*,#4531,.F.);
#4874 = ORIENTED_EDGE('',*,*,#4540,.F.);
#4875 = ORIENTED_EDGE('',*,*,#4876,.F.);
#4876 = EDGE_CURVE('',#4877,#4541,#4879,.T.);
#4877 = VERTEX_POINT('',#4878);
#4878 = CARTESIAN_POINT('',(4.5,2.290572329355,0.728435424766));
#4879 = LINE('',#4880,#4881);
#4880 = CARTESIAN_POINT('',(4.5,2.269533474425,0.675257662608));
#4881 = VECTOR('',#4882,1.);
#4882 = DIRECTION('',(-2.465190328816E-32,0.367887053037,0.929870483566)
  );
#4883 = ORIENTED_EDGE('',*,*,#4884,.F.);
#4884 = EDGE_CURVE('',#4885,#4877,#4887,.T.);
#4885 = VERTEX_POINT('',#4886);
#4886 = CARTESIAN_POINT('',(4.5,2.269533474425,0.618069308855));
#4887 = CIRCLE('',#4888,0.3);
#4888 = AXIS2_PLACEMENT_3D('',#4889,#4890,#4891);
#4889 = CARTESIAN_POINT('',(4.5,2.569533474425,0.618069308855));
#4890 = DIRECTION('',(-1.,2.465190328816E-32,0.));
#4891 = DIRECTION('',(7.127372560246E-47,2.891205793295E-15,-1.));
#4892 = ORIENTED_EDGE('',*,*,#4893,.F.);
#4893 = EDGE_CURVE('',#4807,#4885,#4894,.T.);
#4894 = LINE('',#4895,#4896);
#4895 = CARTESIAN_POINT('',(4.5,2.269533474425,-0.700134486805));
#4896 = VECTOR('',#4897,1.);
#4897 = DIRECTION('',(0.,7.035130394291E-33,1.));
#4898 = PLANE('',#4899);
#4899 = AXIS2_PLACEMENT_3D('',#4900,#4901,#4902);
#4900 = CARTESIAN_POINT('',(4.5,2.345310493091,0.313717291353));
#4901 = DIRECTION('',(-1.,-0.,-0.));
#4902 = DIRECTION('',(0.,0.,-1.));
#4903 = ADVANCED_FACE('',(#4904),#4915,.F.);
#4904 = FACE_BOUND('',#4905,.T.);
#4905 = EDGE_LOOP('',(#4906,#4907,#4908,#4909));
#4906 = ORIENTED_EDGE('',*,*,#4876,.T.);
#4907 = ORIENTED_EDGE('',*,*,#4549,.F.);
#4908 = ORIENTED_EDGE('',*,*,#4729,.F.);
#4909 = ORIENTED_EDGE('',*,*,#4910,.T.);
#4910 = EDGE_CURVE('',#4721,#4877,#4911,.T.);
#4911 = LINE('',#4912,#4913);
#4912 = CARTESIAN_POINT('',(6.,2.290572329355,0.728435424766));
#4913 = VECTOR('',#4914,1.);
#4914 = DIRECTION('',(-1.,2.465190328816E-32,0.));
#4915 = PLANE('',#4916);
#4916 = AXIS2_PLACEMENT_3D('',#4917,#4918,#4919);
#4917 = CARTESIAN_POINT('',(6.,2.269533474425,0.675257662608));
#4918 = DIRECTION('',(2.465190328816E-32,-0.929870483566,0.367887053037)
  );
#4919 = DIRECTION('',(-2.736911063134E-48,-0.367887053037,
    -0.929870483566));
#4920 = ADVANCED_FACE('',(#4921),#4932,.T.);
#4921 = FACE_BOUND('',#4922,.T.);
#4922 = EDGE_LOOP('',(#4923,#4924,#4930,#4931));
#4923 = ORIENTED_EDGE('',*,*,#4865,.F.);
#4924 = ORIENTED_EDGE('',*,*,#4925,.F.);
#4925 = EDGE_CURVE('',#4741,#4857,#4926,.T.);
#4926 = LINE('',#4927,#4928);
#4927 = CARTESIAN_POINT('',(6.,2.104598232642,0.802012835373));
#4928 = VECTOR('',#4929,1.);
#4929 = DIRECTION('',(-1.,2.465190328816E-32,0.));
#4930 = ORIENTED_EDGE('',*,*,#4740,.T.);
#4931 = ORIENTED_EDGE('',*,*,#4658,.T.);
#4932 = PLANE('',#4933);
#4933 = AXIS2_PLACEMENT_3D('',#4934,#4935,#4936);
#4934 = CARTESIAN_POINT('',(6.,2.083559377712,0.748835073215));
#4935 = DIRECTION('',(2.465190328816E-32,-0.929870483566,0.367887053037)
  );
#4936 = DIRECTION('',(-2.736911063134E-48,-0.367887053037,
    -0.929870483566));
#4937 = ADVANCED_FACE('',(#4938),#4954,.F.);
#4938 = FACE_BOUND('',#4939,.F.);
#4939 = EDGE_LOOP('',(#4940,#4946,#4947,#4953));
#4940 = ORIENTED_EDGE('',*,*,#4941,.F.);
#4941 = EDGE_CURVE('',#4702,#4805,#4942,.T.);
#4942 = LINE('',#4943,#4944);
#4943 = CARTESIAN_POINT('',(6.,2.270285379672,-0.71073457847));
#4944 = VECTOR('',#4945,1.);
#4945 = DIRECTION('',(-1.,2.465190328816E-32,0.));
#4946 = ORIENTED_EDGE('',*,*,#4701,.T.);
#4947 = ORIENTED_EDGE('',*,*,#4948,.T.);
#4948 = EDGE_CURVE('',#4704,#4807,#4949,.T.);
#4949 = LINE('',#4950,#4951);
#4950 = CARTESIAN_POINT('',(6.,2.269533474425,-0.689507760837));
#4951 = VECTOR('',#4952,1.);
#4952 = DIRECTION('',(-1.,2.465190328816E-32,0.));
#4953 = ORIENTED_EDGE('',*,*,#4804,.F.);
#4954 = CYLINDRICAL_SURFACE('',#4955,0.3);
#4955 = AXIS2_PLACEMENT_3D('',#4956,#4957,#4958);
#4956 = CARTESIAN_POINT('',(6.,2.569533474425,-0.689507760837));
#4957 = DIRECTION('',(-1.,2.465190328816E-32,0.));
#4958 = DIRECTION('',(0.,0.,1.));
#4959 = ADVANCED_FACE('',(#4960),#4971,.F.);
#4960 = FACE_BOUND('',#4961,.T.);
#4961 = EDGE_LOOP('',(#4962,#4963,#4969,#4970));
#4962 = ORIENTED_EDGE('',*,*,#4893,.T.);
#4963 = ORIENTED_EDGE('',*,*,#4964,.F.);
#4964 = EDGE_CURVE('',#4713,#4885,#4965,.T.);
#4965 = LINE('',#4966,#4967);
#4966 = CARTESIAN_POINT('',(6.,2.269533474425,0.618069308855));
#4967 = VECTOR('',#4968,1.);
#4968 = DIRECTION('',(-1.,2.465190328816E-32,0.));
#4969 = ORIENTED_EDGE('',*,*,#4712,.F.);
#4970 = ORIENTED_EDGE('',*,*,#4948,.T.);
#4971 = PLANE('',#4972);
#4972 = AXIS2_PLACEMENT_3D('',#4973,#4974,#4975);
#4973 = CARTESIAN_POINT('',(6.,2.269533474425,-0.700134486805));
#4974 = DIRECTION('',(2.465190328816E-32,-1.,7.035130394291E-33));
#4975 = DIRECTION('',(0.,-7.035130394291E-33,-1.));
#4976 = ADVANCED_FACE('',(#4977),#4983,.F.);
#4977 = FACE_BOUND('',#4978,.F.);
#4978 = EDGE_LOOP('',(#4979,#4980,#4981,#4982));
#4979 = ORIENTED_EDGE('',*,*,#4964,.F.);
#4980 = ORIENTED_EDGE('',*,*,#4720,.T.);
#4981 = ORIENTED_EDGE('',*,*,#4910,.T.);
#4982 = ORIENTED_EDGE('',*,*,#4884,.F.);
#4983 = CYLINDRICAL_SURFACE('',#4984,0.3);
#4984 = AXIS2_PLACEMENT_3D('',#4985,#4986,#4987);
#4985 = CARTESIAN_POINT('',(6.,2.569533474425,0.618069308855));
#4986 = DIRECTION('',(-1.,2.465190328816E-32,0.));
#4987 = DIRECTION('',(0.,0.,1.));
#4988 = ADVANCED_FACE('',(#4989),#5000,.T.);
#4989 = FACE_BOUND('',#4990,.T.);
#4990 = EDGE_LOOP('',(#4991,#4992,#4998,#4999));
#4991 = ORIENTED_EDGE('',*,*,#4856,.F.);
#4992 = ORIENTED_EDGE('',*,*,#4993,.F.);
#4993 = EDGE_CURVE('',#4749,#4849,#4994,.T.);
#4994 = LINE('',#4995,#4996);
#4995 = CARTESIAN_POINT('',(6.,2.069533474425,0.618069308855));
#4996 = VECTOR('',#4997,1.);
#4997 = DIRECTION('',(-1.,2.465190328816E-32,0.));
#4998 = ORIENTED_EDGE('',*,*,#4748,.T.);
#4999 = ORIENTED_EDGE('',*,*,#4925,.T.);
#5000 = CYLINDRICAL_SURFACE('',#5001,0.5);
#5001 = AXIS2_PLACEMENT_3D('',#5002,#5003,#5004);
#5002 = CARTESIAN_POINT('',(6.,2.569533474425,0.618069308855));
#5003 = DIRECTION('',(-1.,2.465190328816E-32,0.));
#5004 = DIRECTION('',(0.,0.,1.));
#5005 = ADVANCED_FACE('',(#5006),#5017,.T.);
#5006 = FACE_BOUND('',#5007,.T.);
#5007 = EDGE_LOOP('',(#5008,#5009,#5015,#5016));
#5008 = ORIENTED_EDGE('',*,*,#4848,.F.);
#5009 = ORIENTED_EDGE('',*,*,#5010,.F.);
#5010 = EDGE_CURVE('',#4758,#4840,#5011,.T.);
#5011 = LINE('',#5012,#5013);
#5012 = CARTESIAN_POINT('',(6.,2.069533474425,-0.689507760837));
#5013 = VECTOR('',#5014,1.);
#5014 = DIRECTION('',(-1.,2.465190328816E-32,0.));
#5015 = ORIENTED_EDGE('',*,*,#4757,.T.);
#5016 = ORIENTED_EDGE('',*,*,#4993,.T.);
#5017 = PLANE('',#5018);
#5018 = AXIS2_PLACEMENT_3D('',#5019,#5020,#5021);
#5019 = CARTESIAN_POINT('',(6.,2.069533474425,-0.700134486805));
#5020 = DIRECTION('',(2.465190328816E-32,-1.,7.035130394291E-33));
#5021 = DIRECTION('',(0.,-7.035130394291E-33,-1.));
#5022 = ADVANCED_FACE('',(#5023),#5034,.T.);
#5023 = FACE_BOUND('',#5024,.T.);
#5024 = EDGE_LOOP('',(#5025,#5026,#5032,#5033));
#5025 = ORIENTED_EDGE('',*,*,#4839,.F.);
#5026 = ORIENTED_EDGE('',*,*,#5027,.F.);
#5027 = EDGE_CURVE('',#4766,#4832,#5028,.T.);
#5028 = LINE('',#5029,#5030);
#5029 = CARTESIAN_POINT('',(6.,2.070786649837,-0.724885790226));
#5030 = VECTOR('',#5031,1.);
#5031 = DIRECTION('',(-1.,2.465190328816E-32,0.));
#5032 = ORIENTED_EDGE('',*,*,#4765,.T.);
#5033 = ORIENTED_EDGE('',*,*,#5010,.T.);
#5034 = CYLINDRICAL_SURFACE('',#5035,0.5);
#5035 = AXIS2_PLACEMENT_3D('',#5036,#5037,#5038);
#5036 = CARTESIAN_POINT('',(6.,2.569533474425,-0.689507760837));
#5037 = DIRECTION('',(-1.,2.465190328816E-32,0.));
#5038 = DIRECTION('',(0.,0.,1.));
#5039 = ADVANCED_FACE('',(#5040),#5051,.T.);
#5040 = FACE_BOUND('',#5041,.T.);
#5041 = EDGE_LOOP('',(#5042,#5043,#5049,#5050));
#5042 = ORIENTED_EDGE('',*,*,#4831,.F.);
#5043 = ORIENTED_EDGE('',*,*,#5044,.F.);
#5044 = EDGE_CURVE('',#4775,#4824,#5045,.T.);
#5045 = LINE('',#5046,#5047);
#5046 = CARTESIAN_POINT('',(6.,2.149278849796,-1.831440795147));
#5047 = VECTOR('',#5048,1.);
#5048 = DIRECTION('',(-1.,2.465190328816E-32,0.));
#5049 = ORIENTED_EDGE('',*,*,#4774,.T.);
#5050 = ORIENTED_EDGE('',*,*,#5027,.T.);
#5051 = PLANE('',#5052);
#5052 = AXIS2_PLACEMENT_3D('',#5053,#5054,#5055);
#5053 = CARTESIAN_POINT('',(6.,2.149278849796,-1.831440795147));
#5054 = DIRECTION('',(2.465190328816E-32,-0.997493649176,
    -7.075605877766E-02));
#5055 = DIRECTION('',(0.,7.075605877766E-02,-0.997493649176));
#5056 = ADVANCED_FACE('',(#5057),#5068,.T.);
#5057 = FACE_BOUND('',#5058,.T.);
#5058 = EDGE_LOOP('',(#5059,#5060,#5066,#5067));
#5059 = ORIENTED_EDGE('',*,*,#4823,.F.);
#5060 = ORIENTED_EDGE('',*,*,#5061,.F.);
#5061 = EDGE_CURVE('',#4783,#4816,#5062,.T.);
#5062 = LINE('',#5063,#5064);
#5063 = CARTESIAN_POINT('',(6.,2.348777579631,-1.817289583392));
#5064 = VECTOR('',#5065,1.);
#5065 = DIRECTION('',(-1.,2.465190328816E-32,0.));
#5066 = ORIENTED_EDGE('',*,*,#4782,.T.);
#5067 = ORIENTED_EDGE('',*,*,#5044,.T.);
#5068 = PLANE('',#5069);
#5069 = AXIS2_PLACEMENT_3D('',#5070,#5071,#5072);
#5070 = CARTESIAN_POINT('',(6.,2.348777579631,-1.817289583392));
#5071 = DIRECTION('',(6.162975822039E-33,7.075605877766E-02,
    -0.997493649176));
#5072 = DIRECTION('',(-4.930380657631E-32,0.997493649176,
    7.075605877766E-02));
#5073 = ADVANCED_FACE('',(#5074),#5080,.F.);
#5074 = FACE_BOUND('',#5075,.T.);
#5075 = EDGE_LOOP('',(#5076,#5077,#5078,#5079));
#5076 = ORIENTED_EDGE('',*,*,#4815,.T.);
#5077 = ORIENTED_EDGE('',*,*,#4941,.F.);
#5078 = ORIENTED_EDGE('',*,*,#4790,.F.);
#5079 = ORIENTED_EDGE('',*,*,#5061,.T.);
#5080 = PLANE('',#5081);
#5081 = AXIS2_PLACEMENT_3D('',#5082,#5083,#5084);
#5082 = CARTESIAN_POINT('',(6.,2.348777579631,-1.817289583392));
#5083 = DIRECTION('',(2.465190328816E-32,-0.997493649176,
    -7.075605877766E-02));
#5084 = DIRECTION('',(6.162975822039E-33,7.075605877766E-02,
    -0.997493649176));
#5085 = ADVANCED_FACE('',(#5086,#5120),#5217,.T.);
#5086 = FACE_BOUND('',#5087,.T.);
#5087 = EDGE_LOOP('',(#5088,#5098,#5106,#5114));
#5088 = ORIENTED_EDGE('',*,*,#5089,.F.);
#5089 = EDGE_CURVE('',#5090,#5092,#5094,.T.);
#5090 = VERTEX_POINT('',#5091);
#5091 = CARTESIAN_POINT('',(7.,0.1,-2.86));
#5092 = VERTEX_POINT('',#5093);
#5093 = CARTESIAN_POINT('',(7.,5.411315037257,-2.86));
#5094 = LINE('',#5095,#5096);
#5095 = CARTESIAN_POINT('',(7.,-0.860416576283,-2.86));
#5096 = VECTOR('',#5097,1.);
#5097 = DIRECTION('',(0.,1.,0.));
#5098 = ORIENTED_EDGE('',*,*,#5099,.T.);
#5099 = EDGE_CURVE('',#5090,#5100,#5102,.T.);
#5100 = VERTEX_POINT('',#5101);
#5101 = CARTESIAN_POINT('',(7.,0.1,-2.36));
#5102 = LINE('',#5103,#5104);
#5103 = CARTESIAN_POINT('',(7.,0.1,-2.36));
#5104 = VECTOR('',#5105,1.);
#5105 = DIRECTION('',(0.,0.,1.));
#5106 = ORIENTED_EDGE('',*,*,#5107,.T.);
#5107 = EDGE_CURVE('',#5100,#5108,#5110,.T.);
#5108 = VERTEX_POINT('',#5109);
#5109 = CARTESIAN_POINT('',(7.,5.411315037257,-2.36));
#5110 = LINE('',#5111,#5112);
#5111 = CARTESIAN_POINT('',(7.,-0.860416576283,-2.36));
#5112 = VECTOR('',#5113,1.);
#5113 = DIRECTION('',(0.,1.,0.));
#5114 = ORIENTED_EDGE('',*,*,#5115,.F.);
#5115 = EDGE_CURVE('',#5092,#5108,#5116,.T.);
#5116 = LINE('',#5117,#5118);
#5117 = CARTESIAN_POINT('',(7.,5.411315037257,-2.36));
#5118 = VECTOR('',#5119,1.);
#5119 = DIRECTION('',(0.,0.,1.));
#5120 = FACE_BOUND('',#5121,.T.);
#5121 = EDGE_LOOP('',(#5122,#5130,#5138,#5146,#5154,#5162,#5170,#5178,
    #5186,#5194,#5202,#5210,#5216));
#5122 = ORIENTED_EDGE('',*,*,#5123,.T.);
#5123 = EDGE_CURVE('',#2528,#5124,#5126,.T.);
#5124 = VERTEX_POINT('',#5125);
#5125 = CARTESIAN_POINT('',(7.,0.1,-1.7));
#5126 = LINE('',#5127,#5128);
#5127 = CARTESIAN_POINT('',(7.,0.1,3.5));
#5128 = VECTOR('',#5129,1.);
#5129 = DIRECTION('',(0.,0.,-1.));
#5130 = ORIENTED_EDGE('',*,*,#5131,.T.);
#5131 = EDGE_CURVE('',#5124,#5132,#5134,.T.);
#5132 = VERTEX_POINT('',#5133);
#5133 = CARTESIAN_POINT('',(7.,0.,-1.7));
#5134 = LINE('',#5135,#5136);
#5135 = CARTESIAN_POINT('',(7.,0.1,-1.7));
#5136 = VECTOR('',#5137,1.);
#5137 = DIRECTION('',(0.,-1.,0.));
#5138 = ORIENTED_EDGE('',*,*,#5139,.T.);
#5139 = EDGE_CURVE('',#5132,#5140,#5142,.T.);
#5140 = VERTEX_POINT('',#5141);
#5141 = CARTESIAN_POINT('',(7.,0.,-3.3));
#5142 = LINE('',#5143,#5144);
#5143 = CARTESIAN_POINT('',(7.,0.,-1.7));
#5144 = VECTOR('',#5145,1.);
#5145 = DIRECTION('',(0.,0.,-1.));
#5146 = ORIENTED_EDGE('',*,*,#5147,.T.);
#5147 = EDGE_CURVE('',#5140,#5148,#5150,.T.);
#5148 = VERTEX_POINT('',#5149);
#5149 = CARTESIAN_POINT('',(7.,0.1,-3.3));
#5150 = LINE('',#5151,#5152);
#5151 = CARTESIAN_POINT('',(7.,0.,-3.3));
#5152 = VECTOR('',#5153,1.);
#5153 = DIRECTION('',(0.,1.,0.));
#5154 = ORIENTED_EDGE('',*,*,#5155,.T.);
#5155 = EDGE_CURVE('',#5148,#5156,#5158,.T.);
#5156 = VERTEX_POINT('',#5157);
#5157 = CARTESIAN_POINT('',(7.,0.1,-3.5));
#5158 = LINE('',#5159,#5160);
#5159 = CARTESIAN_POINT('',(7.,0.1,-3.3));
#5160 = VECTOR('',#5161,1.);
#5161 = DIRECTION('',(0.,0.,-1.));
#5162 = ORIENTED_EDGE('',*,*,#5163,.T.);
#5163 = EDGE_CURVE('',#5156,#5164,#5166,.T.);
#5164 = VERTEX_POINT('',#5165);
#5165 = CARTESIAN_POINT('',(7.,8.4,-3.5));
#5166 = LINE('',#5167,#5168);
#5167 = CARTESIAN_POINT('',(7.,0.1,-3.5));
#5168 = VECTOR('',#5169,1.);
#5169 = DIRECTION('',(0.,1.,0.));
#5170 = ORIENTED_EDGE('',*,*,#5171,.T.);
#5171 = EDGE_CURVE('',#5164,#5172,#5174,.T.);
#5172 = VERTEX_POINT('',#5173);
#5173 = CARTESIAN_POINT('',(7.,8.4,1.39));
#5174 = LINE('',#5175,#5176);
#5175 = CARTESIAN_POINT('',(7.,8.4,-3.5));
#5176 = VECTOR('',#5177,1.);
#5177 = DIRECTION('',(0.,0.,1.));
#5178 = ORIENTED_EDGE('',*,*,#5179,.F.);
#5179 = EDGE_CURVE('',#5180,#5172,#5182,.T.);
#5180 = VERTEX_POINT('',#5181);
#5181 = CARTESIAN_POINT('',(7.,5.411315037257,1.39));
#5182 = LINE('',#5183,#5184);
#5183 = CARTESIAN_POINT('',(7.,5.411315037257,1.39));
#5184 = VECTOR('',#5185,1.);
#5185 = DIRECTION('',(0.,1.,0.));
#5186 = ORIENTED_EDGE('',*,*,#5187,.F.);
#5187 = EDGE_CURVE('',#5188,#5180,#5190,.T.);
#5188 = VERTEX_POINT('',#5189);
#5189 = CARTESIAN_POINT('',(7.,5.411315037257,1.89));
#5190 = LINE('',#5191,#5192);
#5191 = CARTESIAN_POINT('',(7.,5.411315037257,1.39));
#5192 = VECTOR('',#5193,1.);
#5193 = DIRECTION('',(-0.,-0.,-1.));
#5194 = ORIENTED_EDGE('',*,*,#5195,.T.);
#5195 = EDGE_CURVE('',#5188,#5196,#5198,.T.);
#5196 = VERTEX_POINT('',#5197);
#5197 = CARTESIAN_POINT('',(7.,8.4,1.89));
#5198 = LINE('',#5199,#5200);
#5199 = CARTESIAN_POINT('',(7.,5.411315037257,1.89));
#5200 = VECTOR('',#5201,1.);
#5201 = DIRECTION('',(0.,1.,0.));
#5202 = ORIENTED_EDGE('',*,*,#5203,.T.);
#5203 = EDGE_CURVE('',#5196,#5204,#5206,.T.);
#5204 = VERTEX_POINT('',#5205);
#5205 = CARTESIAN_POINT('',(7.,8.4,2.5));
#5206 = LINE('',#5207,#5208);
#5207 = CARTESIAN_POINT('',(7.,8.4,-3.5));
#5208 = VECTOR('',#5209,1.);
#5209 = DIRECTION('',(0.,0.,1.));
#5210 = ORIENTED_EDGE('',*,*,#5211,.T.);
#5211 = EDGE_CURVE('',#5204,#2536,#5212,.T.);
#5212 = LINE('',#5213,#5214);
#5213 = CARTESIAN_POINT('',(7.,8.4,2.5));
#5214 = VECTOR('',#5215,1.);
#5215 = DIRECTION('',(0.,-0.948323655206,0.317304656405));
#5216 = ORIENTED_EDGE('',*,*,#2535,.T.);
#5217 = PLANE('',#5218);
#5218 = AXIS2_PLACEMENT_3D('',#5219,#5220,#5221);
#5219 = CARTESIAN_POINT('',(7.,0.,0.));
#5220 = DIRECTION('',(1.,0.,0.));
#5221 = DIRECTION('',(0.,0.,-1.));
#5222 = ADVANCED_FACE('',(#5223),#5248,.T.);
#5223 = FACE_BOUND('',#5224,.T.);
#5224 = EDGE_LOOP('',(#5225,#5235,#5241,#5242));
#5225 = ORIENTED_EDGE('',*,*,#5226,.F.);
#5226 = EDGE_CURVE('',#5227,#5229,#5231,.T.);
#5227 = VERTEX_POINT('',#5228);
#5228 = CARTESIAN_POINT('',(7.5,1.E-01,-3.02));
#5229 = VERTEX_POINT('',#5230);
#5230 = CARTESIAN_POINT('',(7.5,5.411315037257,-3.02));
#5231 = LINE('',#5232,#5233);
#5232 = CARTESIAN_POINT('',(7.5,-0.860416576283,-3.02));
#5233 = VECTOR('',#5234,1.);
#5234 = DIRECTION('',(0.,1.,0.));
#5235 = ORIENTED_EDGE('',*,*,#5236,.T.);
#5236 = EDGE_CURVE('',#5227,#5090,#5237,.T.);
#5237 = LINE('',#5238,#5239);
#5238 = CARTESIAN_POINT('',(7.,0.1,-2.86));
#5239 = VECTOR('',#5240,1.);
#5240 = DIRECTION('',(-0.952424147199,0.,0.304775727104));
#5241 = ORIENTED_EDGE('',*,*,#5089,.T.);
#5242 = ORIENTED_EDGE('',*,*,#5243,.F.);
#5243 = EDGE_CURVE('',#5229,#5092,#5244,.T.);
#5244 = LINE('',#5245,#5246);
#5245 = CARTESIAN_POINT('',(7.,5.411315037257,-2.86));
#5246 = VECTOR('',#5247,1.);
#5247 = DIRECTION('',(-0.952424147199,0.,0.304775727104));
#5248 = PLANE('',#5249);
#5249 = AXIS2_PLACEMENT_3D('',#5250,#5251,#5252);
#5250 = CARTESIAN_POINT('',(7.,-0.860416576283,-2.86));
#5251 = DIRECTION('',(-0.304775727104,0.,-0.952424147199));
#5252 = DIRECTION('',(-0.952424147199,0.,0.304775727104));
#5253 = ADVANCED_FACE('',(#5254),#5272,.T.);
#5254 = FACE_BOUND('',#5255,.T.);
#5255 = EDGE_LOOP('',(#5256,#5264,#5265,#5266));
#5256 = ORIENTED_EDGE('',*,*,#5257,.F.);
#5257 = EDGE_CURVE('',#5100,#5258,#5260,.T.);
#5258 = VERTEX_POINT('',#5259);
#5259 = CARTESIAN_POINT('',(7.5,0.1,-2.2));
#5260 = LINE('',#5261,#5262);
#5261 = CARTESIAN_POINT('',(7.5,0.1,-2.2));
#5262 = VECTOR('',#5263,1.);
#5263 = DIRECTION('',(0.952424147199,0.,0.304775727104));
#5264 = ORIENTED_EDGE('',*,*,#5099,.F.);
#5265 = ORIENTED_EDGE('',*,*,#5236,.F.);
#5266 = ORIENTED_EDGE('',*,*,#5267,.F.);
#5267 = EDGE_CURVE('',#5258,#5227,#5268,.T.);
#5268 = LINE('',#5269,#5270);
#5269 = CARTESIAN_POINT('',(7.5,0.1,-3.02));
#5270 = VECTOR('',#5271,1.);
#5271 = DIRECTION('',(1.057758217059E-15,0.,-1.));
#5272 = PLANE('',#5273);
#5273 = AXIS2_PLACEMENT_3D('',#5274,#5275,#5276);
#5274 = CARTESIAN_POINT('',(3.5,0.1,3.5));
#5275 = DIRECTION('',(0.,-1.,0.));
#5276 = DIRECTION('',(0.,0.,-1.));
#5277 = ADVANCED_FACE('',(#5278),#5296,.T.);
#5278 = FACE_BOUND('',#5279,.T.);
#5279 = EDGE_LOOP('',(#5280,#5281,#5282,#5290));
#5280 = ORIENTED_EDGE('',*,*,#5107,.F.);
#5281 = ORIENTED_EDGE('',*,*,#5257,.T.);
#5282 = ORIENTED_EDGE('',*,*,#5283,.T.);
#5283 = EDGE_CURVE('',#5258,#5284,#5286,.T.);
#5284 = VERTEX_POINT('',#5285);
#5285 = CARTESIAN_POINT('',(7.5,5.411315037257,-2.2));
#5286 = LINE('',#5287,#5288);
#5287 = CARTESIAN_POINT('',(7.5,-0.860416576283,-2.2));
#5288 = VECTOR('',#5289,1.);
#5289 = DIRECTION('',(0.,1.,0.));
#5290 = ORIENTED_EDGE('',*,*,#5291,.F.);
#5291 = EDGE_CURVE('',#5108,#5284,#5292,.T.);
#5292 = LINE('',#5293,#5294);
#5293 = CARTESIAN_POINT('',(7.5,5.411315037257,-2.2));
#5294 = VECTOR('',#5295,1.);
#5295 = DIRECTION('',(0.952424147199,0.,0.304775727104));
#5296 = PLANE('',#5297);
#5297 = AXIS2_PLACEMENT_3D('',#5298,#5299,#5300);
#5298 = CARTESIAN_POINT('',(7.5,-0.860416576283,-2.2));
#5299 = DIRECTION('',(-0.304775727104,0.,0.952424147199));
#5300 = DIRECTION('',(0.952424147199,0.,0.304775727104));
#5301 = ADVANCED_FACE('',(#5302),#5313,.F.);
#5302 = FACE_BOUND('',#5303,.T.);
#5303 = EDGE_LOOP('',(#5304,#5305,#5311,#5312));
#5304 = ORIENTED_EDGE('',*,*,#5291,.T.);
#5305 = ORIENTED_EDGE('',*,*,#5306,.T.);
#5306 = EDGE_CURVE('',#5284,#5229,#5307,.T.);
#5307 = LINE('',#5308,#5309);
#5308 = CARTESIAN_POINT('',(7.5,5.411315037257,-3.02));
#5309 = VECTOR('',#5310,1.);
#5310 = DIRECTION('',(1.057758217059E-15,0.,-1.));
#5311 = ORIENTED_EDGE('',*,*,#5243,.T.);
#5312 = ORIENTED_EDGE('',*,*,#5115,.T.);
#5313 = PLANE('',#5314);
#5314 = AXIS2_PLACEMENT_3D('',#5315,#5316,#5317);
#5315 = CARTESIAN_POINT('',(3.5,5.411315037257,0.));
#5316 = DIRECTION('',(0.,-1.,0.));
#5317 = DIRECTION('',(0.,0.,-1.));
#5318 = ADVANCED_FACE('',(#5319),#5344,.F.);
#5319 = FACE_BOUND('',#5320,.T.);
#5320 = EDGE_LOOP('',(#5321,#5329,#5337,#5343));
#5321 = ORIENTED_EDGE('',*,*,#5322,.T.);
#5322 = EDGE_CURVE('',#5172,#5323,#5325,.T.);
#5323 = VERTEX_POINT('',#5324);
#5324 = CARTESIAN_POINT('',(6.5,8.4,1.23));
#5325 = LINE('',#5326,#5327);
#5326 = CARTESIAN_POINT('',(6.5,8.4,1.23));
#5327 = VECTOR('',#5328,1.);
#5328 = DIRECTION('',(-0.952424147199,-0.,-0.304775727104));
#5329 = ORIENTED_EDGE('',*,*,#5330,.F.);
#5330 = EDGE_CURVE('',#5331,#5323,#5333,.T.);
#5331 = VERTEX_POINT('',#5332);
#5332 = CARTESIAN_POINT('',(6.5,5.411315037257,1.23));
#5333 = LINE('',#5334,#5335);
#5334 = CARTESIAN_POINT('',(6.5,5.411315037257,1.23));
#5335 = VECTOR('',#5336,1.);
#5336 = DIRECTION('',(0.,1.,0.));
#5337 = ORIENTED_EDGE('',*,*,#5338,.F.);
#5338 = EDGE_CURVE('',#5180,#5331,#5339,.T.);
#5339 = LINE('',#5340,#5341);
#5340 = CARTESIAN_POINT('',(6.5,5.411315037257,1.23));
#5341 = VECTOR('',#5342,1.);
#5342 = DIRECTION('',(-0.952424147199,-0.,-0.304775727104));
#5343 = ORIENTED_EDGE('',*,*,#5179,.T.);
#5344 = PLANE('',#5345);
#5345 = AXIS2_PLACEMENT_3D('',#5346,#5347,#5348);
#5346 = CARTESIAN_POINT('',(6.5,5.411315037257,1.23));
#5347 = DIRECTION('',(0.304775727104,0.,-0.952424147199));
#5348 = DIRECTION('',(-0.952424147199,0.,-0.304775727104));
#5349 = ADVANCED_FACE('',(#5350),#5368,.F.);
#5350 = FACE_BOUND('',#5351,.T.);
#5351 = EDGE_LOOP('',(#5352,#5353,#5354,#5362));
#5352 = ORIENTED_EDGE('',*,*,#5187,.T.);
#5353 = ORIENTED_EDGE('',*,*,#5338,.T.);
#5354 = ORIENTED_EDGE('',*,*,#5355,.T.);
#5355 = EDGE_CURVE('',#5331,#5356,#5358,.T.);
#5356 = VERTEX_POINT('',#5357);
#5357 = CARTESIAN_POINT('',(6.5,5.411315037257,2.05));
#5358 = LINE('',#5359,#5360);
#5359 = CARTESIAN_POINT('',(6.5,5.411315037257,2.05));
#5360 = VECTOR('',#5361,1.);
#5361 = DIRECTION('',(0.,0.,1.));
#5362 = ORIENTED_EDGE('',*,*,#5363,.T.);
#5363 = EDGE_CURVE('',#5356,#5188,#5364,.T.);
#5364 = LINE('',#5365,#5366);
#5365 = CARTESIAN_POINT('',(7.,5.411315037257,1.89));
#5366 = VECTOR('',#5367,1.);
#5367 = DIRECTION('',(0.952424147199,0.,-0.304775727104));
#5368 = PLANE('',#5369);
#5369 = AXIS2_PLACEMENT_3D('',#5370,#5371,#5372);
#5370 = CARTESIAN_POINT('',(3.5,5.411315037257,0.));
#5371 = DIRECTION('',(0.,-1.,0.));
#5372 = DIRECTION('',(0.,0.,-1.));
#5373 = ADVANCED_FACE('',(#5374),#5392,.F.);
#5374 = FACE_BOUND('',#5375,.T.);
#5375 = EDGE_LOOP('',(#5376,#5384,#5385,#5386));
#5376 = ORIENTED_EDGE('',*,*,#5377,.T.);
#5377 = EDGE_CURVE('',#5378,#5196,#5380,.T.);
#5378 = VERTEX_POINT('',#5379);
#5379 = CARTESIAN_POINT('',(6.5,8.4,2.05));
#5380 = LINE('',#5381,#5382);
#5381 = CARTESIAN_POINT('',(7.,8.4,1.89));
#5382 = VECTOR('',#5383,1.);
#5383 = DIRECTION('',(0.952424147199,0.,-0.304775727104));
#5384 = ORIENTED_EDGE('',*,*,#5195,.F.);
#5385 = ORIENTED_EDGE('',*,*,#5363,.F.);
#5386 = ORIENTED_EDGE('',*,*,#5387,.T.);
#5387 = EDGE_CURVE('',#5356,#5378,#5388,.T.);
#5388 = LINE('',#5389,#5390);
#5389 = CARTESIAN_POINT('',(6.5,5.411315037257,2.05));
#5390 = VECTOR('',#5391,1.);
#5391 = DIRECTION('',(0.,1.,0.));
#5392 = PLANE('',#5393);
#5393 = AXIS2_PLACEMENT_3D('',#5394,#5395,#5396);
#5394 = CARTESIAN_POINT('',(7.,5.411315037257,1.89));
#5395 = DIRECTION('',(0.304775727104,0.,0.952424147199));
#5396 = DIRECTION('',(0.952424147199,0.,-0.304775727104));
#5397 = ADVANCED_FACE('',(#5398),#5409,.F.);
#5398 = FACE_BOUND('',#5399,.T.);
#5399 = EDGE_LOOP('',(#5400,#5406,#5407,#5408));
#5400 = ORIENTED_EDGE('',*,*,#5401,.T.);
#5401 = EDGE_CURVE('',#5323,#5378,#5402,.T.);
#5402 = LINE('',#5403,#5404);
#5403 = CARTESIAN_POINT('',(6.5,8.4,2.05));
#5404 = VECTOR('',#5405,1.);
#5405 = DIRECTION('',(0.,0.,1.));
#5406 = ORIENTED_EDGE('',*,*,#5387,.F.);
#5407 = ORIENTED_EDGE('',*,*,#5355,.F.);
#5408 = ORIENTED_EDGE('',*,*,#5330,.T.);
#5409 = PLANE('',#5410);
#5410 = AXIS2_PLACEMENT_3D('',#5411,#5412,#5413);
#5411 = CARTESIAN_POINT('',(6.5,5.411315037257,2.05));
#5412 = DIRECTION('',(-1.,0.,0.));
#5413 = DIRECTION('',(0.,0.,1.));
#5414 = ADVANCED_FACE('',(#5415),#5421,.T.);
#5415 = FACE_BOUND('',#5416,.T.);
#5416 = EDGE_LOOP('',(#5417,#5418,#5419,#5420));
#5417 = ORIENTED_EDGE('',*,*,#5283,.F.);
#5418 = ORIENTED_EDGE('',*,*,#5267,.T.);
#5419 = ORIENTED_EDGE('',*,*,#5226,.T.);
#5420 = ORIENTED_EDGE('',*,*,#5306,.F.);
#5421 = PLANE('',#5422);
#5422 = AXIS2_PLACEMENT_3D('',#5423,#5424,#5425);
#5423 = CARTESIAN_POINT('',(7.5,-0.860416576283,-3.02));
#5424 = DIRECTION('',(1.,0.,1.057758217059E-15));
#5425 = DIRECTION('',(1.057758217059E-15,0.,-1.));
#5426 = ADVANCED_FACE('',(#5427),#5524,.T.);
#5427 = FACE_BOUND('',#5428,.T.);
#5428 = EDGE_LOOP('',(#5429,#5439,#5447,#5455,#5463,#5471,#5479,#5487,
    #5495,#5503,#5509,#5510,#5518));
#5429 = ORIENTED_EDGE('',*,*,#5430,.F.);
#5430 = EDGE_CURVE('',#5431,#5433,#5435,.T.);
#5431 = VERTEX_POINT('',#5432);
#5432 = CARTESIAN_POINT('',(-3.5,5.411315037257,1.89));
#5433 = VERTEX_POINT('',#5434);
#5434 = CARTESIAN_POINT('',(-3.5,8.4,1.89));
#5435 = LINE('',#5436,#5437);
#5436 = CARTESIAN_POINT('',(-3.5,5.411315037257,1.89));
#5437 = VECTOR('',#5438,1.);
#5438 = DIRECTION('',(0.,1.,0.));
#5439 = ORIENTED_EDGE('',*,*,#5440,.T.);
#5440 = EDGE_CURVE('',#5431,#5441,#5443,.T.);
#5441 = VERTEX_POINT('',#5442);
#5442 = CARTESIAN_POINT('',(-3.5,5.411315037257,1.39));
#5443 = LINE('',#5444,#5445);
#5444 = CARTESIAN_POINT('',(-3.5,5.411315037257,1.39));
#5445 = VECTOR('',#5446,1.);
#5446 = DIRECTION('',(-0.,-0.,-1.));
#5447 = ORIENTED_EDGE('',*,*,#5448,.T.);
#5448 = EDGE_CURVE('',#5441,#5449,#5451,.T.);
#5449 = VERTEX_POINT('',#5450);
#5450 = CARTESIAN_POINT('',(-3.5,8.4,1.39));
#5451 = LINE('',#5452,#5453);
#5452 = CARTESIAN_POINT('',(-3.5,5.411315037257,1.39));
#5453 = VECTOR('',#5454,1.);
#5454 = DIRECTION('',(0.,1.,0.));
#5455 = ORIENTED_EDGE('',*,*,#5456,.F.);
#5456 = EDGE_CURVE('',#5457,#5449,#5459,.T.);
#5457 = VERTEX_POINT('',#5458);
#5458 = CARTESIAN_POINT('',(-3.5,8.4,-3.5));
#5459 = LINE('',#5460,#5461);
#5460 = CARTESIAN_POINT('',(-3.5,8.4,-3.5));
#5461 = VECTOR('',#5462,1.);
#5462 = DIRECTION('',(0.,0.,1.));
#5463 = ORIENTED_EDGE('',*,*,#5464,.F.);
#5464 = EDGE_CURVE('',#5465,#5457,#5467,.T.);
#5465 = VERTEX_POINT('',#5466);
#5466 = CARTESIAN_POINT('',(-3.5,0.1,-3.5));
#5467 = LINE('',#5468,#5469);
#5468 = CARTESIAN_POINT('',(-3.5,0.1,-3.5));
#5469 = VECTOR('',#5470,1.);
#5470 = DIRECTION('',(0.,1.,0.));
#5471 = ORIENTED_EDGE('',*,*,#5472,.F.);
#5472 = EDGE_CURVE('',#5473,#5465,#5475,.T.);
#5473 = VERTEX_POINT('',#5474);
#5474 = CARTESIAN_POINT('',(-3.5,0.1,-3.3));
#5475 = LINE('',#5476,#5477);
#5476 = CARTESIAN_POINT('',(-3.5,0.1,-3.3));
#5477 = VECTOR('',#5478,1.);
#5478 = DIRECTION('',(0.,0.,-1.));
#5479 = ORIENTED_EDGE('',*,*,#5480,.F.);
#5480 = EDGE_CURVE('',#5481,#5473,#5483,.T.);
#5481 = VERTEX_POINT('',#5482);
#5482 = CARTESIAN_POINT('',(-3.5,0.,-3.3));
#5483 = LINE('',#5484,#5485);
#5484 = CARTESIAN_POINT('',(-3.5,0.,-3.3));
#5485 = VECTOR('',#5486,1.);
#5486 = DIRECTION('',(0.,1.,0.));
#5487 = ORIENTED_EDGE('',*,*,#5488,.F.);
#5488 = EDGE_CURVE('',#5489,#5481,#5491,.T.);
#5489 = VERTEX_POINT('',#5490);
#5490 = CARTESIAN_POINT('',(-3.5,0.,-1.7));
#5491 = LINE('',#5492,#5493);
#5492 = CARTESIAN_POINT('',(-3.5,0.,-1.7));
#5493 = VECTOR('',#5494,1.);
#5494 = DIRECTION('',(0.,0.,-1.));
#5495 = ORIENTED_EDGE('',*,*,#5496,.F.);
#5496 = EDGE_CURVE('',#5497,#5489,#5499,.T.);
#5497 = VERTEX_POINT('',#5498);
#5498 = CARTESIAN_POINT('',(-3.5,0.1,-1.7));
#5499 = LINE('',#5500,#5501);
#5500 = CARTESIAN_POINT('',(-3.5,0.1,-1.7));
#5501 = VECTOR('',#5502,1.);
#5502 = DIRECTION('',(0.,-1.,0.));
#5503 = ORIENTED_EDGE('',*,*,#5504,.F.);
#5504 = EDGE_CURVE('',#2552,#5497,#5505,.T.);
#5505 = LINE('',#5506,#5507);
#5506 = CARTESIAN_POINT('',(-3.5,0.1,3.5));
#5507 = VECTOR('',#5508,1.);
#5508 = DIRECTION('',(0.,0.,-1.));
#5509 = ORIENTED_EDGE('',*,*,#2551,.F.);
#5510 = ORIENTED_EDGE('',*,*,#5511,.F.);
#5511 = EDGE_CURVE('',#5512,#2544,#5514,.T.);
#5512 = VERTEX_POINT('',#5513);
#5513 = CARTESIAN_POINT('',(-3.5,8.4,2.5));
#5514 = LINE('',#5515,#5516);
#5515 = CARTESIAN_POINT('',(-3.5,8.4,2.5));
#5516 = VECTOR('',#5517,1.);
#5517 = DIRECTION('',(0.,-0.948323655206,0.317304656405));
#5518 = ORIENTED_EDGE('',*,*,#5519,.F.);
#5519 = EDGE_CURVE('',#5433,#5512,#5520,.T.);
#5520 = LINE('',#5521,#5522);
#5521 = CARTESIAN_POINT('',(-3.5,8.4,-3.5));
#5522 = VECTOR('',#5523,1.);
#5523 = DIRECTION('',(0.,0.,1.));
#5524 = PLANE('',#5525);
#5525 = AXIS2_PLACEMENT_3D('',#5526,#5527,#5528);
#5526 = CARTESIAN_POINT('',(-3.5,0.,0.));
#5527 = DIRECTION('',(-1.,0.,0.));
#5528 = DIRECTION('',(0.,0.,-1.));
#5529 = ADVANCED_FACE('',(#5530),#5555,.T.);
#5530 = FACE_BOUND('',#5531,.T.);
#5531 = EDGE_LOOP('',(#5532,#5540,#5548,#5554));
#5532 = ORIENTED_EDGE('',*,*,#5533,.F.);
#5533 = EDGE_CURVE('',#5534,#5433,#5536,.T.);
#5534 = VERTEX_POINT('',#5535);
#5535 = CARTESIAN_POINT('',(-4.,8.4,2.05));
#5536 = LINE('',#5537,#5538);
#5537 = CARTESIAN_POINT('',(-3.5,8.4,1.89));
#5538 = VECTOR('',#5539,1.);
#5539 = DIRECTION('',(0.952424147199,0.,-0.304775727104));
#5540 = ORIENTED_EDGE('',*,*,#5541,.F.);
#5541 = EDGE_CURVE('',#5542,#5534,#5544,.T.);
#5542 = VERTEX_POINT('',#5543);
#5543 = CARTESIAN_POINT('',(-4.,5.411315037257,2.05));
#5544 = LINE('',#5545,#5546);
#5545 = CARTESIAN_POINT('',(-4.,5.411315037257,2.05));
#5546 = VECTOR('',#5547,1.);
#5547 = DIRECTION('',(0.,1.,0.));
#5548 = ORIENTED_EDGE('',*,*,#5549,.T.);
#5549 = EDGE_CURVE('',#5542,#5431,#5550,.T.);
#5550 = LINE('',#5551,#5552);
#5551 = CARTESIAN_POINT('',(-3.5,5.411315037257,1.89));
#5552 = VECTOR('',#5553,1.);
#5553 = DIRECTION('',(0.952424147199,0.,-0.304775727104));
#5554 = ORIENTED_EDGE('',*,*,#5430,.T.);
#5555 = PLANE('',#5556);
#5556 = AXIS2_PLACEMENT_3D('',#5557,#5558,#5559);
#5557 = CARTESIAN_POINT('',(-3.5,5.411315037257,1.89));
#5558 = DIRECTION('',(0.304775727104,0.,0.952424147199));
#5559 = DIRECTION('',(0.952424147199,0.,-0.304775727104));
#5560 = ADVANCED_FACE('',(#5561),#5579,.T.);
#5561 = FACE_BOUND('',#5562,.T.);
#5562 = EDGE_LOOP('',(#5563,#5564,#5565,#5573));
#5563 = ORIENTED_EDGE('',*,*,#5440,.F.);
#5564 = ORIENTED_EDGE('',*,*,#5549,.F.);
#5565 = ORIENTED_EDGE('',*,*,#5566,.F.);
#5566 = EDGE_CURVE('',#5567,#5542,#5569,.T.);
#5567 = VERTEX_POINT('',#5568);
#5568 = CARTESIAN_POINT('',(-4.,5.411315037257,1.23));
#5569 = LINE('',#5570,#5571);
#5570 = CARTESIAN_POINT('',(-4.,5.411315037257,2.05));
#5571 = VECTOR('',#5572,1.);
#5572 = DIRECTION('',(0.,0.,1.));
#5573 = ORIENTED_EDGE('',*,*,#5574,.F.);
#5574 = EDGE_CURVE('',#5441,#5567,#5575,.T.);
#5575 = LINE('',#5576,#5577);
#5576 = CARTESIAN_POINT('',(-4.,5.411315037257,1.23));
#5577 = VECTOR('',#5578,1.);
#5578 = DIRECTION('',(-0.952424147199,-0.,-0.304775727104));
#5579 = PLANE('',#5580);
#5580 = AXIS2_PLACEMENT_3D('',#5581,#5582,#5583);
#5581 = CARTESIAN_POINT('',(0.,5.411315037257,0.));
#5582 = DIRECTION('',(0.,-1.,0.));
#5583 = DIRECTION('',(0.,0.,-1.));
#5584 = ADVANCED_FACE('',(#5585),#5603,.T.);
#5585 = FACE_BOUND('',#5586,.T.);
#5586 = EDGE_LOOP('',(#5587,#5595,#5596,#5597));
#5587 = ORIENTED_EDGE('',*,*,#5588,.F.);
#5588 = EDGE_CURVE('',#5449,#5589,#5591,.T.);
#5589 = VERTEX_POINT('',#5590);
#5590 = CARTESIAN_POINT('',(-4.,8.4,1.23));
#5591 = LINE('',#5592,#5593);
#5592 = CARTESIAN_POINT('',(-4.,8.4,1.23));
#5593 = VECTOR('',#5594,1.);
#5594 = DIRECTION('',(-0.952424147199,-0.,-0.304775727104));
#5595 = ORIENTED_EDGE('',*,*,#5448,.F.);
#5596 = ORIENTED_EDGE('',*,*,#5574,.T.);
#5597 = ORIENTED_EDGE('',*,*,#5598,.T.);
#5598 = EDGE_CURVE('',#5567,#5589,#5599,.T.);
#5599 = LINE('',#5600,#5601);
#5600 = CARTESIAN_POINT('',(-4.,5.411315037257,1.23));
#5601 = VECTOR('',#5602,1.);
#5602 = DIRECTION('',(0.,1.,0.));
#5603 = PLANE('',#5604);
#5604 = AXIS2_PLACEMENT_3D('',#5605,#5606,#5607);
#5605 = CARTESIAN_POINT('',(-4.,5.411315037257,1.23));
#5606 = DIRECTION('',(0.304775727104,0.,-0.952424147199));
#5607 = DIRECTION('',(-0.952424147199,0.,-0.304775727104));
#5608 = ADVANCED_FACE('',(#5609),#5620,.T.);
#5609 = FACE_BOUND('',#5610,.T.);
#5610 = EDGE_LOOP('',(#5611,#5617,#5618,#5619));
#5611 = ORIENTED_EDGE('',*,*,#5612,.F.);
#5612 = EDGE_CURVE('',#5589,#5534,#5613,.T.);
#5613 = LINE('',#5614,#5615);
#5614 = CARTESIAN_POINT('',(-4.,8.4,2.05));
#5615 = VECTOR('',#5616,1.);
#5616 = DIRECTION('',(0.,0.,1.));
#5617 = ORIENTED_EDGE('',*,*,#5598,.F.);
#5618 = ORIENTED_EDGE('',*,*,#5566,.T.);
#5619 = ORIENTED_EDGE('',*,*,#5541,.T.);
#5620 = PLANE('',#5621);
#5621 = AXIS2_PLACEMENT_3D('',#5622,#5623,#5624);
#5622 = CARTESIAN_POINT('',(-4.,5.411315037257,2.05));
#5623 = DIRECTION('',(-1.,0.,0.));
#5624 = DIRECTION('',(0.,0.,1.));
#5625 = ADVANCED_FACE('',(#5626),#5651,.F.);
#5626 = FACE_BOUND('',#5627,.T.);
#5627 = EDGE_LOOP('',(#5628,#5636,#5637,#5645));
#5628 = ORIENTED_EDGE('',*,*,#5629,.F.);
#5629 = EDGE_CURVE('',#2632,#5630,#5632,.T.);
#5630 = VERTEX_POINT('',#5631);
#5631 = CARTESIAN_POINT('',(-1.275,0.1,-0.775));
#5632 = LINE('',#5633,#5634);
#5633 = CARTESIAN_POINT('',(-1.275,0.1,3.5));
#5634 = VECTOR('',#5635,1.);
#5635 = DIRECTION('',(0.,0.,-1.));
#5636 = ORIENTED_EDGE('',*,*,#2631,.F.);
#5637 = ORIENTED_EDGE('',*,*,#5638,.F.);
#5638 = EDGE_CURVE('',#5639,#2624,#5641,.T.);
#5639 = VERTEX_POINT('',#5640);
#5640 = CARTESIAN_POINT('',(-1.275,0.15,-0.775));
#5641 = LINE('',#5642,#5643);
#5642 = CARTESIAN_POINT('',(-1.275,0.15,-0.775));
#5643 = VECTOR('',#5644,1.);
#5644 = DIRECTION('',(0.,0.,1.));
#5645 = ORIENTED_EDGE('',*,*,#5646,.T.);
#5646 = EDGE_CURVE('',#5639,#5630,#5647,.T.);
#5647 = LINE('',#5648,#5649);
#5648 = CARTESIAN_POINT('',(-1.275,0.,-0.775));
#5649 = VECTOR('',#5650,1.);
#5650 = DIRECTION('',(0.,-1.,0.));
#5651 = PLANE('',#5652);
#5652 = AXIS2_PLACEMENT_3D('',#5653,#5654,#5655);
#5653 = CARTESIAN_POINT('',(-1.275,0.,-0.775));
#5654 = DIRECTION('',(1.,0.,0.));
#5655 = DIRECTION('',(0.,0.,1.));
#5656 = ADVANCED_FACE('',(#5657),#5683,.F.);
#5657 = FACE_BOUND('',#5658,.T.);
#5658 = EDGE_LOOP('',(#5659,#5660,#5668,#5676,#5682));
#5659 = ORIENTED_EDGE('',*,*,#2623,.F.);
#5660 = ORIENTED_EDGE('',*,*,#5661,.F.);
#5661 = EDGE_CURVE('',#5662,#2616,#5664,.T.);
#5662 = VERTEX_POINT('',#5663);
#5663 = CARTESIAN_POINT('',(-0.924896230895,0.65,1.825));
#5664 = LINE('',#5665,#5666);
#5665 = CARTESIAN_POINT('',(-0.924896230895,0.65,-0.775));
#5666 = VECTOR('',#5667,1.);
#5667 = DIRECTION('',(0.,0.,1.));
#5668 = ORIENTED_EDGE('',*,*,#5669,.F.);
#5669 = EDGE_CURVE('',#5670,#5662,#5672,.T.);
#5670 = VERTEX_POINT('',#5671);
#5671 = CARTESIAN_POINT('',(-0.924896230895,0.65,-0.775));
#5672 = LINE('',#5673,#5674);
#5673 = CARTESIAN_POINT('',(-0.924896230895,0.65,-0.775));
#5674 = VECTOR('',#5675,1.);
#5675 = DIRECTION('',(0.,0.,1.));
#5676 = ORIENTED_EDGE('',*,*,#5677,.T.);
#5677 = EDGE_CURVE('',#5670,#5639,#5678,.T.);
#5678 = LINE('',#5679,#5680);
#5679 = CARTESIAN_POINT('',(-1.275,0.15,-0.775));
#5680 = VECTOR('',#5681,1.);
#5681 = DIRECTION('',(-0.573576436351,-0.819152044289,0.));
#5682 = ORIENTED_EDGE('',*,*,#5638,.T.);
#5683 = PLANE('',#5684);
#5684 = AXIS2_PLACEMENT_3D('',#5685,#5686,#5687);
#5685 = CARTESIAN_POINT('',(-1.275,0.15,-0.775));
#5686 = DIRECTION('',(0.819152044289,-0.573576436351,0.));
#5687 = DIRECTION('',(-0.573576436351,-0.819152044289,0.));
#5688 = ADVANCED_FACE('',(#5689),#5707,.F.);
#5689 = FACE_BOUND('',#5690,.F.);
#5690 = EDGE_LOOP('',(#5691,#5699,#5700,#5701));
#5691 = ORIENTED_EDGE('',*,*,#5692,.F.);
#5692 = EDGE_CURVE('',#2608,#5693,#5695,.T.);
#5693 = VERTEX_POINT('',#5694);
#5694 = CARTESIAN_POINT('',(-0.325,0.65,1.825));
#5695 = LINE('',#5696,#5697);
#5696 = CARTESIAN_POINT('',(-0.325,0.65,3.5));
#5697 = VECTOR('',#5698,1.);
#5698 = DIRECTION('',(-0.,-6.734174984382E-17,-1.));
#5699 = ORIENTED_EDGE('',*,*,#2615,.T.);
#5700 = ORIENTED_EDGE('',*,*,#5661,.F.);
#5701 = ORIENTED_EDGE('',*,*,#5702,.F.);
#5702 = EDGE_CURVE('',#5693,#5662,#5703,.T.);
#5703 = LINE('',#5704,#5705);
#5704 = CARTESIAN_POINT('',(5.049476718714,0.65,1.825));
#5705 = VECTOR('',#5706,1.);
#5706 = DIRECTION('',(-1.,0.,0.));
#5707 = PLANE('',#5708);
#5708 = AXIS2_PLACEMENT_3D('',#5709,#5710,#5711);
#5709 = CARTESIAN_POINT('',(-0.325,0.65,3.5));
#5710 = DIRECTION('',(0.,-1.,6.734174984382E-17));
#5711 = DIRECTION('',(-0.,-6.734174984382E-17,-1.));
#5712 = ADVANCED_FACE('',(#5713),#5763,.T.);
#5713 = FACE_BOUND('',#5714,.T.);
#5714 = EDGE_LOOP('',(#5715,#5716,#5724,#5732,#5740,#5748,#5756,#5762));
#5715 = ORIENTED_EDGE('',*,*,#2607,.F.);
#5716 = ORIENTED_EDGE('',*,*,#5717,.F.);
#5717 = EDGE_CURVE('',#5718,#2600,#5720,.T.);
#5718 = VERTEX_POINT('',#5719);
#5719 = CARTESIAN_POINT('',(-0.325,4.75,-2.94));
#5720 = LINE('',#5721,#5722);
#5721 = CARTESIAN_POINT('',(-0.325,4.75,3.5));
#5722 = VECTOR('',#5723,1.);
#5723 = DIRECTION('',(0.,0.,1.));
#5724 = ORIENTED_EDGE('',*,*,#5725,.F.);
#5725 = EDGE_CURVE('',#5726,#5718,#5728,.T.);
#5726 = VERTEX_POINT('',#5727);
#5727 = CARTESIAN_POINT('',(-0.325,0.65,-2.94));
#5728 = LINE('',#5729,#5730);
#5729 = CARTESIAN_POINT('',(-0.325,4.75,-2.94));
#5730 = VECTOR('',#5731,1.);
#5731 = DIRECTION('',(0.,1.,3.173274651177E-16));
#5732 = ORIENTED_EDGE('',*,*,#5733,.F.);
#5733 = EDGE_CURVE('',#5734,#5726,#5736,.T.);
#5734 = VERTEX_POINT('',#5735);
#5735 = CARTESIAN_POINT('',(-0.325,0.65,-2.025));
#5736 = LINE('',#5737,#5738);
#5737 = CARTESIAN_POINT('',(-0.325,0.65,3.5));
#5738 = VECTOR('',#5739,1.);
#5739 = DIRECTION('',(-0.,-6.734174984382E-17,-1.));
#5740 = ORIENTED_EDGE('',*,*,#5741,.F.);
#5741 = EDGE_CURVE('',#5742,#5734,#5744,.T.);
#5742 = VERTEX_POINT('',#5743);
#5743 = CARTESIAN_POINT('',(-0.325,4.4,-2.025));
#5744 = LINE('',#5745,#5746);
#5745 = CARTESIAN_POINT('',(-0.325,0.65,-2.025));
#5746 = VECTOR('',#5747,1.);
#5747 = DIRECTION('',(0.,-1.,0.));
#5748 = ORIENTED_EDGE('',*,*,#5749,.F.);
#5749 = EDGE_CURVE('',#5750,#5742,#5752,.T.);
#5750 = VERTEX_POINT('',#5751);
#5751 = CARTESIAN_POINT('',(-0.325,4.4,1.825));
#5752 = LINE('',#5753,#5754);
#5753 = CARTESIAN_POINT('',(-0.325,4.4,1.825));
#5754 = VECTOR('',#5755,1.);
#5755 = DIRECTION('',(0.,0.,-1.));
#5756 = ORIENTED_EDGE('',*,*,#5757,.F.);
#5757 = EDGE_CURVE('',#5693,#5750,#5758,.T.);
#5758 = LINE('',#5759,#5760);
#5759 = CARTESIAN_POINT('',(-0.325,0.65,1.825));
#5760 = VECTOR('',#5761,1.);
#5761 = DIRECTION('',(0.,1.,0.));
#5762 = ORIENTED_EDGE('',*,*,#5692,.F.);
#5763 = PLANE('',#5764);
#5764 = AXIS2_PLACEMENT_3D('',#5765,#5766,#5767);
#5765 = CARTESIAN_POINT('',(-0.325,0.,0.));
#5766 = DIRECTION('',(-1.,0.,0.));
#5767 = DIRECTION('',(0.,0.,-1.));
#5768 = ADVANCED_FACE('',(#5769,#5789),#5807,.F.);
#5769 = FACE_BOUND('',#5770,.T.);
#5770 = EDGE_LOOP('',(#5771,#5782));
#5771 = ORIENTED_EDGE('',*,*,#5772,.T.);
#5772 = EDGE_CURVE('',#5773,#5775,#5777,.T.);
#5773 = VERTEX_POINT('',#5774);
#5774 = CARTESIAN_POINT('',(-1.75,4.75,-1.097315267718));
#5775 = VERTEX_POINT('',#5776);
#5776 = CARTESIAN_POINT('',(-1.75,4.75,0.897315267718));
#5777 = CIRCLE('',#5778,0.997315267718);
#5778 = AXIS2_PLACEMENT_3D('',#5779,#5780,#5781);
#5779 = CARTESIAN_POINT('',(-1.75,4.75,-0.1));
#5780 = DIRECTION('',(0.,1.,0.));
#5781 = DIRECTION('',(0.,0.,-1.));
#5782 = ORIENTED_EDGE('',*,*,#5783,.T.);
#5783 = EDGE_CURVE('',#5775,#5773,#5784,.T.);
#5784 = CIRCLE('',#5785,0.997315267718);
#5785 = AXIS2_PLACEMENT_3D('',#5786,#5787,#5788);
#5786 = CARTESIAN_POINT('',(-1.75,4.75,-0.1));
#5787 = DIRECTION('',(0.,1.,0.));
#5788 = DIRECTION('',(0.,0.,-1.));
#5789 = FACE_BOUND('',#5790,.T.);
#5790 = EDGE_LOOP('',(#5791,#5799,#5805,#5806));
#5791 = ORIENTED_EDGE('',*,*,#5792,.F.);
#5792 = EDGE_CURVE('',#5793,#2592,#5795,.T.);
#5793 = VERTEX_POINT('',#5794);
#5794 = CARTESIAN_POINT('',(-3.175,4.75,-2.94));
#5795 = LINE('',#5796,#5797);
#5796 = CARTESIAN_POINT('',(-3.175,4.75,3.5));
#5797 = VECTOR('',#5798,1.);
#5798 = DIRECTION('',(0.,0.,1.));
#5799 = ORIENTED_EDGE('',*,*,#5800,.F.);
#5800 = EDGE_CURVE('',#5718,#5793,#5801,.T.);
#5801 = LINE('',#5802,#5803);
#5802 = CARTESIAN_POINT('',(-0.325,4.75,-2.94));
#5803 = VECTOR('',#5804,1.);
#5804 = DIRECTION('',(-1.,0.,0.));
#5805 = ORIENTED_EDGE('',*,*,#5717,.T.);
#5806 = ORIENTED_EDGE('',*,*,#2599,.T.);
#5807 = PLANE('',#5808);
#5808 = AXIS2_PLACEMENT_3D('',#5809,#5810,#5811);
#5809 = CARTESIAN_POINT('',(-0.325,4.75,3.5));
#5810 = DIRECTION('',(0.,1.,0.));
#5811 = DIRECTION('',(0.,0.,1.));
#5812 = ADVANCED_FACE('',(#5813),#5863,.F.);
#5813 = FACE_BOUND('',#5814,.F.);
#5814 = EDGE_LOOP('',(#5815,#5816,#5817,#5825,#5833,#5841,#5849,#5857));
#5815 = ORIENTED_EDGE('',*,*,#2591,.F.);
#5816 = ORIENTED_EDGE('',*,*,#5792,.F.);
#5817 = ORIENTED_EDGE('',*,*,#5818,.F.);
#5818 = EDGE_CURVE('',#5819,#5793,#5821,.T.);
#5819 = VERTEX_POINT('',#5820);
#5820 = CARTESIAN_POINT('',(-3.175,0.65,-2.94));
#5821 = LINE('',#5822,#5823);
#5822 = CARTESIAN_POINT('',(-3.175,4.75,-2.94));
#5823 = VECTOR('',#5824,1.);
#5824 = DIRECTION('',(0.,1.,3.173274651177E-16));
#5825 = ORIENTED_EDGE('',*,*,#5826,.F.);
#5826 = EDGE_CURVE('',#5827,#5819,#5829,.T.);
#5827 = VERTEX_POINT('',#5828);
#5828 = CARTESIAN_POINT('',(-3.175,0.65,-2.025));
#5829 = LINE('',#5830,#5831);
#5830 = CARTESIAN_POINT('',(-3.175,0.65,3.5));
#5831 = VECTOR('',#5832,1.);
#5832 = DIRECTION('',(-0.,-6.734174984382E-17,-1.));
#5833 = ORIENTED_EDGE('',*,*,#5834,.T.);
#5834 = EDGE_CURVE('',#5827,#5835,#5837,.T.);
#5835 = VERTEX_POINT('',#5836);
#5836 = CARTESIAN_POINT('',(-3.175,4.4,-2.025));
#5837 = LINE('',#5838,#5839);
#5838 = CARTESIAN_POINT('',(-3.175,0.65,-2.025));
#5839 = VECTOR('',#5840,1.);
#5840 = DIRECTION('',(0.,1.,0.));
#5841 = ORIENTED_EDGE('',*,*,#5842,.T.);
#5842 = EDGE_CURVE('',#5835,#5843,#5845,.T.);
#5843 = VERTEX_POINT('',#5844);
#5844 = CARTESIAN_POINT('',(-3.175,4.4,1.825));
#5845 = LINE('',#5846,#5847);
#5846 = CARTESIAN_POINT('',(-3.175,4.4,1.825));
#5847 = VECTOR('',#5848,1.);
#5848 = DIRECTION('',(0.,0.,1.));
#5849 = ORIENTED_EDGE('',*,*,#5850,.T.);
#5850 = EDGE_CURVE('',#5843,#5851,#5853,.T.);
#5851 = VERTEX_POINT('',#5852);
#5852 = CARTESIAN_POINT('',(-3.175,0.65,1.825));
#5853 = LINE('',#5854,#5855);
#5854 = CARTESIAN_POINT('',(-3.175,0.65,1.825));
#5855 = VECTOR('',#5856,1.);
#5856 = DIRECTION('',(0.,-1.,0.));
#5857 = ORIENTED_EDGE('',*,*,#5858,.F.);
#5858 = EDGE_CURVE('',#2584,#5851,#5859,.T.);
#5859 = LINE('',#5860,#5861);
#5860 = CARTESIAN_POINT('',(-3.175,0.65,3.5));
#5861 = VECTOR('',#5862,1.);
#5862 = DIRECTION('',(-0.,-6.734174984382E-17,-1.));
#5863 = PLANE('',#5864);
#5864 = AXIS2_PLACEMENT_3D('',#5865,#5866,#5867);
#5865 = CARTESIAN_POINT('',(-3.175,0.,0.));
#5866 = DIRECTION('',(-1.,0.,0.));
#5867 = DIRECTION('',(0.,0.,-1.));
#5868 = ADVANCED_FACE('',(#5869),#5887,.F.);
#5869 = FACE_BOUND('',#5870,.F.);
#5870 = EDGE_LOOP('',(#5871,#5872,#5880,#5886));
#5871 = ORIENTED_EDGE('',*,*,#5858,.T.);
#5872 = ORIENTED_EDGE('',*,*,#5873,.F.);
#5873 = EDGE_CURVE('',#5874,#5851,#5876,.T.);
#5874 = VERTEX_POINT('',#5875);
#5875 = CARTESIAN_POINT('',(-2.575103769105,0.65,1.825));
#5876 = LINE('',#5877,#5878);
#5877 = CARTESIAN_POINT('',(5.049476718714,0.65,1.825));
#5878 = VECTOR('',#5879,1.);
#5879 = DIRECTION('',(-1.,0.,0.));
#5880 = ORIENTED_EDGE('',*,*,#5881,.T.);
#5881 = EDGE_CURVE('',#5874,#2576,#5882,.T.);
#5882 = LINE('',#5883,#5884);
#5883 = CARTESIAN_POINT('',(-2.575103769105,0.65,-0.775));
#5884 = VECTOR('',#5885,1.);
#5885 = DIRECTION('',(0.,0.,1.));
#5886 = ORIENTED_EDGE('',*,*,#2583,.T.);
#5887 = PLANE('',#5888);
#5888 = AXIS2_PLACEMENT_3D('',#5889,#5890,#5891);
#5889 = CARTESIAN_POINT('',(-0.325,0.65,3.5));
#5890 = DIRECTION('',(0.,-1.,6.734174984382E-17));
#5891 = DIRECTION('',(-0.,-6.734174984382E-17,-1.));
#5892 = ADVANCED_FACE('',(#5893),#5919,.F.);
#5893 = FACE_BOUND('',#5894,.T.);
#5894 = EDGE_LOOP('',(#5895,#5896,#5904,#5912,#5918));
#5895 = ORIENTED_EDGE('',*,*,#2575,.F.);
#5896 = ORIENTED_EDGE('',*,*,#5897,.F.);
#5897 = EDGE_CURVE('',#5898,#2568,#5900,.T.);
#5898 = VERTEX_POINT('',#5899);
#5899 = CARTESIAN_POINT('',(-2.225,0.15,-0.775));
#5900 = LINE('',#5901,#5902);
#5901 = CARTESIAN_POINT('',(-2.225,0.15,-0.775));
#5902 = VECTOR('',#5903,1.);
#5903 = DIRECTION('',(0.,0.,1.));
#5904 = ORIENTED_EDGE('',*,*,#5905,.T.);
#5905 = EDGE_CURVE('',#5898,#5906,#5908,.T.);
#5906 = VERTEX_POINT('',#5907);
#5907 = CARTESIAN_POINT('',(-2.575103769105,0.65,-0.775));
#5908 = LINE('',#5909,#5910);
#5909 = CARTESIAN_POINT('',(-2.225,0.15,-0.775));
#5910 = VECTOR('',#5911,1.);
#5911 = DIRECTION('',(-0.573576436351,0.819152044289,0.));
#5912 = ORIENTED_EDGE('',*,*,#5913,.T.);
#5913 = EDGE_CURVE('',#5906,#5874,#5914,.T.);
#5914 = LINE('',#5915,#5916);
#5915 = CARTESIAN_POINT('',(-2.575103769105,0.65,-0.775));
#5916 = VECTOR('',#5917,1.);
#5917 = DIRECTION('',(0.,0.,1.));
#5918 = ORIENTED_EDGE('',*,*,#5881,.T.);
#5919 = PLANE('',#5920);
#5920 = AXIS2_PLACEMENT_3D('',#5921,#5922,#5923);
#5921 = CARTESIAN_POINT('',(-2.225,0.15,-0.775));
#5922 = DIRECTION('',(-0.819152044289,-0.573576436351,0.));
#5923 = DIRECTION('',(-0.573576436351,0.819152044289,0.));
#5924 = ADVANCED_FACE('',(#5925),#5943,.F.);
#5925 = FACE_BOUND('',#5926,.T.);
#5926 = EDGE_LOOP('',(#5927,#5935,#5941,#5942));
#5927 = ORIENTED_EDGE('',*,*,#5928,.F.);
#5928 = EDGE_CURVE('',#5929,#2560,#5931,.T.);
#5929 = VERTEX_POINT('',#5930);
#5930 = CARTESIAN_POINT('',(-2.225,0.1,-0.775));
#5931 = LINE('',#5932,#5933);
#5932 = CARTESIAN_POINT('',(-2.225,0.1,3.5));
#5933 = VECTOR('',#5934,1.);
#5934 = DIRECTION('',(0.,0.,1.));
#5935 = ORIENTED_EDGE('',*,*,#5936,.T.);
#5936 = EDGE_CURVE('',#5929,#5898,#5937,.T.);
#5937 = LINE('',#5938,#5939);
#5938 = CARTESIAN_POINT('',(-2.225,0.,-0.775));
#5939 = VECTOR('',#5940,1.);
#5940 = DIRECTION('',(0.,1.,0.));
#5941 = ORIENTED_EDGE('',*,*,#5897,.T.);
#5942 = ORIENTED_EDGE('',*,*,#2567,.F.);
#5943 = PLANE('',#5944);
#5944 = AXIS2_PLACEMENT_3D('',#5945,#5946,#5947);
#5945 = CARTESIAN_POINT('',(-2.225,0.,-0.775));
#5946 = DIRECTION('',(-1.,0.,0.));
#5947 = DIRECTION('',(0.,0.,-1.));
#5948 = ADVANCED_FACE('',(#5949),#5967,.T.);
#5949 = FACE_BOUND('',#5950,.T.);
#5950 = EDGE_LOOP('',(#5951,#5952,#5958,#5959,#5960,#5966));
#5951 = ORIENTED_EDGE('',*,*,#5936,.F.);
#5952 = ORIENTED_EDGE('',*,*,#5953,.T.);
#5953 = EDGE_CURVE('',#5929,#5630,#5954,.T.);
#5954 = LINE('',#5955,#5956);
#5955 = CARTESIAN_POINT('',(-8.673617379884E-16,0.1,-0.775));
#5956 = VECTOR('',#5957,1.);
#5957 = DIRECTION('',(1.,0.,0.));
#5958 = ORIENTED_EDGE('',*,*,#5646,.F.);
#5959 = ORIENTED_EDGE('',*,*,#5677,.F.);
#5960 = ORIENTED_EDGE('',*,*,#5961,.F.);
#5961 = EDGE_CURVE('',#5906,#5670,#5962,.T.);
#5962 = LINE('',#5963,#5964);
#5963 = CARTESIAN_POINT('',(-2.575103769105,0.65,-0.775));
#5964 = VECTOR('',#5965,1.);
#5965 = DIRECTION('',(1.,-1.314019173203E-16,0.));
#5966 = ORIENTED_EDGE('',*,*,#5905,.F.);
#5967 = PLANE('',#5968);
#5968 = AXIS2_PLACEMENT_3D('',#5969,#5970,#5971);
#5969 = CARTESIAN_POINT('',(0.,0.,-0.775));
#5970 = DIRECTION('',(0.,0.,1.));
#5971 = DIRECTION('',(-1.,0.,0.));
#5972 = ADVANCED_FACE('',(#5973,#5984),#6004,.T.);
#5973 = FACE_BOUND('',#5974,.T.);
#5974 = EDGE_LOOP('',(#5975,#5976,#5982,#5983));
#5975 = ORIENTED_EDGE('',*,*,#5669,.T.);
#5976 = ORIENTED_EDGE('',*,*,#5977,.T.);
#5977 = EDGE_CURVE('',#5662,#5874,#5978,.T.);
#5978 = LINE('',#5979,#5980);
#5979 = CARTESIAN_POINT('',(5.049476718714,0.65,1.825));
#5980 = VECTOR('',#5981,1.);
#5981 = DIRECTION('',(-1.,0.,0.));
#5982 = ORIENTED_EDGE('',*,*,#5913,.F.);
#5983 = ORIENTED_EDGE('',*,*,#5961,.T.);
#5984 = FACE_BOUND('',#5985,.T.);
#5985 = EDGE_LOOP('',(#5986,#5997));
#5986 = ORIENTED_EDGE('',*,*,#5987,.T.);
#5987 = EDGE_CURVE('',#5988,#5990,#5992,.T.);
#5988 = VERTEX_POINT('',#5989);
#5989 = CARTESIAN_POINT('',(-1.75,0.65,0.55));
#5990 = VERTEX_POINT('',#5991);
#5991 = CARTESIAN_POINT('',(-1.75,0.65,-0.75));
#5992 = CIRCLE('',#5993,0.65);
#5993 = AXIS2_PLACEMENT_3D('',#5994,#5995,#5996);
#5994 = CARTESIAN_POINT('',(-1.75,0.65,-0.1));
#5995 = DIRECTION('',(0.,1.,0.));
#5996 = DIRECTION('',(0.,0.,-1.));
#5997 = ORIENTED_EDGE('',*,*,#5998,.T.);
#5998 = EDGE_CURVE('',#5990,#5988,#5999,.T.);
#5999 = CIRCLE('',#6000,0.65);
#6000 = AXIS2_PLACEMENT_3D('',#6001,#6002,#6003);
#6001 = CARTESIAN_POINT('',(-1.75,0.65,-0.1));
#6002 = DIRECTION('',(0.,1.,0.));
#6003 = DIRECTION('',(0.,0.,-1.));
#6004 = PLANE('',#6005);
#6005 = AXIS2_PLACEMENT_3D('',#6006,#6007,#6008);
#6006 = CARTESIAN_POINT('',(5.049476718714,0.65,1.825));
#6007 = DIRECTION('',(0.,-1.,0.));
#6008 = DIRECTION('',(0.,0.,-1.));
#6009 = ADVANCED_FACE('',(#6010,#6030),#6059,.T.);
#6010 = FACE_BOUND('',#6011,.T.);
#6011 = EDGE_LOOP('',(#6012,#6023));
#6012 = ORIENTED_EDGE('',*,*,#6013,.T.);
#6013 = EDGE_CURVE('',#6014,#6016,#6018,.T.);
#6014 = VERTEX_POINT('',#6015);
#6015 = CARTESIAN_POINT('',(-2.75,2.220184896686,1.825));
#6016 = VERTEX_POINT('',#6017);
#6017 = CARTESIAN_POINT('',(-0.75,2.220184896686,1.825));
#6018 = CIRCLE('',#6019,1.);
#6019 = AXIS2_PLACEMENT_3D('',#6020,#6021,#6022);
#6020 = CARTESIAN_POINT('',(-1.75,2.220184896686,1.825));
#6021 = DIRECTION('',(0.,0.,-1.));
#6022 = DIRECTION('',(-1.,0.,0.));
#6023 = ORIENTED_EDGE('',*,*,#6024,.T.);
#6024 = EDGE_CURVE('',#6016,#6014,#6025,.T.);
#6025 = CIRCLE('',#6026,1.);
#6026 = AXIS2_PLACEMENT_3D('',#6027,#6028,#6029);
#6027 = CARTESIAN_POINT('',(-1.75,2.220184896686,1.825));
#6028 = DIRECTION('',(0.,0.,-1.));
#6029 = DIRECTION('',(-1.,0.,0.));
#6030 = FACE_BOUND('',#6031,.T.);
#6031 = EDGE_LOOP('',(#6032,#6033,#6041,#6049,#6055,#6056,#6057,#6058));
#6032 = ORIENTED_EDGE('',*,*,#5757,.T.);
#6033 = ORIENTED_EDGE('',*,*,#6034,.T.);
#6034 = EDGE_CURVE('',#5750,#6035,#6037,.T.);
#6035 = VERTEX_POINT('',#6036);
#6036 = CARTESIAN_POINT('',(-1.,4.4,1.825));
#6037 = LINE('',#6038,#6039);
#6038 = CARTESIAN_POINT('',(5.049476718714,4.4,1.825));
#6039 = VECTOR('',#6040,1.);
#6040 = DIRECTION('',(-1.,0.,0.));
#6041 = ORIENTED_EDGE('',*,*,#6042,.T.);
#6042 = EDGE_CURVE('',#6035,#6043,#6045,.T.);
#6043 = VERTEX_POINT('',#6044);
#6044 = CARTESIAN_POINT('',(-2.5,4.4,1.825));
#6045 = LINE('',#6046,#6047);
#6046 = CARTESIAN_POINT('',(5.049476718714,4.4,1.825));
#6047 = VECTOR('',#6048,1.);
#6048 = DIRECTION('',(-1.,0.,0.));
#6049 = ORIENTED_EDGE('',*,*,#6050,.T.);
#6050 = EDGE_CURVE('',#6043,#5843,#6051,.T.);
#6051 = LINE('',#6052,#6053);
#6052 = CARTESIAN_POINT('',(5.049476718714,4.4,1.825));
#6053 = VECTOR('',#6054,1.);
#6054 = DIRECTION('',(-1.,0.,0.));
#6055 = ORIENTED_EDGE('',*,*,#5850,.T.);
#6056 = ORIENTED_EDGE('',*,*,#5873,.F.);
#6057 = ORIENTED_EDGE('',*,*,#5977,.F.);
#6058 = ORIENTED_EDGE('',*,*,#5702,.F.);
#6059 = PLANE('',#6060);
#6060 = AXIS2_PLACEMENT_3D('',#6061,#6062,#6063);
#6061 = CARTESIAN_POINT('',(5.049476718714,0.65,1.825));
#6062 = DIRECTION('',(0.,0.,1.));
#6063 = DIRECTION('',(-1.,0.,0.));
#6064 = ADVANCED_FACE('',(#6065),#6100,.T.);
#6065 = FACE_BOUND('',#6066,.T.);
#6066 = EDGE_LOOP('',(#6067,#6077,#6086,#6092,#6093,#6094));
#6067 = ORIENTED_EDGE('',*,*,#6068,.F.);
#6068 = EDGE_CURVE('',#6069,#6071,#6073,.T.);
#6069 = VERTEX_POINT('',#6070);
#6070 = CARTESIAN_POINT('',(-1.,4.4,-0.73830165435));
#6071 = VERTEX_POINT('',#6072);
#6072 = CARTESIAN_POINT('',(-1.,4.4,-2.025));
#6073 = LINE('',#6074,#6075);
#6074 = CARTESIAN_POINT('',(-1.,4.4,0.86992051968));
#6075 = VECTOR('',#6076,1.);
#6076 = DIRECTION('',(0.,0.,-1.));
#6077 = ORIENTED_EDGE('',*,*,#6078,.F.);
#6078 = EDGE_CURVE('',#6079,#6069,#6081,.T.);
#6079 = VERTEX_POINT('',#6080);
#6080 = CARTESIAN_POINT('',(-1.,4.4,0.53830165435));
#6081 = CIRCLE('',#6082,0.984849735719);
#6082 = AXIS2_PLACEMENT_3D('',#6083,#6084,#6085);
#6083 = CARTESIAN_POINT('',(-1.75,4.4,-0.1));
#6084 = DIRECTION('',(0.,1.,0.));
#6085 = DIRECTION('',(0.,0.,-1.));
#6086 = ORIENTED_EDGE('',*,*,#6087,.F.);
#6087 = EDGE_CURVE('',#6035,#6079,#6088,.T.);
#6088 = LINE('',#6089,#6090);
#6089 = CARTESIAN_POINT('',(-1.,4.4,1.825));
#6090 = VECTOR('',#6091,1.);
#6091 = DIRECTION('',(0.,-2.052704284081E-32,-1.));
#6092 = ORIENTED_EDGE('',*,*,#6034,.F.);
#6093 = ORIENTED_EDGE('',*,*,#5749,.T.);
#6094 = ORIENTED_EDGE('',*,*,#6095,.T.);
#6095 = EDGE_CURVE('',#5742,#6071,#6096,.T.);
#6096 = LINE('',#6097,#6098);
#6097 = CARTESIAN_POINT('',(5.049476718714,4.4,-2.025));
#6098 = VECTOR('',#6099,1.);
#6099 = DIRECTION('',(-1.,0.,0.));
#6100 = PLANE('',#6101);
#6101 = AXIS2_PLACEMENT_3D('',#6102,#6103,#6104);
#6102 = CARTESIAN_POINT('',(5.049476718714,4.4,1.825));
#6103 = DIRECTION('',(0.,1.,0.));
#6104 = DIRECTION('',(0.,0.,1.));
#6105 = ADVANCED_FACE('',(#6106,#6147),#6167,.T.);
#6106 = FACE_BOUND('',#6107,.T.);
#6107 = EDGE_LOOP('',(#6108,#6109,#6110,#6116,#6117,#6125,#6133,#6141));
#6108 = ORIENTED_EDGE('',*,*,#6095,.F.);
#6109 = ORIENTED_EDGE('',*,*,#5741,.T.);
#6110 = ORIENTED_EDGE('',*,*,#6111,.T.);
#6111 = EDGE_CURVE('',#5734,#5827,#6112,.T.);
#6112 = LINE('',#6113,#6114);
#6113 = CARTESIAN_POINT('',(5.049476718714,0.65,-2.025));
#6114 = VECTOR('',#6115,1.);
#6115 = DIRECTION('',(-1.,0.,0.));
#6116 = ORIENTED_EDGE('',*,*,#5834,.T.);
#6117 = ORIENTED_EDGE('',*,*,#6118,.F.);
#6118 = EDGE_CURVE('',#6119,#5835,#6121,.T.);
#6119 = VERTEX_POINT('',#6120);
#6120 = CARTESIAN_POINT('',(-2.5,4.4,-2.025));
#6121 = LINE('',#6122,#6123);
#6122 = CARTESIAN_POINT('',(5.049476718714,4.4,-2.025));
#6123 = VECTOR('',#6124,1.);
#6124 = DIRECTION('',(-1.,0.,0.));
#6125 = ORIENTED_EDGE('',*,*,#6126,.F.);
#6126 = EDGE_CURVE('',#6127,#6119,#6129,.T.);
#6127 = VERTEX_POINT('',#6128);
#6128 = CARTESIAN_POINT('',(-2.5,4.398410619386,-2.025));
#6129 = LINE('',#6130,#6131);
#6130 = CARTESIAN_POINT('',(-2.5,2.561840845185,-2.025));
#6131 = VECTOR('',#6132,1.);
#6132 = DIRECTION('',(0.,1.,0.));
#6133 = ORIENTED_EDGE('',*,*,#6134,.T.);
#6134 = EDGE_CURVE('',#6127,#6135,#6137,.T.);
#6135 = VERTEX_POINT('',#6136);
#6136 = CARTESIAN_POINT('',(-1.,4.398410619386,-2.025));
#6137 = LINE('',#6138,#6139);
#6138 = CARTESIAN_POINT('',(-2.5,4.398410619386,-2.025));
#6139 = VECTOR('',#6140,1.);
#6140 = DIRECTION('',(1.,-2.465190328816E-32,0.));
#6141 = ORIENTED_EDGE('',*,*,#6142,.F.);
#6142 = EDGE_CURVE('',#6071,#6135,#6143,.T.);
#6143 = LINE('',#6144,#6145);
#6144 = CARTESIAN_POINT('',(-1.,2.561840845185,-2.025));
#6145 = VECTOR('',#6146,1.);
#6146 = DIRECTION('',(0.,-1.,0.));
#6147 = FACE_BOUND('',#6148,.T.);
#6148 = EDGE_LOOP('',(#6149,#6160));
#6149 = ORIENTED_EDGE('',*,*,#6150,.T.);
#6150 = EDGE_CURVE('',#6151,#6153,#6155,.T.);
#6151 = VERTEX_POINT('',#6152);
#6152 = CARTESIAN_POINT('',(-2.75,2.220184896686,-2.025));
#6153 = VERTEX_POINT('',#6154);
#6154 = CARTESIAN_POINT('',(-0.75,2.220184896686,-2.025));
#6155 = CIRCLE('',#6156,1.);
#6156 = AXIS2_PLACEMENT_3D('',#6157,#6158,#6159);
#6157 = CARTESIAN_POINT('',(-1.75,2.220184896686,-2.025));
#6158 = DIRECTION('',(0.,0.,1.));
#6159 = DIRECTION('',(1.,0.,0.));
#6160 = ORIENTED_EDGE('',*,*,#6161,.T.);
#6161 = EDGE_CURVE('',#6153,#6151,#6162,.T.);
#6162 = CIRCLE('',#6163,1.);
#6163 = AXIS2_PLACEMENT_3D('',#6164,#6165,#6166);
#6164 = CARTESIAN_POINT('',(-1.75,2.220184896686,-2.025));
#6165 = DIRECTION('',(0.,0.,1.));
#6166 = DIRECTION('',(1.,0.,0.));
#6167 = PLANE('',#6168);
#6168 = AXIS2_PLACEMENT_3D('',#6169,#6170,#6171);
#6169 = CARTESIAN_POINT('',(5.049476718714,0.65,-2.025));
#6170 = DIRECTION('',(0.,0.,-1.));
#6171 = DIRECTION('',(1.,0.,0.));
#6172 = ADVANCED_FACE('',(#6173),#6184,.F.);
#6173 = FACE_BOUND('',#6174,.F.);
#6174 = EDGE_LOOP('',(#6175,#6176,#6177,#6178));
#6175 = ORIENTED_EDGE('',*,*,#5733,.F.);
#6176 = ORIENTED_EDGE('',*,*,#6111,.T.);
#6177 = ORIENTED_EDGE('',*,*,#5826,.T.);
#6178 = ORIENTED_EDGE('',*,*,#6179,.F.);
#6179 = EDGE_CURVE('',#5726,#5819,#6180,.T.);
#6180 = LINE('',#6181,#6182);
#6181 = CARTESIAN_POINT('',(-0.325,0.65,-2.94));
#6182 = VECTOR('',#6183,1.);
#6183 = DIRECTION('',(-1.,0.,0.));
#6184 = PLANE('',#6185);
#6185 = AXIS2_PLACEMENT_3D('',#6186,#6187,#6188);
#6186 = CARTESIAN_POINT('',(-0.325,0.65,3.5));
#6187 = DIRECTION('',(0.,-1.,6.734174984382E-17));
#6188 = DIRECTION('',(-0.,-6.734174984382E-17,-1.));
#6189 = ADVANCED_FACE('',(#6190),#6196,.F.);
#6190 = FACE_BOUND('',#6191,.T.);
#6191 = EDGE_LOOP('',(#6192,#6193,#6194,#6195));
#6192 = ORIENTED_EDGE('',*,*,#5818,.F.);
#6193 = ORIENTED_EDGE('',*,*,#6179,.F.);
#6194 = ORIENTED_EDGE('',*,*,#5725,.T.);
#6195 = ORIENTED_EDGE('',*,*,#5800,.T.);
#6196 = PLANE('',#6197);
#6197 = AXIS2_PLACEMENT_3D('',#6198,#6199,#6200);
#6198 = CARTESIAN_POINT('',(-0.325,4.75,-2.94));
#6199 = DIRECTION('',(0.,3.173274651177E-16,-1.));
#6200 = DIRECTION('',(0.,1.,3.173274651177E-16));
#6201 = ADVANCED_FACE('',(#6202),#6230,.F.);
#6202 = FACE_BOUND('',#6203,.F.);
#6203 = EDGE_LOOP('',(#6204,#6215,#6220,#6221,#6222,#6223));
#6204 = ORIENTED_EDGE('',*,*,#6205,.F.);
#6205 = EDGE_CURVE('',#6206,#6208,#6210,.T.);
#6206 = VERTEX_POINT('',#6207);
#6207 = CARTESIAN_POINT('',(-1.75,4.948845691844,-1.097315267718));
#6208 = VERTEX_POINT('',#6209);
#6209 = CARTESIAN_POINT('',(-1.75,4.948845691844,0.897315267718));
#6210 = CIRCLE('',#6211,0.997315267718);
#6211 = AXIS2_PLACEMENT_3D('',#6212,#6213,#6214);
#6212 = CARTESIAN_POINT('',(-1.75,4.948845691844,-0.1));
#6213 = DIRECTION('',(0.,1.,0.));
#6214 = DIRECTION('',(0.,0.,-1.));
#6215 = ORIENTED_EDGE('',*,*,#6216,.T.);
#6216 = EDGE_CURVE('',#6206,#5773,#6217,.T.);
#6217 = B_SPLINE_CURVE_WITH_KNOTS('',1,(#6218,#6219),.UNSPECIFIED.,.F.,
  .F.,(2,2),(-10.40312471238,-10.20427902053),.PIECEWISE_BEZIER_KNOTS.);
#6218 = CARTESIAN_POINT('',(-1.75,4.948845691844,-1.097315267718));
#6219 = CARTESIAN_POINT('',(-1.75,4.75,-1.097315267718));
#6220 = ORIENTED_EDGE('',*,*,#5772,.T.);
#6221 = ORIENTED_EDGE('',*,*,#5783,.T.);
#6222 = ORIENTED_EDGE('',*,*,#6216,.F.);
#6223 = ORIENTED_EDGE('',*,*,#6224,.F.);
#6224 = EDGE_CURVE('',#6208,#6206,#6225,.T.);
#6225 = CIRCLE('',#6226,0.997315267718);
#6226 = AXIS2_PLACEMENT_3D('',#6227,#6228,#6229);
#6227 = CARTESIAN_POINT('',(-1.75,4.948845691844,-0.1));
#6228 = DIRECTION('',(0.,1.,0.));
#6229 = DIRECTION('',(0.,0.,-1.));
#6230 = CYLINDRICAL_SURFACE('',#6231,0.997315267718);
#6231 = AXIS2_PLACEMENT_3D('',#6232,#6233,#6234);
#6232 = CARTESIAN_POINT('',(-1.75,-5.454279020539,-0.1));
#6233 = DIRECTION('',(0.,-1.,0.));
#6234 = DIRECTION('',(0.,0.,-1.));
#6235 = ADVANCED_FACE('',(#6236),#6264,.T.);
#6236 = FACE_BOUND('',#6237,.T.);
#6237 = EDGE_LOOP('',(#6238,#6249,#6255,#6256,#6257,#6258));
#6238 = ORIENTED_EDGE('',*,*,#6239,.F.);
#6239 = EDGE_CURVE('',#6240,#6242,#6244,.T.);
#6240 = VERTEX_POINT('',#6241);
#6241 = CARTESIAN_POINT('',(-2.5,4.4,-0.73830165435));
#6242 = VERTEX_POINT('',#6243);
#6243 = CARTESIAN_POINT('',(-2.5,4.4,0.53830165435));
#6244 = CIRCLE('',#6245,0.984849735719);
#6245 = AXIS2_PLACEMENT_3D('',#6246,#6247,#6248);
#6246 = CARTESIAN_POINT('',(-1.75,4.4,-0.1));
#6247 = DIRECTION('',(0.,1.,0.));
#6248 = DIRECTION('',(0.,0.,-1.));
#6249 = ORIENTED_EDGE('',*,*,#6250,.T.);
#6250 = EDGE_CURVE('',#6240,#6119,#6251,.T.);
#6251 = LINE('',#6252,#6253);
#6252 = CARTESIAN_POINT('',(-2.5,4.4,1.825));
#6253 = VECTOR('',#6254,1.);
#6254 = DIRECTION('',(0.,-2.052704284081E-32,-1.));
#6255 = ORIENTED_EDGE('',*,*,#6118,.T.);
#6256 = ORIENTED_EDGE('',*,*,#5842,.T.);
#6257 = ORIENTED_EDGE('',*,*,#6050,.F.);
#6258 = ORIENTED_EDGE('',*,*,#6259,.T.);
#6259 = EDGE_CURVE('',#6043,#6242,#6260,.T.);
#6260 = LINE('',#6261,#6262);
#6261 = CARTESIAN_POINT('',(-2.5,4.4,1.825));
#6262 = VECTOR('',#6263,1.);
#6263 = DIRECTION('',(0.,-2.052704284081E-32,-1.));
#6264 = PLANE('',#6265);
#6265 = AXIS2_PLACEMENT_3D('',#6266,#6267,#6268);
#6266 = CARTESIAN_POINT('',(5.049476718714,4.4,1.825));
#6267 = DIRECTION('',(0.,1.,0.));
#6268 = DIRECTION('',(0.,0.,1.));
#6269 = ADVANCED_FACE('',(#6270),#6296,.T.);
#6270 = FACE_BOUND('',#6271,.T.);
#6271 = EDGE_LOOP('',(#6272,#6283,#6289,#6290));
#6272 = ORIENTED_EDGE('',*,*,#6273,.T.);
#6273 = EDGE_CURVE('',#6274,#6276,#6278,.T.);
#6274 = VERTEX_POINT('',#6275);
#6275 = CARTESIAN_POINT('',(-1.75,0.45,0.35));
#6276 = VERTEX_POINT('',#6277);
#6277 = CARTESIAN_POINT('',(-1.75,0.45,-0.55));
#6278 = CIRCLE('',#6279,0.45);
#6279 = AXIS2_PLACEMENT_3D('',#6280,#6281,#6282);
#6280 = CARTESIAN_POINT('',(-1.75,0.45,-0.1));
#6281 = DIRECTION('',(0.,1.,0.));
#6282 = DIRECTION('',(0.,0.,-1.));
#6283 = ORIENTED_EDGE('',*,*,#6284,.T.);
#6284 = EDGE_CURVE('',#6276,#5990,#6285,.T.);
#6285 = LINE('',#6286,#6287);
#6286 = CARTESIAN_POINT('',(-1.75,0.65,-0.75));
#6287 = VECTOR('',#6288,1.);
#6288 = DIRECTION('',(8.659560562355E-17,0.707106781187,-0.707106781187)
  );
#6289 = ORIENTED_EDGE('',*,*,#5987,.F.);
#6290 = ORIENTED_EDGE('',*,*,#6291,.F.);
#6291 = EDGE_CURVE('',#6274,#5988,#6292,.T.);
#6292 = LINE('',#6293,#6294);
#6293 = CARTESIAN_POINT('',(-1.75,0.65,0.55));
#6294 = VECTOR('',#6295,1.);
#6295 = DIRECTION('',(0.,0.707106781187,0.707106781187));
#6296 = CONICAL_SURFACE('',#6297,0.65,0.785398163397);
#6297 = AXIS2_PLACEMENT_3D('',#6298,#6299,#6300);
#6298 = CARTESIAN_POINT('',(-1.75,0.65,-0.1));
#6299 = DIRECTION('',(0.,1.,0.));
#6300 = DIRECTION('',(0.,0.,1.));
#6301 = ADVANCED_FACE('',(#6302),#6314,.T.);
#6302 = FACE_BOUND('',#6303,.T.);
#6303 = EDGE_LOOP('',(#6304,#6305,#6312,#6313));
#6304 = ORIENTED_EDGE('',*,*,#6284,.F.);
#6305 = ORIENTED_EDGE('',*,*,#6306,.T.);
#6306 = EDGE_CURVE('',#6276,#6274,#6307,.T.);
#6307 = CIRCLE('',#6308,0.45);
#6308 = AXIS2_PLACEMENT_3D('',#6309,#6310,#6311);
#6309 = CARTESIAN_POINT('',(-1.75,0.45,-0.1));
#6310 = DIRECTION('',(0.,1.,0.));
#6311 = DIRECTION('',(0.,0.,-1.));
#6312 = ORIENTED_EDGE('',*,*,#6291,.T.);
#6313 = ORIENTED_EDGE('',*,*,#5998,.F.);
#6314 = CONICAL_SURFACE('',#6315,0.65,0.785398163397);
#6315 = AXIS2_PLACEMENT_3D('',#6316,#6317,#6318);
#6316 = CARTESIAN_POINT('',(-1.75,0.65,-0.1));
#6317 = DIRECTION('',(0.,1.,0.));
#6318 = DIRECTION('',(0.,0.,1.));
#6319 = ADVANCED_FACE('',(#6320),#6332,.F.);
#6320 = FACE_BOUND('',#6321,.F.);
#6321 = EDGE_LOOP('',(#6322,#6323,#6328,#6329,#6330,#6331));
#6322 = ORIENTED_EDGE('',*,*,#6161,.T.);
#6323 = ORIENTED_EDGE('',*,*,#6324,.T.);
#6324 = EDGE_CURVE('',#6151,#6014,#6325,.T.);
#6325 = B_SPLINE_CURVE_WITH_KNOTS('',1,(#6326,#6327),.UNSPECIFIED.,.F.,
  .F.,(2,2),(1.475,5.325),.PIECEWISE_BEZIER_KNOTS.);
#6326 = CARTESIAN_POINT('',(-2.75,2.220184896686,-2.025));
#6327 = CARTESIAN_POINT('',(-2.75,2.220184896686,1.825));
#6328 = ORIENTED_EDGE('',*,*,#6013,.T.);
#6329 = ORIENTED_EDGE('',*,*,#6024,.T.);
#6330 = ORIENTED_EDGE('',*,*,#6324,.F.);
#6331 = ORIENTED_EDGE('',*,*,#6150,.T.);
#6332 = CYLINDRICAL_SURFACE('',#6333,1.);
#6333 = AXIS2_PLACEMENT_3D('',#6334,#6335,#6336);
#6334 = CARTESIAN_POINT('',(-1.75,2.220184896686,-3.5));
#6335 = DIRECTION('',(0.,0.,1.));
#6336 = DIRECTION('',(-1.,0.,0.));
#6337 = ADVANCED_FACE('',(#6338),#6365,.F.);
#6338 = FACE_BOUND('',#6339,.F.);
#6339 = EDGE_LOOP('',(#6340,#6341,#6350,#6358));
#6340 = ORIENTED_EDGE('',*,*,#6042,.T.);
#6341 = ORIENTED_EDGE('',*,*,#6342,.F.);
#6342 = EDGE_CURVE('',#6343,#6043,#6345,.T.);
#6343 = VERTEX_POINT('',#6344);
#6344 = CARTESIAN_POINT('',(-2.5,4.311674896858,1.924316145633));
#6345 = CIRCLE('',#6346,1.E-01);
#6346 = AXIS2_PLACEMENT_3D('',#6347,#6348,#6349);
#6347 = CARTESIAN_POINT('',(-2.5,4.3,1.825));
#6348 = DIRECTION('',(-1.,2.465190328816E-32,0.));
#6349 = DIRECTION('',(0.,0.,1.));
#6350 = ORIENTED_EDGE('',*,*,#6351,.T.);
#6351 = EDGE_CURVE('',#6343,#6352,#6354,.T.);
#6352 = VERTEX_POINT('',#6353);
#6353 = CARTESIAN_POINT('',(-1.,4.311674896858,1.924316145633));
#6354 = LINE('',#6355,#6356);
#6355 = CARTESIAN_POINT('',(-2.5,4.311674896858,1.924316145633));
#6356 = VECTOR('',#6357,1.);
#6357 = DIRECTION('',(1.,-2.465190328816E-32,0.));
#6358 = ORIENTED_EDGE('',*,*,#6359,.T.);
#6359 = EDGE_CURVE('',#6352,#6035,#6360,.T.);
#6360 = CIRCLE('',#6361,1.E-01);
#6361 = AXIS2_PLACEMENT_3D('',#6362,#6363,#6364);
#6362 = CARTESIAN_POINT('',(-1.,4.3,1.825));
#6363 = DIRECTION('',(-1.,2.465190328816E-32,0.));
#6364 = DIRECTION('',(0.,0.,1.));
#6365 = CYLINDRICAL_SURFACE('',#6366,1.E-01);
#6366 = AXIS2_PLACEMENT_3D('',#6367,#6368,#6369);
#6367 = CARTESIAN_POINT('',(-2.5,4.3,1.825));
#6368 = DIRECTION('',(1.,-2.465190328816E-32,0.));
#6369 = DIRECTION('',(0.,0.,1.));
#6370 = ADVANCED_FACE('',(#6371),#6431,.T.);
#6371 = FACE_BOUND('',#6372,.T.);
#6372 = EDGE_LOOP('',(#6373,#6383,#6389,#6390,#6391,#6400,#6408,#6416,
    #6424));
#6373 = ORIENTED_EDGE('',*,*,#6374,.F.);
#6374 = EDGE_CURVE('',#6375,#6377,#6379,.T.);
#6375 = VERTEX_POINT('',#6376);
#6376 = CARTESIAN_POINT('',(-1.,4.6,-0.73830165435));
#6377 = VERTEX_POINT('',#6378);
#6378 = CARTESIAN_POINT('',(-1.,4.6,-1.994160054512));
#6379 = LINE('',#6380,#6381);
#6380 = CARTESIAN_POINT('',(-1.,4.6,1.825));
#6381 = VECTOR('',#6382,1.);
#6382 = DIRECTION('',(0.,-2.052704284081E-32,-1.));
#6383 = ORIENTED_EDGE('',*,*,#6384,.T.);
#6384 = EDGE_CURVE('',#6375,#6069,#6385,.T.);
#6385 = LINE('',#6386,#6387);
#6386 = CARTESIAN_POINT('',(-1.,-5.454279020539,-0.73830165435));
#6387 = VECTOR('',#6388,1.);
#6388 = DIRECTION('',(0.,-1.,0.));
#6389 = ORIENTED_EDGE('',*,*,#6068,.T.);
#6390 = ORIENTED_EDGE('',*,*,#6142,.T.);
#6391 = ORIENTED_EDGE('',*,*,#6392,.T.);
#6392 = EDGE_CURVE('',#6135,#6393,#6395,.T.);
#6393 = VERTEX_POINT('',#6394);
#6394 = CARTESIAN_POINT('',(-1.,4.393725624774,-2.055194940855));
#6395 = CIRCLE('',#6396,0.3);
#6396 = AXIS2_PLACEMENT_3D('',#6397,#6398,#6399);
#6397 = CARTESIAN_POINT('',(-1.,4.1,-1.994160054512));
#6398 = DIRECTION('',(-1.,2.465190328816E-32,0.));
#6399 = DIRECTION('',(2.850949024098E-46,1.156482317318E-14,-1.));
#6400 = ORIENTED_EDGE('',*,*,#6401,.T.);
#6401 = EDGE_CURVE('',#6393,#6402,#6404,.T.);
#6402 = VERTEX_POINT('',#6403);
#6403 = CARTESIAN_POINT('',(-1.,4.314396099058,-2.436962089128));
#6404 = LINE('',#6405,#6406);
#6405 = CARTESIAN_POINT('',(-1.,4.4,-2.025));
#6406 = VECTOR('',#6407,1.);
#6407 = DIRECTION('',(0.,-0.203449621143,-0.979085415915));
#6408 = ORIENTED_EDGE('',*,*,#6409,.F.);
#6409 = EDGE_CURVE('',#6410,#6402,#6412,.T.);
#6410 = VERTEX_POINT('',#6411);
#6411 = CARTESIAN_POINT('',(-1.,4.51021318224,-2.477652013356));
#6412 = LINE('',#6413,#6414);
#6413 = CARTESIAN_POINT('',(-1.,4.51021318224,-2.477652013356));
#6414 = VECTOR('',#6415,1.);
#6415 = DIRECTION('',(0.,-0.979085415915,0.203449621143));
#6416 = ORIENTED_EDGE('',*,*,#6417,.F.);
#6417 = EDGE_CURVE('',#6418,#6410,#6420,.T.);
#6418 = VERTEX_POINT('',#6419);
#6419 = CARTESIAN_POINT('',(-1.,4.589542707957,-2.095884865083));
#6420 = LINE('',#6421,#6422);
#6421 = CARTESIAN_POINT('',(-1.,4.595817083183,-2.065689924229));
#6422 = VECTOR('',#6423,1.);
#6423 = DIRECTION('',(0.,-0.203449621143,-0.979085415915));
#6424 = ORIENTED_EDGE('',*,*,#6425,.F.);
#6425 = EDGE_CURVE('',#6377,#6418,#6426,.T.);
#6426 = CIRCLE('',#6427,0.5);
#6427 = AXIS2_PLACEMENT_3D('',#6428,#6429,#6430);
#6428 = CARTESIAN_POINT('',(-1.,4.1,-1.994160054512));
#6429 = DIRECTION('',(-1.,2.465190328816E-32,0.));
#6430 = DIRECTION('',(-1.282927060844E-46,-5.20417042793E-15,-1.));
#6431 = PLANE('',#6432);
#6432 = AXIS2_PLACEMENT_3D('',#6433,#6434,#6435);
#6433 = CARTESIAN_POINT('',(-1.,4.473681690371,-8.515896064075E-02));
#6434 = DIRECTION('',(1.,0.,0.));
#6435 = DIRECTION('',(0.,0.,1.));
#6436 = ADVANCED_FACE('',(#6437),#6488,.T.);
#6437 = FACE_BOUND('',#6438,.T.);
#6438 = EDGE_LOOP('',(#6439,#6450,#6458,#6466,#6472,#6473,#6474,#6482));
#6439 = ORIENTED_EDGE('',*,*,#6440,.F.);
#6440 = EDGE_CURVE('',#6441,#6443,#6445,.T.);
#6441 = VERTEX_POINT('',#6442);
#6442 = CARTESIAN_POINT('',(-1.,4.335024690575,2.122948436898));
#6443 = VERTEX_POINT('',#6444);
#6444 = CARTESIAN_POINT('',(-1.,4.6,1.825));
#6445 = CIRCLE('',#6446,0.3);
#6446 = AXIS2_PLACEMENT_3D('',#6447,#6448,#6449);
#6447 = CARTESIAN_POINT('',(-1.,4.3,1.825));
#6448 = DIRECTION('',(-1.,2.465190328816E-32,0.));
#6449 = DIRECTION('',(0.,0.,-1.));
#6450 = ORIENTED_EDGE('',*,*,#6451,.F.);
#6451 = EDGE_CURVE('',#6452,#6441,#6454,.T.);
#6452 = VERTEX_POINT('',#6453);
#6453 = CARTESIAN_POINT('',(-1.,4.129285035931,2.147133721499));
#6454 = LINE('',#6455,#6456);
#6455 = CARTESIAN_POINT('',(-1.,2.855844804849,2.296830261356));
#6456 = VECTOR('',#6457,1.);
#6457 = DIRECTION('',(-2.465190328816E-32,0.993161456328,-0.116748968583
    ));
#6458 = ORIENTED_EDGE('',*,*,#6459,.T.);
#6459 = EDGE_CURVE('',#6452,#6460,#6462,.T.);
#6460 = VERTEX_POINT('',#6461);
#6461 = CARTESIAN_POINT('',(-1.,4.105935242215,1.948501430234));
#6462 = LINE('',#6463,#6464);
#6463 = CARTESIAN_POINT('',(-1.,4.08590169253,1.778079801489));
#6464 = VECTOR('',#6465,1.);
#6465 = DIRECTION('',(0.,-0.116748968583,-0.993161456328));
#6466 = ORIENTED_EDGE('',*,*,#6467,.T.);
#6467 = EDGE_CURVE('',#6460,#6352,#6468,.T.);
#6468 = LINE('',#6469,#6470);
#6469 = CARTESIAN_POINT('',(-1.,2.832495011132,2.09819797009));
#6470 = VECTOR('',#6471,1.);
#6471 = DIRECTION('',(0.,0.993161456328,-0.116748968583));
#6472 = ORIENTED_EDGE('',*,*,#6359,.T.);
#6473 = ORIENTED_EDGE('',*,*,#6087,.T.);
#6474 = ORIENTED_EDGE('',*,*,#6475,.F.);
#6475 = EDGE_CURVE('',#6476,#6079,#6478,.T.);
#6476 = VERTEX_POINT('',#6477);
#6477 = CARTESIAN_POINT('',(-1.,4.6,0.53830165435));
#6478 = LINE('',#6479,#6480);
#6479 = CARTESIAN_POINT('',(-1.,-5.454279020539,0.53830165435));
#6480 = VECTOR('',#6481,1.);
#6481 = DIRECTION('',(0.,-1.,0.));
#6482 = ORIENTED_EDGE('',*,*,#6483,.F.);
#6483 = EDGE_CURVE('',#6443,#6476,#6484,.T.);
#6484 = LINE('',#6485,#6486);
#6485 = CARTESIAN_POINT('',(-1.,4.6,1.825));
#6486 = VECTOR('',#6487,1.);
#6487 = DIRECTION('',(0.,-2.052704284081E-32,-1.));
#6488 = PLANE('',#6489);
#6489 = AXIS2_PLACEMENT_3D('',#6490,#6491,#6492);
#6490 = CARTESIAN_POINT('',(-1.,4.473681690371,-8.515896064075E-02));
#6491 = DIRECTION('',(1.,0.,0.));
#6492 = DIRECTION('',(0.,0.,1.));
#6493 = ADVANCED_FACE('',(#6494),#6563,.T.);
#6494 = FACE_BOUND('',#6495,.T.);
#6495 = EDGE_LOOP('',(#6496,#6504,#6505,#6513,#6520,#6521,#6522,#6523,
    #6532,#6539,#6548,#6555,#6556));
#6496 = ORIENTED_EDGE('',*,*,#6497,.T.);
#6497 = EDGE_CURVE('',#6498,#6240,#6500,.T.);
#6498 = VERTEX_POINT('',#6499);
#6499 = CARTESIAN_POINT('',(-2.5,4.6,-0.73830165435));
#6500 = LINE('',#6501,#6502);
#6501 = CARTESIAN_POINT('',(-2.5,-5.454279020539,-0.73830165435));
#6502 = VECTOR('',#6503,1.);
#6503 = DIRECTION('',(0.,-1.,0.));
#6504 = ORIENTED_EDGE('',*,*,#6239,.T.);
#6505 = ORIENTED_EDGE('',*,*,#6506,.F.);
#6506 = EDGE_CURVE('',#6507,#6242,#6509,.T.);
#6507 = VERTEX_POINT('',#6508);
#6508 = CARTESIAN_POINT('',(-2.5,4.6,0.53830165435));
#6509 = LINE('',#6510,#6511);
#6510 = CARTESIAN_POINT('',(-2.5,-5.454279020539,0.53830165435));
#6511 = VECTOR('',#6512,1.);
#6512 = DIRECTION('',(0.,-1.,0.));
#6513 = ORIENTED_EDGE('',*,*,#6514,.F.);
#6514 = EDGE_CURVE('',#6476,#6507,#6515,.T.);
#6515 = CIRCLE('',#6516,0.984849735719);
#6516 = AXIS2_PLACEMENT_3D('',#6517,#6518,#6519);
#6517 = CARTESIAN_POINT('',(-1.75,4.6,-0.1));
#6518 = DIRECTION('',(0.,-1.,0.));
#6519 = DIRECTION('',(0.,0.,-1.));
#6520 = ORIENTED_EDGE('',*,*,#6475,.T.);
#6521 = ORIENTED_EDGE('',*,*,#6078,.T.);
#6522 = ORIENTED_EDGE('',*,*,#6384,.F.);
#6523 = ORIENTED_EDGE('',*,*,#6524,.F.);
#6524 = EDGE_CURVE('',#6525,#6375,#6527,.T.);
#6525 = VERTEX_POINT('',#6526);
#6526 = CARTESIAN_POINT('',(-1.75,4.6,-1.084849735719));
#6527 = CIRCLE('',#6528,0.984849735719);
#6528 = AXIS2_PLACEMENT_3D('',#6529,#6530,#6531);
#6529 = CARTESIAN_POINT('',(-1.75,4.6,-0.1));
#6530 = DIRECTION('',(0.,-1.,0.));
#6531 = DIRECTION('',(0.,0.,-1.));
#6532 = ORIENTED_EDGE('',*,*,#6533,.F.);
#6533 = EDGE_CURVE('',#6534,#6525,#6536,.T.);
#6534 = VERTEX_POINT('',#6535);
#6535 = CARTESIAN_POINT('',(-1.75,5.949623841302,-1.084849735719));
#6536 = B_SPLINE_CURVE_WITH_KNOTS('',1,(#6537,#6538),.UNSPECIFIED.,.F.,
  .F.,(2,2),(-11.40390286184,-9.854279020539),.PIECEWISE_BEZIER_KNOTS.);
#6537 = CARTESIAN_POINT('',(-1.75,5.949623841302,-1.084849735719));
#6538 = CARTESIAN_POINT('',(-1.75,4.4,-1.084849735719));
#6539 = ORIENTED_EDGE('',*,*,#6540,.F.);
#6540 = EDGE_CURVE('',#6541,#6534,#6543,.T.);
#6541 = VERTEX_POINT('',#6542);
#6542 = CARTESIAN_POINT('',(-1.75,5.949623841302,0.884849735719));
#6543 = CIRCLE('',#6544,0.984849735719);
#6544 = AXIS2_PLACEMENT_3D('',#6545,#6546,#6547);
#6545 = CARTESIAN_POINT('',(-1.75,5.949623841302,-0.1));
#6546 = DIRECTION('',(0.,1.,0.));
#6547 = DIRECTION('',(0.,0.,-1.));
#6548 = ORIENTED_EDGE('',*,*,#6549,.F.);
#6549 = EDGE_CURVE('',#6534,#6541,#6550,.T.);
#6550 = CIRCLE('',#6551,0.984849735719);
#6551 = AXIS2_PLACEMENT_3D('',#6552,#6553,#6554);
#6552 = CARTESIAN_POINT('',(-1.75,5.949623841302,-0.1));
#6553 = DIRECTION('',(0.,1.,0.));
#6554 = DIRECTION('',(0.,0.,-1.));
#6555 = ORIENTED_EDGE('',*,*,#6533,.T.);
#6556 = ORIENTED_EDGE('',*,*,#6557,.F.);
#6557 = EDGE_CURVE('',#6498,#6525,#6558,.T.);
#6558 = CIRCLE('',#6559,0.984849735719);
#6559 = AXIS2_PLACEMENT_3D('',#6560,#6561,#6562);
#6560 = CARTESIAN_POINT('',(-1.75,4.6,-0.1));
#6561 = DIRECTION('',(0.,-1.,0.));
#6562 = DIRECTION('',(0.,0.,-1.));
#6563 = CYLINDRICAL_SURFACE('',#6564,0.984849735719);
#6564 = AXIS2_PLACEMENT_3D('',#6565,#6566,#6567);
#6565 = CARTESIAN_POINT('',(-1.75,-5.454279020539,-0.1));
#6566 = DIRECTION('',(0.,-1.,0.));
#6567 = DIRECTION('',(0.,0.,-1.));
#6568 = ADVANCED_FACE('',(#6569),#6588,.F.);
#6569 = FACE_BOUND('',#6570,.F.);
#6570 = EDGE_LOOP('',(#6571,#6579,#6586,#6587));
#6571 = ORIENTED_EDGE('',*,*,#6572,.F.);
#6572 = EDGE_CURVE('',#6573,#6393,#6575,.T.);
#6573 = VERTEX_POINT('',#6574);
#6574 = CARTESIAN_POINT('',(-2.5,4.393725624774,-2.055194940855));
#6575 = LINE('',#6576,#6577);
#6576 = CARTESIAN_POINT('',(-2.5,4.393725624774,-2.055194940855));
#6577 = VECTOR('',#6578,1.);
#6578 = DIRECTION('',(1.,-2.465190328816E-32,0.));
#6579 = ORIENTED_EDGE('',*,*,#6580,.F.);
#6580 = EDGE_CURVE('',#6127,#6573,#6581,.T.);
#6581 = CIRCLE('',#6582,0.3);
#6582 = AXIS2_PLACEMENT_3D('',#6583,#6584,#6585);
#6583 = CARTESIAN_POINT('',(-2.5,4.1,-1.994160054512));
#6584 = DIRECTION('',(-1.,2.465190328816E-32,0.));
#6585 = DIRECTION('',(2.850949024098E-46,1.156482317318E-14,-1.));
#6586 = ORIENTED_EDGE('',*,*,#6134,.T.);
#6587 = ORIENTED_EDGE('',*,*,#6392,.T.);
#6588 = CYLINDRICAL_SURFACE('',#6589,0.3);
#6589 = AXIS2_PLACEMENT_3D('',#6590,#6591,#6592);
#6590 = CARTESIAN_POINT('',(-2.5,4.1,-1.994160054512));
#6591 = DIRECTION('',(1.,-2.465190328816E-32,0.));
#6592 = DIRECTION('',(0.,0.,1.));
#6593 = ADVANCED_FACE('',(#6594),#6639,.T.);
#6594 = FACE_BOUND('',#6595,.T.);
#6595 = EDGE_LOOP('',(#6596,#6597,#6605,#6614,#6622,#6630,#6636,#6637,
    #6638));
#6596 = ORIENTED_EDGE('',*,*,#6497,.F.);
#6597 = ORIENTED_EDGE('',*,*,#6598,.T.);
#6598 = EDGE_CURVE('',#6498,#6599,#6601,.T.);
#6599 = VERTEX_POINT('',#6600);
#6600 = CARTESIAN_POINT('',(-2.5,4.6,-1.994160054512));
#6601 = LINE('',#6602,#6603);
#6602 = CARTESIAN_POINT('',(-2.5,4.6,1.825));
#6603 = VECTOR('',#6604,1.);
#6604 = DIRECTION('',(0.,-2.052704284081E-32,-1.));
#6605 = ORIENTED_EDGE('',*,*,#6606,.T.);
#6606 = EDGE_CURVE('',#6599,#6607,#6609,.T.);
#6607 = VERTEX_POINT('',#6608);
#6608 = CARTESIAN_POINT('',(-2.5,4.589542707957,-2.095884865083));
#6609 = CIRCLE('',#6610,0.5);
#6610 = AXIS2_PLACEMENT_3D('',#6611,#6612,#6613);
#6611 = CARTESIAN_POINT('',(-2.5,4.1,-1.994160054512));
#6612 = DIRECTION('',(-1.,2.465190328816E-32,0.));
#6613 = DIRECTION('',(3.848781182533E-46,1.561251128379E-14,-1.));
#6614 = ORIENTED_EDGE('',*,*,#6615,.T.);
#6615 = EDGE_CURVE('',#6607,#6616,#6618,.T.);
#6616 = VERTEX_POINT('',#6617);
#6617 = CARTESIAN_POINT('',(-2.5,4.51021318224,-2.477652013356));
#6618 = LINE('',#6619,#6620);
#6619 = CARTESIAN_POINT('',(-2.5,4.595817083183,-2.065689924229));
#6620 = VECTOR('',#6621,1.);
#6621 = DIRECTION('',(0.,-0.203449621143,-0.979085415915));
#6622 = ORIENTED_EDGE('',*,*,#6623,.T.);
#6623 = EDGE_CURVE('',#6616,#6624,#6626,.T.);
#6624 = VERTEX_POINT('',#6625);
#6625 = CARTESIAN_POINT('',(-2.5,4.314396099058,-2.436962089128));
#6626 = LINE('',#6627,#6628);
#6627 = CARTESIAN_POINT('',(-2.5,4.51021318224,-2.477652013356));
#6628 = VECTOR('',#6629,1.);
#6629 = DIRECTION('',(0.,-0.979085415915,0.203449621143));
#6630 = ORIENTED_EDGE('',*,*,#6631,.F.);
#6631 = EDGE_CURVE('',#6573,#6624,#6632,.T.);
#6632 = LINE('',#6633,#6634);
#6633 = CARTESIAN_POINT('',(-2.5,4.4,-2.025));
#6634 = VECTOR('',#6635,1.);
#6635 = DIRECTION('',(0.,-0.203449621143,-0.979085415915));
#6636 = ORIENTED_EDGE('',*,*,#6580,.F.);
#6637 = ORIENTED_EDGE('',*,*,#6126,.T.);
#6638 = ORIENTED_EDGE('',*,*,#6250,.F.);
#6639 = PLANE('',#6640);
#6640 = AXIS2_PLACEMENT_3D('',#6641,#6642,#6643);
#6641 = CARTESIAN_POINT('',(-2.5,4.473681690371,-8.515896064075E-02));
#6642 = DIRECTION('',(-1.,-0.,-0.));
#6643 = DIRECTION('',(0.,0.,-1.));
#6644 = ADVANCED_FACE('',(#6645),#6671,.F.);
#6645 = FACE_BOUND('',#6646,.F.);
#6646 = EDGE_LOOP('',(#6647,#6655,#6664,#6670));
#6647 = ORIENTED_EDGE('',*,*,#6648,.T.);
#6648 = EDGE_CURVE('',#6208,#6649,#6651,.T.);
#6649 = VERTEX_POINT('',#6650);
#6650 = CARTESIAN_POINT('',(-1.75,5.168199029567,1.4));
#6651 = LINE('',#6652,#6653);
#6652 = CARTESIAN_POINT('',(-1.75,5.168199029567,1.4));
#6653 = VECTOR('',#6654,1.);
#6654 = DIRECTION('',(0.,0.399944456016,0.91653937837));
#6655 = ORIENTED_EDGE('',*,*,#6656,.F.);
#6656 = EDGE_CURVE('',#6657,#6649,#6659,.T.);
#6657 = VERTEX_POINT('',#6658);
#6658 = CARTESIAN_POINT('',(-1.75,5.168199029567,-1.6));
#6659 = CIRCLE('',#6660,1.5);
#6660 = AXIS2_PLACEMENT_3D('',#6661,#6662,#6663);
#6661 = CARTESIAN_POINT('',(-1.75,5.168199029567,-0.1));
#6662 = DIRECTION('',(0.,1.,0.));
#6663 = DIRECTION('',(0.,0.,-1.));
#6664 = ORIENTED_EDGE('',*,*,#6665,.F.);
#6665 = EDGE_CURVE('',#6206,#6657,#6666,.T.);
#6666 = LINE('',#6667,#6668);
#6667 = CARTESIAN_POINT('',(-1.75,5.168199029567,-1.6));
#6668 = VECTOR('',#6669,1.);
#6669 = DIRECTION('',(1.122437016013E-16,0.399944456016,-0.91653937837)
  );
#6670 = ORIENTED_EDGE('',*,*,#6205,.T.);
#6671 = CONICAL_SURFACE('',#6672,1.5,1.159340083381);
#6672 = AXIS2_PLACEMENT_3D('',#6673,#6674,#6675);
#6673 = CARTESIAN_POINT('',(-1.75,5.168199029567,-0.1));
#6674 = DIRECTION('',(0.,1.,0.));
#6675 = DIRECTION('',(0.,0.,1.));
#6676 = ADVANCED_FACE('',(#6677),#6689,.F.);
#6677 = FACE_BOUND('',#6678,.F.);
#6678 = EDGE_LOOP('',(#6679,#6686,#6687,#6688));
#6679 = ORIENTED_EDGE('',*,*,#6680,.F.);
#6680 = EDGE_CURVE('',#6649,#6657,#6681,.T.);
#6681 = CIRCLE('',#6682,1.5);
#6682 = AXIS2_PLACEMENT_3D('',#6683,#6684,#6685);
#6683 = CARTESIAN_POINT('',(-1.75,5.168199029567,-0.1));
#6684 = DIRECTION('',(0.,1.,0.));
#6685 = DIRECTION('',(0.,0.,-1.));
#6686 = ORIENTED_EDGE('',*,*,#6648,.F.);
#6687 = ORIENTED_EDGE('',*,*,#6224,.T.);
#6688 = ORIENTED_EDGE('',*,*,#6665,.T.);
#6689 = CONICAL_SURFACE('',#6690,1.5,1.159340083381);
#6690 = AXIS2_PLACEMENT_3D('',#6691,#6692,#6693);
#6691 = CARTESIAN_POINT('',(-1.75,5.168199029567,-0.1));
#6692 = DIRECTION('',(0.,1.,0.));
#6693 = DIRECTION('',(0.,0.,1.));
#6694 = ADVANCED_FACE('',(#6695),#6739,.T.);
#6695 = FACE_BOUND('',#6696,.T.);
#6696 = EDGE_LOOP('',(#6697,#6707,#6716,#6722,#6723,#6724,#6725,#6733));
#6697 = ORIENTED_EDGE('',*,*,#6698,.T.);
#6698 = EDGE_CURVE('',#6699,#6701,#6703,.T.);
#6699 = VERTEX_POINT('',#6700);
#6700 = CARTESIAN_POINT('',(-2.5,4.129285035931,2.147133721499));
#6701 = VERTEX_POINT('',#6702);
#6702 = CARTESIAN_POINT('',(-2.5,4.335024690575,2.122948436898));
#6703 = LINE('',#6704,#6705);
#6704 = CARTESIAN_POINT('',(-2.5,2.855844804849,2.296830261356));
#6705 = VECTOR('',#6706,1.);
#6706 = DIRECTION('',(-2.465190328816E-32,0.993161456328,-0.116748968583
    ));
#6707 = ORIENTED_EDGE('',*,*,#6708,.T.);
#6708 = EDGE_CURVE('',#6701,#6709,#6711,.T.);
#6709 = VERTEX_POINT('',#6710);
#6710 = CARTESIAN_POINT('',(-2.5,4.6,1.825));
#6711 = CIRCLE('',#6712,0.3);
#6712 = AXIS2_PLACEMENT_3D('',#6713,#6714,#6715);
#6713 = CARTESIAN_POINT('',(-2.5,4.3,1.825));
#6714 = DIRECTION('',(-1.,2.465190328816E-32,0.));
#6715 = DIRECTION('',(0.,0.,-1.));
#6716 = ORIENTED_EDGE('',*,*,#6717,.T.);
#6717 = EDGE_CURVE('',#6709,#6507,#6718,.T.);
#6718 = LINE('',#6719,#6720);
#6719 = CARTESIAN_POINT('',(-2.5,4.6,1.825));
#6720 = VECTOR('',#6721,1.);
#6721 = DIRECTION('',(0.,-2.052704284081E-32,-1.));
#6722 = ORIENTED_EDGE('',*,*,#6506,.T.);
#6723 = ORIENTED_EDGE('',*,*,#6259,.F.);
#6724 = ORIENTED_EDGE('',*,*,#6342,.F.);
#6725 = ORIENTED_EDGE('',*,*,#6726,.F.);
#6726 = EDGE_CURVE('',#6727,#6343,#6729,.T.);
#6727 = VERTEX_POINT('',#6728);
#6728 = CARTESIAN_POINT('',(-2.5,4.105935242215,1.948501430234));
#6729 = LINE('',#6730,#6731);
#6730 = CARTESIAN_POINT('',(-2.5,2.832495011132,2.09819797009));
#6731 = VECTOR('',#6732,1.);
#6732 = DIRECTION('',(0.,0.993161456328,-0.116748968583));
#6733 = ORIENTED_EDGE('',*,*,#6734,.T.);
#6734 = EDGE_CURVE('',#6727,#6699,#6735,.T.);
#6735 = LINE('',#6736,#6737);
#6736 = CARTESIAN_POINT('',(-2.5,4.098349441856,1.8839704573));
#6737 = VECTOR('',#6738,1.);
#6738 = DIRECTION('',(0.,0.116748968583,0.993161456328));
#6739 = PLANE('',#6740);
#6740 = AXIS2_PLACEMENT_3D('',#6741,#6742,#6743);
#6741 = CARTESIAN_POINT('',(-2.5,4.473681690371,-8.515896064075E-02));
#6742 = DIRECTION('',(-1.,-0.,-0.));
#6743 = DIRECTION('',(0.,0.,-1.));
#6744 = ADVANCED_FACE('',(#6745),#6773,.T.);
#6745 = FACE_BOUND('',#6746,.T.);
#6746 = EDGE_LOOP('',(#6747,#6758,#6765,#6770,#6771,#6772));
#6747 = ORIENTED_EDGE('',*,*,#6748,.T.);
#6748 = EDGE_CURVE('',#6749,#6751,#6753,.T.);
#6749 = VERTEX_POINT('',#6750);
#6750 = CARTESIAN_POINT('',(-1.75,-2.866987298108,-0.55));
#6751 = VERTEX_POINT('',#6752);
#6752 = CARTESIAN_POINT('',(-1.75,-2.866987298108,0.35));
#6753 = CIRCLE('',#6754,0.45);
#6754 = AXIS2_PLACEMENT_3D('',#6755,#6756,#6757);
#6755 = CARTESIAN_POINT('',(-1.75,-2.866987298108,-0.1));
#6756 = DIRECTION('',(0.,1.,0.));
#6757 = DIRECTION('',(0.,0.,-1.));
#6758 = ORIENTED_EDGE('',*,*,#6759,.T.);
#6759 = EDGE_CURVE('',#6751,#6749,#6760,.T.);
#6760 = CIRCLE('',#6761,0.45);
#6761 = AXIS2_PLACEMENT_3D('',#6762,#6763,#6764);
#6762 = CARTESIAN_POINT('',(-1.75,-2.866987298108,-0.1));
#6763 = DIRECTION('',(0.,1.,0.));
#6764 = DIRECTION('',(0.,0.,-1.));
#6765 = ORIENTED_EDGE('',*,*,#6766,.F.);
#6766 = EDGE_CURVE('',#6276,#6749,#6767,.T.);
#6767 = B_SPLINE_CURVE_WITH_KNOTS('',1,(#6768,#6769),.UNSPECIFIED.,.F.,
  .F.,(2,2),(-5.904279020539,-2.587291722432),.PIECEWISE_BEZIER_KNOTS.);
#6768 = CARTESIAN_POINT('',(-1.75,0.45,-0.55));
#6769 = CARTESIAN_POINT('',(-1.75,-2.866987298108,-0.55));
#6770 = ORIENTED_EDGE('',*,*,#6273,.F.);
#6771 = ORIENTED_EDGE('',*,*,#6306,.F.);
#6772 = ORIENTED_EDGE('',*,*,#6766,.T.);
#6773 = CYLINDRICAL_SURFACE('',#6774,0.45);
#6774 = AXIS2_PLACEMENT_3D('',#6775,#6776,#6777);
#6775 = CARTESIAN_POINT('',(-1.75,-5.454279020539,-0.1));
#6776 = DIRECTION('',(0.,-1.,0.));
#6777 = DIRECTION('',(0.,0.,-1.));
#6778 = ADVANCED_FACE('',(#6779),#6874,.F.);
#6779 = FACE_BOUND('',#6780,.T.);
#6780 = EDGE_LOOP('',(#6781,#6782,#6783,#6784,#6792,#6801,#6809,#6818,
    #6826,#6834,#6842,#6851,#6859,#6868));
#6781 = ORIENTED_EDGE('',*,*,#6726,.T.);
#6782 = ORIENTED_EDGE('',*,*,#6351,.T.);
#6783 = ORIENTED_EDGE('',*,*,#6467,.F.);
#6784 = ORIENTED_EDGE('',*,*,#6785,.T.);
#6785 = EDGE_CURVE('',#6460,#6786,#6788,.T.);
#6786 = VERTEX_POINT('',#6787);
#6787 = CARTESIAN_POINT('',(-0.925,4.105935242215,1.948501430234));
#6788 = LINE('',#6789,#6790);
#6789 = CARTESIAN_POINT('',(-2.575,4.105935242215,1.948501430234));
#6790 = VECTOR('',#6791,1.);
#6791 = DIRECTION('',(1.,-2.465190328816E-32,0.));
#6792 = ORIENTED_EDGE('',*,*,#6793,.T.);
#6793 = EDGE_CURVE('',#6786,#6794,#6796,.T.);
#6794 = VERTEX_POINT('',#6795);
#6795 = CARTESIAN_POINT('',(-0.825,4.006619096582,1.960176327092));
#6796 = CIRCLE('',#6797,0.1);
#6797 = AXIS2_PLACEMENT_3D('',#6798,#6799,#6800);
#6798 = CARTESIAN_POINT('',(-0.925,4.006619096582,1.960176327092));
#6799 = DIRECTION('',(-0.,-0.116748968583,-0.993161456328));
#6800 = DIRECTION('',(0.,-0.993161456328,0.116748968583));
#6801 = ORIENTED_EDGE('',*,*,#6802,.T.);
#6802 = EDGE_CURVE('',#6794,#6803,#6805,.T.);
#6803 = VERTEX_POINT('',#6804);
#6804 = CARTESIAN_POINT('',(-0.825,3.16092762664,2.059589777167));
#6805 = LINE('',#6806,#6807);
#6806 = CARTESIAN_POINT('',(-0.825,3.16092762664,2.059589777167));
#6807 = VECTOR('',#6808,1.);
#6808 = DIRECTION('',(-1.018610542356E-15,-0.993161456328,0.116748968583
    ));
#6809 = ORIENTED_EDGE('',*,*,#6810,.T.);
#6810 = EDGE_CURVE('',#6803,#6811,#6813,.T.);
#6811 = VERTEX_POINT('',#6812);
#6812 = CARTESIAN_POINT('',(-0.925,3.061611481008,2.071264674026));
#6813 = CIRCLE('',#6814,0.1);
#6814 = AXIS2_PLACEMENT_3D('',#6815,#6816,#6817);
#6815 = CARTESIAN_POINT('',(-0.925,3.16092762664,2.059589777167));
#6816 = DIRECTION('',(0.,-0.116748968583,-0.993161456328));
#6817 = DIRECTION('',(0.,0.993161456328,-0.116748968583));
#6818 = ORIENTED_EDGE('',*,*,#6819,.T.);
#6819 = EDGE_CURVE('',#6811,#6820,#6822,.T.);
#6820 = VERTEX_POINT('',#6821);
#6821 = CARTESIAN_POINT('',(-1.,3.061611481008,2.071264674026));
#6822 = LINE('',#6823,#6824);
#6823 = CARTESIAN_POINT('',(-2.575,3.061611481008,2.071264674026));
#6824 = VECTOR('',#6825,1.);
#6825 = DIRECTION('',(-1.,2.465190328816E-32,0.));
#6826 = ORIENTED_EDGE('',*,*,#6827,.F.);
#6827 = EDGE_CURVE('',#6828,#6820,#6830,.T.);
#6828 = VERTEX_POINT('',#6829);
#6829 = CARTESIAN_POINT('',(-2.5,3.061611481008,2.071264674026));
#6830 = LINE('',#6831,#6832);
#6831 = CARTESIAN_POINT('',(-2.5,3.061611481008,2.071264674026));
#6832 = VECTOR('',#6833,1.);
#6833 = DIRECTION('',(1.,-2.465190328816E-32,0.));
#6834 = ORIENTED_EDGE('',*,*,#6835,.T.);
#6835 = EDGE_CURVE('',#6828,#6836,#6838,.T.);
#6836 = VERTEX_POINT('',#6837);
#6837 = CARTESIAN_POINT('',(-2.575,3.061611481008,2.071264674026));
#6838 = LINE('',#6839,#6840);
#6839 = CARTESIAN_POINT('',(-2.575,3.061611481008,2.071264674026));
#6840 = VECTOR('',#6841,1.);
#6841 = DIRECTION('',(-1.,2.465190328816E-32,0.));
#6842 = ORIENTED_EDGE('',*,*,#6843,.T.);
#6843 = EDGE_CURVE('',#6836,#6844,#6846,.T.);
#6844 = VERTEX_POINT('',#6845);
#6845 = CARTESIAN_POINT('',(-2.675,3.16092762664,2.059589777167));
#6846 = CIRCLE('',#6847,0.1);
#6847 = AXIS2_PLACEMENT_3D('',#6848,#6849,#6850);
#6848 = CARTESIAN_POINT('',(-2.575,3.16092762664,2.059589777167));
#6849 = DIRECTION('',(-0.,-0.116748968583,-0.993161456328));
#6850 = DIRECTION('',(0.,-0.993161456328,0.116748968583));
#6851 = ORIENTED_EDGE('',*,*,#6852,.T.);
#6852 = EDGE_CURVE('',#6844,#6853,#6855,.T.);
#6853 = VERTEX_POINT('',#6854);
#6854 = CARTESIAN_POINT('',(-2.675,4.006619096582,1.960176327092));
#6855 = LINE('',#6856,#6857);
#6856 = CARTESIAN_POINT('',(-2.675,3.16092762664,2.059589777167));
#6857 = VECTOR('',#6858,1.);
#6858 = DIRECTION('',(1.018610542356E-15,0.993161456328,-0.116748968583)
  );
#6859 = ORIENTED_EDGE('',*,*,#6860,.T.);
#6860 = EDGE_CURVE('',#6853,#6861,#6863,.T.);
#6861 = VERTEX_POINT('',#6862);
#6862 = CARTESIAN_POINT('',(-2.575,4.105935242215,1.948501430234));
#6863 = CIRCLE('',#6864,1.E-01);
#6864 = AXIS2_PLACEMENT_3D('',#6865,#6866,#6867);
#6865 = CARTESIAN_POINT('',(-2.575,4.006619096582,1.960176327092));
#6866 = DIRECTION('',(-0.,-0.116748968583,-0.993161456328));
#6867 = DIRECTION('',(0.,-0.993161456328,0.116748968583));
#6868 = ORIENTED_EDGE('',*,*,#6869,.T.);
#6869 = EDGE_CURVE('',#6861,#6727,#6870,.T.);
#6870 = LINE('',#6871,#6872);
#6871 = CARTESIAN_POINT('',(-2.575,4.105935242215,1.948501430234));
#6872 = VECTOR('',#6873,1.);
#6873 = DIRECTION('',(1.,-2.465190328816E-32,0.));
#6874 = PLANE('',#6875);
#6875 = AXIS2_PLACEMENT_3D('',#6876,#6877,#6878);
#6876 = CARTESIAN_POINT('',(-2.5,2.832495011132,2.09819797009));
#6877 = DIRECTION('',(0.,0.116748968583,0.993161456328));
#6878 = DIRECTION('',(0.,-0.993161456328,0.116748968583));
#6879 = ADVANCED_FACE('',(#6880),#6892,.T.);
#6880 = FACE_BOUND('',#6881,.T.);
#6881 = EDGE_LOOP('',(#6882,#6883,#6884,#6890,#6891));
#6882 = ORIENTED_EDGE('',*,*,#6524,.T.);
#6883 = ORIENTED_EDGE('',*,*,#6374,.T.);
#6884 = ORIENTED_EDGE('',*,*,#6885,.F.);
#6885 = EDGE_CURVE('',#6599,#6377,#6886,.T.);
#6886 = LINE('',#6887,#6888);
#6887 = CARTESIAN_POINT('',(-2.5,4.6,-1.994160054512));
#6888 = VECTOR('',#6889,1.);
#6889 = DIRECTION('',(1.,-2.465190328816E-32,0.));
#6890 = ORIENTED_EDGE('',*,*,#6598,.F.);
#6891 = ORIENTED_EDGE('',*,*,#6557,.T.);
#6892 = PLANE('',#6893);
#6893 = AXIS2_PLACEMENT_3D('',#6894,#6895,#6896);
#6894 = CARTESIAN_POINT('',(-2.5,4.6,1.825));
#6895 = DIRECTION('',(-2.465190328816E-32,1.,-2.052704284081E-32));
#6896 = DIRECTION('',(0.,2.052704284081E-32,1.));
#6897 = ADVANCED_FACE('',(#6898),#6909,.T.);
#6898 = FACE_BOUND('',#6899,.T.);
#6899 = EDGE_LOOP('',(#6900,#6901,#6907,#6908));
#6900 = ORIENTED_EDGE('',*,*,#6425,.T.);
#6901 = ORIENTED_EDGE('',*,*,#6902,.F.);
#6902 = EDGE_CURVE('',#6607,#6418,#6903,.T.);
#6903 = LINE('',#6904,#6905);
#6904 = CARTESIAN_POINT('',(-2.5,4.589542707957,-2.095884865083));
#6905 = VECTOR('',#6906,1.);
#6906 = DIRECTION('',(1.,-2.465190328816E-32,0.));
#6907 = ORIENTED_EDGE('',*,*,#6606,.F.);
#6908 = ORIENTED_EDGE('',*,*,#6885,.T.);
#6909 = CYLINDRICAL_SURFACE('',#6910,0.5);
#6910 = AXIS2_PLACEMENT_3D('',#6911,#6912,#6913);
#6911 = CARTESIAN_POINT('',(-2.5,4.1,-1.994160054512));
#6912 = DIRECTION('',(1.,-2.465190328816E-32,0.));
#6913 = DIRECTION('',(0.,0.,1.));
#6914 = ADVANCED_FACE('',(#6915),#6926,.T.);
#6915 = FACE_BOUND('',#6916,.T.);
#6916 = EDGE_LOOP('',(#6917,#6918,#6924,#6925));
#6917 = ORIENTED_EDGE('',*,*,#6417,.T.);
#6918 = ORIENTED_EDGE('',*,*,#6919,.F.);
#6919 = EDGE_CURVE('',#6616,#6410,#6920,.T.);
#6920 = LINE('',#6921,#6922);
#6921 = CARTESIAN_POINT('',(-2.5,4.51021318224,-2.477652013356));
#6922 = VECTOR('',#6923,1.);
#6923 = DIRECTION('',(1.,-2.465190328816E-32,0.));
#6924 = ORIENTED_EDGE('',*,*,#6615,.F.);
#6925 = ORIENTED_EDGE('',*,*,#6902,.T.);
#6926 = PLANE('',#6927);
#6927 = AXIS2_PLACEMENT_3D('',#6928,#6929,#6930);
#6928 = CARTESIAN_POINT('',(-2.5,4.595817083183,-2.065689924229));
#6929 = DIRECTION('',(-6.842277657836E-49,0.979085415915,-0.203449621143
    ));
#6930 = DIRECTION('',(-2.465190328816E-32,0.203449621143,0.979085415915)
  );
#6931 = ADVANCED_FACE('',(#6932),#6943,.T.);
#6932 = FACE_BOUND('',#6933,.T.);
#6933 = EDGE_LOOP('',(#6934,#6935,#6941,#6942));
#6934 = ORIENTED_EDGE('',*,*,#6409,.T.);
#6935 = ORIENTED_EDGE('',*,*,#6936,.F.);
#6936 = EDGE_CURVE('',#6624,#6402,#6937,.T.);
#6937 = LINE('',#6938,#6939);
#6938 = CARTESIAN_POINT('',(-2.5,4.314396099058,-2.436962089128));
#6939 = VECTOR('',#6940,1.);
#6940 = DIRECTION('',(1.,-2.465190328816E-32,0.));
#6941 = ORIENTED_EDGE('',*,*,#6623,.F.);
#6942 = ORIENTED_EDGE('',*,*,#6919,.T.);
#6943 = PLANE('',#6944);
#6944 = AXIS2_PLACEMENT_3D('',#6945,#6946,#6947);
#6945 = CARTESIAN_POINT('',(-2.5,4.51021318224,-2.477652013356));
#6946 = DIRECTION('',(0.,-0.203449621143,-0.979085415915));
#6947 = DIRECTION('',(-2.465190328816E-32,0.979085415915,-0.203449621143
    ));
#6948 = ADVANCED_FACE('',(#6949),#6955,.F.);
#6949 = FACE_BOUND('',#6950,.T.);
#6950 = EDGE_LOOP('',(#6951,#6952,#6953,#6954));
#6951 = ORIENTED_EDGE('',*,*,#6401,.F.);
#6952 = ORIENTED_EDGE('',*,*,#6572,.F.);
#6953 = ORIENTED_EDGE('',*,*,#6631,.T.);
#6954 = ORIENTED_EDGE('',*,*,#6936,.T.);
#6955 = PLANE('',#6956);
#6956 = AXIS2_PLACEMENT_3D('',#6957,#6958,#6959);
#6957 = CARTESIAN_POINT('',(-2.5,4.4,-2.025));
#6958 = DIRECTION('',(-6.842277657836E-49,0.979085415915,-0.203449621143
    ));
#6959 = DIRECTION('',(-2.465190328816E-32,0.203449621143,0.979085415915)
  );
#6960 = ADVANCED_FACE('',(#6961),#6977,.T.);
#6961 = FACE_BOUND('',#6962,.T.);
#6962 = EDGE_LOOP('',(#6963,#6964,#6970,#6971));
#6963 = ORIENTED_EDGE('',*,*,#6440,.T.);
#6964 = ORIENTED_EDGE('',*,*,#6965,.F.);
#6965 = EDGE_CURVE('',#6709,#6443,#6966,.T.);
#6966 = LINE('',#6967,#6968);
#6967 = CARTESIAN_POINT('',(-2.5,4.6,1.825));
#6968 = VECTOR('',#6969,1.);
#6969 = DIRECTION('',(1.,-2.465190328816E-32,0.));
#6970 = ORIENTED_EDGE('',*,*,#6708,.F.);
#6971 = ORIENTED_EDGE('',*,*,#6972,.T.);
#6972 = EDGE_CURVE('',#6701,#6441,#6973,.T.);
#6973 = LINE('',#6974,#6975);
#6974 = CARTESIAN_POINT('',(-2.5,4.335024690575,2.122948436898));
#6975 = VECTOR('',#6976,1.);
#6976 = DIRECTION('',(1.,-2.465190328816E-32,0.));
#6977 = CYLINDRICAL_SURFACE('',#6978,0.3);
#6978 = AXIS2_PLACEMENT_3D('',#6979,#6980,#6981);
#6979 = CARTESIAN_POINT('',(-2.5,4.3,1.825));
#6980 = DIRECTION('',(1.,-2.465190328816E-32,0.));
#6981 = DIRECTION('',(0.,0.,1.));
#6982 = ADVANCED_FACE('',(#6983),#6989,.T.);
#6983 = FACE_BOUND('',#6984,.T.);
#6984 = EDGE_LOOP('',(#6985,#6986,#6987,#6988));
#6985 = ORIENTED_EDGE('',*,*,#6965,.T.);
#6986 = ORIENTED_EDGE('',*,*,#6483,.T.);
#6987 = ORIENTED_EDGE('',*,*,#6514,.T.);
#6988 = ORIENTED_EDGE('',*,*,#6717,.F.);
#6989 = PLANE('',#6990);
#6990 = AXIS2_PLACEMENT_3D('',#6991,#6992,#6993);
#6991 = CARTESIAN_POINT('',(-2.5,4.6,1.825));
#6992 = DIRECTION('',(-2.465190328816E-32,1.,-2.052704284081E-32));
#6993 = DIRECTION('',(0.,2.052704284081E-32,1.));
#6994 = ADVANCED_FACE('',(#6995),#7013,.T.);
#6995 = FACE_BOUND('',#6996,.T.);
#6996 = EDGE_LOOP('',(#6997,#7005,#7011,#7012));
#6997 = ORIENTED_EDGE('',*,*,#6998,.T.);
#6998 = EDGE_CURVE('',#6452,#6999,#7001,.T.);
#6999 = VERTEX_POINT('',#7000);
#7000 = CARTESIAN_POINT('',(-0.925,4.129285035931,2.147133721499));
#7001 = LINE('',#7002,#7003);
#7002 = CARTESIAN_POINT('',(-2.575,4.129285035931,2.147133721499));
#7003 = VECTOR('',#7004,1.);
#7004 = DIRECTION('',(1.,-2.465190328816E-32,0.));
#7005 = ORIENTED_EDGE('',*,*,#7006,.F.);
#7006 = EDGE_CURVE('',#6786,#6999,#7007,.T.);
#7007 = LINE('',#7008,#7009);
#7008 = CARTESIAN_POINT('',(-0.925,4.105935242215,1.948501430234));
#7009 = VECTOR('',#7010,1.);
#7010 = DIRECTION('',(0.,0.116748968583,0.993161456328));
#7011 = ORIENTED_EDGE('',*,*,#6785,.F.);
#7012 = ORIENTED_EDGE('',*,*,#6459,.F.);
#7013 = PLANE('',#7014);
#7014 = AXIS2_PLACEMENT_3D('',#7015,#7016,#7017);
#7015 = CARTESIAN_POINT('',(-2.575,4.105935242215,1.948501430234));
#7016 = DIRECTION('',(0.,0.993161456328,-0.116748968583));
#7017 = DIRECTION('',(0.,0.116748968583,0.993161456328));
#7018 = ADVANCED_FACE('',(#7019),#7107,.T.);
#7019 = FACE_BOUND('',#7020,.T.);
#7020 = EDGE_LOOP('',(#7021,#7022,#7023,#7024,#7032,#7041,#7049,#7058,
    #7066,#7074,#7082,#7091,#7099,#7106));
#7021 = ORIENTED_EDGE('',*,*,#6451,.T.);
#7022 = ORIENTED_EDGE('',*,*,#6972,.F.);
#7023 = ORIENTED_EDGE('',*,*,#6698,.F.);
#7024 = ORIENTED_EDGE('',*,*,#7025,.F.);
#7025 = EDGE_CURVE('',#7026,#6699,#7028,.T.);
#7026 = VERTEX_POINT('',#7027);
#7027 = CARTESIAN_POINT('',(-2.575,4.129285035931,2.147133721499));
#7028 = LINE('',#7029,#7030);
#7029 = CARTESIAN_POINT('',(-2.575,4.129285035931,2.147133721499));
#7030 = VECTOR('',#7031,1.);
#7031 = DIRECTION('',(1.,-2.465190328816E-32,0.));
#7032 = ORIENTED_EDGE('',*,*,#7033,.F.);
#7033 = EDGE_CURVE('',#7034,#7026,#7036,.T.);
#7034 = VERTEX_POINT('',#7035);
#7035 = CARTESIAN_POINT('',(-2.675,4.029968890299,2.158808618358));
#7036 = CIRCLE('',#7037,1.E-01);
#7037 = AXIS2_PLACEMENT_3D('',#7038,#7039,#7040);
#7038 = CARTESIAN_POINT('',(-2.575,4.029968890299,2.158808618358));
#7039 = DIRECTION('',(-0.,-0.116748968583,-0.993161456328));
#7040 = DIRECTION('',(0.,-0.993161456328,0.116748968583));
#7041 = ORIENTED_EDGE('',*,*,#7042,.F.);
#7042 = EDGE_CURVE('',#7043,#7034,#7045,.T.);
#7043 = VERTEX_POINT('',#7044);
#7044 = CARTESIAN_POINT('',(-2.675,3.184277420357,2.258222068433));
#7045 = LINE('',#7046,#7047);
#7046 = CARTESIAN_POINT('',(-2.675,3.184277420357,2.258222068433));
#7047 = VECTOR('',#7048,1.);
#7048 = DIRECTION('',(1.018610542356E-15,0.993161456328,-0.116748968583)
  );
#7049 = ORIENTED_EDGE('',*,*,#7050,.F.);
#7050 = EDGE_CURVE('',#7051,#7043,#7053,.T.);
#7051 = VERTEX_POINT('',#7052);
#7052 = CARTESIAN_POINT('',(-2.575,3.084961274724,2.269896965291));
#7053 = CIRCLE('',#7054,0.1);
#7054 = AXIS2_PLACEMENT_3D('',#7055,#7056,#7057);
#7055 = CARTESIAN_POINT('',(-2.575,3.184277420357,2.258222068433));
#7056 = DIRECTION('',(-0.,-0.116748968583,-0.993161456328));
#7057 = DIRECTION('',(0.,-0.993161456328,0.116748968583));
#7058 = ORIENTED_EDGE('',*,*,#7059,.F.);
#7059 = EDGE_CURVE('',#7060,#7051,#7062,.T.);
#7060 = VERTEX_POINT('',#7061);
#7061 = CARTESIAN_POINT('',(-2.5,3.084961274724,2.269896965291));
#7062 = LINE('',#7063,#7064);
#7063 = CARTESIAN_POINT('',(-2.575,3.084961274724,2.269896965291));
#7064 = VECTOR('',#7065,1.);
#7065 = DIRECTION('',(-1.,2.465190328816E-32,0.));
#7066 = ORIENTED_EDGE('',*,*,#7067,.T.);
#7067 = EDGE_CURVE('',#7060,#7068,#7070,.T.);
#7068 = VERTEX_POINT('',#7069);
#7069 = CARTESIAN_POINT('',(-1.,3.084961274724,2.269896965291));
#7070 = LINE('',#7071,#7072);
#7071 = CARTESIAN_POINT('',(-2.5,3.084961274724,2.269896965291));
#7072 = VECTOR('',#7073,1.);
#7073 = DIRECTION('',(1.,-2.465190328816E-32,0.));
#7074 = ORIENTED_EDGE('',*,*,#7075,.F.);
#7075 = EDGE_CURVE('',#7076,#7068,#7078,.T.);
#7076 = VERTEX_POINT('',#7077);
#7077 = CARTESIAN_POINT('',(-0.925,3.084961274724,2.269896965291));
#7078 = LINE('',#7079,#7080);
#7079 = CARTESIAN_POINT('',(-2.575,3.084961274724,2.269896965291));
#7080 = VECTOR('',#7081,1.);
#7081 = DIRECTION('',(-1.,2.465190328816E-32,0.));
#7082 = ORIENTED_EDGE('',*,*,#7083,.F.);
#7083 = EDGE_CURVE('',#7084,#7076,#7086,.T.);
#7084 = VERTEX_POINT('',#7085);
#7085 = CARTESIAN_POINT('',(-0.825,3.184277420357,2.258222068433));
#7086 = CIRCLE('',#7087,0.1);
#7087 = AXIS2_PLACEMENT_3D('',#7088,#7089,#7090);
#7088 = CARTESIAN_POINT('',(-0.925,3.184277420357,2.258222068433));
#7089 = DIRECTION('',(0.,-0.116748968583,-0.993161456328));
#7090 = DIRECTION('',(0.,0.993161456328,-0.116748968583));
#7091 = ORIENTED_EDGE('',*,*,#7092,.F.);
#7092 = EDGE_CURVE('',#7093,#7084,#7095,.T.);
#7093 = VERTEX_POINT('',#7094);
#7094 = CARTESIAN_POINT('',(-0.825,4.029968890299,2.158808618358));
#7095 = LINE('',#7096,#7097);
#7096 = CARTESIAN_POINT('',(-0.825,3.184277420357,2.258222068433));
#7097 = VECTOR('',#7098,1.);
#7098 = DIRECTION('',(-1.018610542356E-15,-0.993161456328,0.116748968583
    ));
#7099 = ORIENTED_EDGE('',*,*,#7100,.F.);
#7100 = EDGE_CURVE('',#6999,#7093,#7101,.T.);
#7101 = CIRCLE('',#7102,0.1);
#7102 = AXIS2_PLACEMENT_3D('',#7103,#7104,#7105);
#7103 = CARTESIAN_POINT('',(-0.925,4.029968890299,2.158808618358));
#7104 = DIRECTION('',(-0.,-0.116748968583,-0.993161456328));
#7105 = DIRECTION('',(0.,-0.993161456328,0.116748968583));
#7106 = ORIENTED_EDGE('',*,*,#6998,.F.);
#7107 = PLANE('',#7108);
#7108 = AXIS2_PLACEMENT_3D('',#7109,#7110,#7111);
#7109 = CARTESIAN_POINT('',(-2.5,2.855844804849,2.296830261356));
#7110 = DIRECTION('',(0.,0.116748968583,0.993161456328));
#7111 = DIRECTION('',(0.,-0.993161456328,0.116748968583));
#7112 = ADVANCED_FACE('',(#7113,#7117),#7137,.F.);
#7113 = FACE_BOUND('',#7114,.T.);
#7114 = EDGE_LOOP('',(#7115,#7116));
#7115 = ORIENTED_EDGE('',*,*,#6549,.T.);
#7116 = ORIENTED_EDGE('',*,*,#6540,.T.);
#7117 = FACE_BOUND('',#7118,.T.);
#7118 = EDGE_LOOP('',(#7119,#7130));
#7119 = ORIENTED_EDGE('',*,*,#7120,.F.);
#7120 = EDGE_CURVE('',#7121,#7123,#7125,.T.);
#7121 = VERTEX_POINT('',#7122);
#7122 = CARTESIAN_POINT('',(-1.75,5.949623841302,-1.6));
#7123 = VERTEX_POINT('',#7124);
#7124 = CARTESIAN_POINT('',(-1.75,5.949623841302,1.4));
#7125 = CIRCLE('',#7126,1.5);
#7126 = AXIS2_PLACEMENT_3D('',#7127,#7128,#7129);
#7127 = CARTESIAN_POINT('',(-1.75,5.949623841302,-0.1));
#7128 = DIRECTION('',(0.,1.,0.));
#7129 = DIRECTION('',(0.,0.,-1.));
#7130 = ORIENTED_EDGE('',*,*,#7131,.F.);
#7131 = EDGE_CURVE('',#7123,#7121,#7132,.T.);
#7132 = CIRCLE('',#7133,1.5);
#7133 = AXIS2_PLACEMENT_3D('',#7134,#7135,#7136);
#7134 = CARTESIAN_POINT('',(-1.75,5.949623841302,-0.1));
#7135 = DIRECTION('',(0.,1.,0.));
#7136 = DIRECTION('',(0.,0.,-1.));
#7137 = PLANE('',#7138);
#7138 = AXIS2_PLACEMENT_3D('',#7139,#7140,#7141);
#7139 = CARTESIAN_POINT('',(-1.75,5.949623841302,0.884849735719));
#7140 = DIRECTION('',(0.,1.,0.));
#7141 = DIRECTION('',(0.,0.,1.));
#7142 = ADVANCED_FACE('',(#7143),#7155,.F.);
#7143 = FACE_BOUND('',#7144,.F.);
#7144 = EDGE_LOOP('',(#7145,#7146,#7151,#7152,#7153,#7154));
#7145 = ORIENTED_EDGE('',*,*,#7120,.F.);
#7146 = ORIENTED_EDGE('',*,*,#7147,.T.);
#7147 = EDGE_CURVE('',#7121,#6657,#7148,.T.);
#7148 = B_SPLINE_CURVE_WITH_KNOTS('',1,(#7149,#7150),.UNSPECIFIED.,.F.,
  .F.,(2,2),(-13.85427902053,-10.6224780501),.PIECEWISE_BEZIER_KNOTS.);
#7149 = CARTESIAN_POINT('',(-1.75,8.4,-1.6));
#7150 = CARTESIAN_POINT('',(-1.75,5.168199029567,-1.6));
#7151 = ORIENTED_EDGE('',*,*,#6656,.T.);
#7152 = ORIENTED_EDGE('',*,*,#6680,.T.);
#7153 = ORIENTED_EDGE('',*,*,#7147,.F.);
#7154 = ORIENTED_EDGE('',*,*,#7131,.F.);
#7155 = CYLINDRICAL_SURFACE('',#7156,1.5);
#7156 = AXIS2_PLACEMENT_3D('',#7157,#7158,#7159);
#7157 = CARTESIAN_POINT('',(-1.75,-5.454279020539,-0.1));
#7158 = DIRECTION('',(0.,-1.,0.));
#7159 = DIRECTION('',(0.,0.,-1.));
#7160 = ADVANCED_FACE('',(#7161),#7172,.T.);
#7161 = FACE_BOUND('',#7162,.T.);
#7162 = EDGE_LOOP('',(#7163,#7164,#7170,#7171));
#7163 = ORIENTED_EDGE('',*,*,#6869,.F.);
#7164 = ORIENTED_EDGE('',*,*,#7165,.T.);
#7165 = EDGE_CURVE('',#6861,#7026,#7166,.T.);
#7166 = LINE('',#7167,#7168);
#7167 = CARTESIAN_POINT('',(-2.575,4.105935242215,1.948501430234));
#7168 = VECTOR('',#7169,1.);
#7169 = DIRECTION('',(0.,0.116748968583,0.993161456328));
#7170 = ORIENTED_EDGE('',*,*,#7025,.T.);
#7171 = ORIENTED_EDGE('',*,*,#6734,.F.);
#7172 = PLANE('',#7173);
#7173 = AXIS2_PLACEMENT_3D('',#7174,#7175,#7176);
#7174 = CARTESIAN_POINT('',(-2.575,4.105935242215,1.948501430234));
#7175 = DIRECTION('',(0.,0.993161456328,-0.116748968583));
#7176 = DIRECTION('',(0.,0.116748968583,0.993161456328));
#7177 = ADVANCED_FACE('',(#7178),#7204,.T.);
#7178 = FACE_BOUND('',#7179,.T.);
#7179 = EDGE_LOOP('',(#7180,#7188,#7197,#7203));
#7180 = ORIENTED_EDGE('',*,*,#7181,.F.);
#7181 = EDGE_CURVE('',#7182,#6749,#7184,.T.);
#7182 = VERTEX_POINT('',#7183);
#7183 = CARTESIAN_POINT('',(-1.75,-3.8,-0.3));
#7184 = LINE('',#7185,#7186);
#7185 = CARTESIAN_POINT('',(-1.75,-2.866987298108,-0.55));
#7186 = VECTOR('',#7187,1.);
#7187 = DIRECTION('',(3.169619151432E-17,0.965925826289,-0.258819045103)
  );
#7188 = ORIENTED_EDGE('',*,*,#7189,.T.);
#7189 = EDGE_CURVE('',#7182,#7190,#7192,.T.);
#7190 = VERTEX_POINT('',#7191);
#7191 = CARTESIAN_POINT('',(-1.75,-3.8,1.E-01));
#7192 = CIRCLE('',#7193,0.2);
#7193 = AXIS2_PLACEMENT_3D('',#7194,#7195,#7196);
#7194 = CARTESIAN_POINT('',(-1.75,-3.8,-0.1));
#7195 = DIRECTION('',(0.,1.,0.));
#7196 = DIRECTION('',(0.,0.,-1.));
#7197 = ORIENTED_EDGE('',*,*,#7198,.T.);
#7198 = EDGE_CURVE('',#7190,#6751,#7199,.T.);
#7199 = LINE('',#7200,#7201);
#7200 = CARTESIAN_POINT('',(-1.75,-2.866987298108,0.35));
#7201 = VECTOR('',#7202,1.);
#7202 = DIRECTION('',(0.,0.965925826289,0.258819045103));
#7203 = ORIENTED_EDGE('',*,*,#6748,.F.);
#7204 = CONICAL_SURFACE('',#7205,0.45,0.261799387799);
#7205 = AXIS2_PLACEMENT_3D('',#7206,#7207,#7208);
#7206 = CARTESIAN_POINT('',(-1.75,-2.866987298108,-0.1));
#7207 = DIRECTION('',(0.,1.,0.));
#7208 = DIRECTION('',(0.,0.,1.));
#7209 = ADVANCED_FACE('',(#7210),#7222,.T.);
#7210 = FACE_BOUND('',#7211,.T.);
#7211 = EDGE_LOOP('',(#7212,#7219,#7220,#7221));
#7212 = ORIENTED_EDGE('',*,*,#7213,.T.);
#7213 = EDGE_CURVE('',#7190,#7182,#7214,.T.);
#7214 = CIRCLE('',#7215,0.2);
#7215 = AXIS2_PLACEMENT_3D('',#7216,#7217,#7218);
#7216 = CARTESIAN_POINT('',(-1.75,-3.8,-0.1));
#7217 = DIRECTION('',(0.,1.,0.));
#7218 = DIRECTION('',(0.,0.,-1.));
#7219 = ORIENTED_EDGE('',*,*,#7181,.T.);
#7220 = ORIENTED_EDGE('',*,*,#6759,.F.);
#7221 = ORIENTED_EDGE('',*,*,#7198,.F.);
#7222 = CONICAL_SURFACE('',#7223,0.45,0.261799387799);
#7223 = AXIS2_PLACEMENT_3D('',#7224,#7225,#7226);
#7224 = CARTESIAN_POINT('',(-1.75,-2.866987298108,-0.1));
#7225 = DIRECTION('',(0.,1.,0.));
#7226 = DIRECTION('',(0.,0.,1.));
#7227 = ADVANCED_FACE('',(#7228),#7239,.T.);
#7228 = FACE_BOUND('',#7229,.T.);
#7229 = EDGE_LOOP('',(#7230,#7231,#7237,#7238));
#7230 = ORIENTED_EDGE('',*,*,#7100,.T.);
#7231 = ORIENTED_EDGE('',*,*,#7232,.F.);
#7232 = EDGE_CURVE('',#6794,#7093,#7233,.T.);
#7233 = LINE('',#7234,#7235);
#7234 = CARTESIAN_POINT('',(-0.825,4.006619096582,1.960176327092));
#7235 = VECTOR('',#7236,1.);
#7236 = DIRECTION('',(0.,0.116748968583,0.993161456328));
#7237 = ORIENTED_EDGE('',*,*,#6793,.F.);
#7238 = ORIENTED_EDGE('',*,*,#7006,.T.);
#7239 = CYLINDRICAL_SURFACE('',#7240,0.1);
#7240 = AXIS2_PLACEMENT_3D('',#7241,#7242,#7243);
#7241 = CARTESIAN_POINT('',(-0.925,4.006619096582,1.960176327092));
#7242 = DIRECTION('',(0.,0.116748968583,0.993161456328));
#7243 = DIRECTION('',(0.,-0.993161456328,0.116748968583));
#7244 = ADVANCED_FACE('',(#7245),#7256,.T.);
#7245 = FACE_BOUND('',#7246,.T.);
#7246 = EDGE_LOOP('',(#7247,#7248,#7254,#7255));
#7247 = ORIENTED_EDGE('',*,*,#7092,.T.);
#7248 = ORIENTED_EDGE('',*,*,#7249,.F.);
#7249 = EDGE_CURVE('',#6803,#7084,#7250,.T.);
#7250 = LINE('',#7251,#7252);
#7251 = CARTESIAN_POINT('',(-0.825,3.16092762664,2.059589777167));
#7252 = VECTOR('',#7253,1.);
#7253 = DIRECTION('',(0.,0.116748968583,0.993161456328));
#7254 = ORIENTED_EDGE('',*,*,#6802,.F.);
#7255 = ORIENTED_EDGE('',*,*,#7232,.T.);
#7256 = PLANE('',#7257);
#7257 = AXIS2_PLACEMENT_3D('',#7258,#7259,#7260);
#7258 = CARTESIAN_POINT('',(-0.825,3.16092762664,2.059589777167));
#7259 = DIRECTION('',(1.,-1.011644729677E-15,1.189217302078E-16));
#7260 = DIRECTION('',(-1.011644729677E-15,-1.,1.22204417038E-31));
#7261 = ADVANCED_FACE('',(#7262),#7273,.T.);
#7262 = FACE_BOUND('',#7263,.T.);
#7263 = EDGE_LOOP('',(#7264,#7265,#7271,#7272));
#7264 = ORIENTED_EDGE('',*,*,#7083,.T.);
#7265 = ORIENTED_EDGE('',*,*,#7266,.F.);
#7266 = EDGE_CURVE('',#6811,#7076,#7267,.T.);
#7267 = LINE('',#7268,#7269);
#7268 = CARTESIAN_POINT('',(-0.925,3.061611481008,2.071264674026));
#7269 = VECTOR('',#7270,1.);
#7270 = DIRECTION('',(0.,0.116748968583,0.993161456328));
#7271 = ORIENTED_EDGE('',*,*,#6810,.F.);
#7272 = ORIENTED_EDGE('',*,*,#7249,.T.);
#7273 = CYLINDRICAL_SURFACE('',#7274,0.1);
#7274 = AXIS2_PLACEMENT_3D('',#7275,#7276,#7277);
#7275 = CARTESIAN_POINT('',(-0.925,3.16092762664,2.059589777167));
#7276 = DIRECTION('',(0.,0.116748968583,0.993161456328));
#7277 = DIRECTION('',(0.,-0.993161456328,0.116748968583));
#7278 = ADVANCED_FACE('',(#7279),#7290,.T.);
#7279 = FACE_BOUND('',#7280,.T.);
#7280 = EDGE_LOOP('',(#7281,#7282,#7283,#7284));
#7281 = ORIENTED_EDGE('',*,*,#6819,.F.);
#7282 = ORIENTED_EDGE('',*,*,#7266,.T.);
#7283 = ORIENTED_EDGE('',*,*,#7075,.T.);
#7284 = ORIENTED_EDGE('',*,*,#7285,.F.);
#7285 = EDGE_CURVE('',#6820,#7068,#7286,.T.);
#7286 = LINE('',#7287,#7288);
#7287 = CARTESIAN_POINT('',(-1.,3.061611481008,2.071264674026));
#7288 = VECTOR('',#7289,1.);
#7289 = DIRECTION('',(0.,0.116748968583,0.993161456328));
#7290 = PLANE('',#7291);
#7291 = AXIS2_PLACEMENT_3D('',#7292,#7293,#7294);
#7292 = CARTESIAN_POINT('',(-2.575,3.061611481008,2.071264674026));
#7293 = DIRECTION('',(0.,-0.993161456328,0.116748968583));
#7294 = DIRECTION('',(0.,-0.116748968583,-0.993161456328));
#7295 = ADVANCED_FACE('',(#7296),#7341,.F.);
#7296 = FACE_BOUND('',#7297,.F.);
#7297 = EDGE_LOOP('',(#7298,#7309,#7317,#7326,#7333,#7334));
#7298 = ORIENTED_EDGE('',*,*,#7299,.F.);
#7299 = EDGE_CURVE('',#7300,#7302,#7304,.T.);
#7300 = VERTEX_POINT('',#7301);
#7301 = CARTESIAN_POINT('',(-2.5,2.747625645363,1.883682353038));
#7302 = VERTEX_POINT('',#7303);
#7303 = CARTESIAN_POINT('',(-2.5,3.026586790433,2.073316237127));
#7304 = CIRCLE('',#7305,0.3);
#7305 = AXIS2_PLACEMENT_3D('',#7306,#7307,#7308);
#7306 = CARTESIAN_POINT('',(-2.5,3.026586790433,1.773316237127));
#7307 = DIRECTION('',(-1.,2.465190328816E-32,0.));
#7308 = DIRECTION('',(3.563686280123E-47,1.445602896647E-15,-1.));
#7309 = ORIENTED_EDGE('',*,*,#7310,.T.);
#7310 = EDGE_CURVE('',#7300,#7311,#7313,.T.);
#7311 = VERTEX_POINT('',#7312);
#7312 = CARTESIAN_POINT('',(-1.,2.747625645363,1.883682353038));
#7313 = LINE('',#7314,#7315);
#7314 = CARTESIAN_POINT('',(-2.5,2.747625645363,1.883682353038));
#7315 = VECTOR('',#7316,1.);
#7316 = DIRECTION('',(1.,-2.465190328816E-32,0.));
#7317 = ORIENTED_EDGE('',*,*,#7318,.T.);
#7318 = EDGE_CURVE('',#7311,#7319,#7321,.T.);
#7319 = VERTEX_POINT('',#7320);
#7320 = CARTESIAN_POINT('',(-1.,3.026586790433,2.073316237127));
#7321 = CIRCLE('',#7322,0.3);
#7322 = AXIS2_PLACEMENT_3D('',#7323,#7324,#7325);
#7323 = CARTESIAN_POINT('',(-1.,3.026586790433,1.773316237127));
#7324 = DIRECTION('',(-1.,2.465190328816E-32,0.));
#7325 = DIRECTION('',(3.563686280123E-47,1.445602896647E-15,-1.));
#7326 = ORIENTED_EDGE('',*,*,#7327,.T.);
#7327 = EDGE_CURVE('',#7319,#6820,#7328,.T.);
#7328 = CIRCLE('',#7329,0.3);
#7329 = AXIS2_PLACEMENT_3D('',#7330,#7331,#7332);
#7330 = CARTESIAN_POINT('',(-1.,3.026586790433,1.773316237127));
#7331 = DIRECTION('',(-1.,2.465190328816E-32,0.));
#7332 = DIRECTION('',(0.,0.,-1.));
#7333 = ORIENTED_EDGE('',*,*,#6827,.F.);
#7334 = ORIENTED_EDGE('',*,*,#7335,.F.);
#7335 = EDGE_CURVE('',#7302,#6828,#7336,.T.);
#7336 = CIRCLE('',#7337,0.3);
#7337 = AXIS2_PLACEMENT_3D('',#7338,#7339,#7340);
#7338 = CARTESIAN_POINT('',(-2.5,3.026586790433,1.773316237127));
#7339 = DIRECTION('',(-1.,2.465190328816E-32,0.));
#7340 = DIRECTION('',(0.,0.,-1.));
#7341 = CYLINDRICAL_SURFACE('',#7342,0.3);
#7342 = AXIS2_PLACEMENT_3D('',#7343,#7344,#7345);
#7343 = CARTESIAN_POINT('',(-2.5,3.026586790433,1.773316237127));
#7344 = DIRECTION('',(1.,-2.465190328816E-32,0.));
#7345 = DIRECTION('',(0.,0.,1.));
#7346 = ADVANCED_FACE('',(#7347),#7363,.T.);
#7347 = FACE_BOUND('',#7348,.T.);
#7348 = EDGE_LOOP('',(#7349,#7350,#7356,#7357));
#7349 = ORIENTED_EDGE('',*,*,#7059,.T.);
#7350 = ORIENTED_EDGE('',*,*,#7351,.F.);
#7351 = EDGE_CURVE('',#6836,#7051,#7352,.T.);
#7352 = LINE('',#7353,#7354);
#7353 = CARTESIAN_POINT('',(-2.575,3.061611481008,2.071264674026));
#7354 = VECTOR('',#7355,1.);
#7355 = DIRECTION('',(0.,0.116748968583,0.993161456328));
#7356 = ORIENTED_EDGE('',*,*,#6835,.F.);
#7357 = ORIENTED_EDGE('',*,*,#7358,.F.);
#7358 = EDGE_CURVE('',#7060,#6828,#7359,.T.);
#7359 = LINE('',#7360,#7361);
#7360 = CARTESIAN_POINT('',(-2.5,3.084961274724,2.269896965291));
#7361 = VECTOR('',#7362,1.);
#7362 = DIRECTION('',(0.,-0.116748968583,-0.993161456328));
#7363 = PLANE('',#7364);
#7364 = AXIS2_PLACEMENT_3D('',#7365,#7366,#7367);
#7365 = CARTESIAN_POINT('',(-2.575,3.061611481008,2.071264674026));
#7366 = DIRECTION('',(0.,-0.993161456328,0.116748968583));
#7367 = DIRECTION('',(0.,-0.116748968583,-0.993161456328));
#7368 = ADVANCED_FACE('',(#7369),#7380,.T.);
#7369 = FACE_BOUND('',#7370,.T.);
#7370 = EDGE_LOOP('',(#7371,#7372,#7378,#7379));
#7371 = ORIENTED_EDGE('',*,*,#7050,.T.);
#7372 = ORIENTED_EDGE('',*,*,#7373,.F.);
#7373 = EDGE_CURVE('',#6844,#7043,#7374,.T.);
#7374 = LINE('',#7375,#7376);
#7375 = CARTESIAN_POINT('',(-2.675,3.16092762664,2.059589777167));
#7376 = VECTOR('',#7377,1.);
#7377 = DIRECTION('',(0.,0.116748968583,0.993161456328));
#7378 = ORIENTED_EDGE('',*,*,#6843,.F.);
#7379 = ORIENTED_EDGE('',*,*,#7351,.T.);
#7380 = CYLINDRICAL_SURFACE('',#7381,0.1);
#7381 = AXIS2_PLACEMENT_3D('',#7382,#7383,#7384);
#7382 = CARTESIAN_POINT('',(-2.575,3.16092762664,2.059589777167));
#7383 = DIRECTION('',(0.,0.116748968583,0.993161456328));
#7384 = DIRECTION('',(0.,-0.993161456328,0.116748968583));
#7385 = ADVANCED_FACE('',(#7386),#7397,.T.);
#7386 = FACE_BOUND('',#7387,.T.);
#7387 = EDGE_LOOP('',(#7388,#7389,#7395,#7396));
#7388 = ORIENTED_EDGE('',*,*,#7042,.T.);
#7389 = ORIENTED_EDGE('',*,*,#7390,.F.);
#7390 = EDGE_CURVE('',#6853,#7034,#7391,.T.);
#7391 = LINE('',#7392,#7393);
#7392 = CARTESIAN_POINT('',(-2.675,4.006619096582,1.960176327092));
#7393 = VECTOR('',#7394,1.);
#7394 = DIRECTION('',(0.,0.116748968583,0.993161456328));
#7395 = ORIENTED_EDGE('',*,*,#6852,.F.);
#7396 = ORIENTED_EDGE('',*,*,#7373,.T.);
#7397 = PLANE('',#7398);
#7398 = AXIS2_PLACEMENT_3D('',#7399,#7400,#7401);
#7399 = CARTESIAN_POINT('',(-2.675,3.16092762664,2.059589777167));
#7400 = DIRECTION('',(-1.,1.011644729677E-15,-1.189217302078E-16));
#7401 = DIRECTION('',(1.011644729677E-15,1.,-1.22204417038E-31));
#7402 = ADVANCED_FACE('',(#7403),#7409,.T.);
#7403 = FACE_BOUND('',#7404,.T.);
#7404 = EDGE_LOOP('',(#7405,#7406,#7407,#7408));
#7405 = ORIENTED_EDGE('',*,*,#7033,.T.);
#7406 = ORIENTED_EDGE('',*,*,#7165,.F.);
#7407 = ORIENTED_EDGE('',*,*,#6860,.F.);
#7408 = ORIENTED_EDGE('',*,*,#7390,.T.);
#7409 = CYLINDRICAL_SURFACE('',#7410,1.E-01);
#7410 = AXIS2_PLACEMENT_3D('',#7411,#7412,#7413);
#7411 = CARTESIAN_POINT('',(-2.575,4.006619096582,1.960176327092));
#7412 = DIRECTION('',(0.,0.116748968583,0.993161456328));
#7413 = DIRECTION('',(0.,-0.993161456328,0.116748968583));
#7414 = ADVANCED_FACE('',(#7415),#7460,.T.);
#7415 = FACE_BOUND('',#7416,.T.);
#7416 = EDGE_LOOP('',(#7417,#7428,#7435,#7436,#7445,#7454));
#7417 = ORIENTED_EDGE('',*,*,#7418,.T.);
#7418 = EDGE_CURVE('',#7419,#7421,#7423,.T.);
#7419 = VERTEX_POINT('',#7420);
#7420 = CARTESIAN_POINT('',(-1.,2.56165154865,1.957259763646));
#7421 = VERTEX_POINT('',#7422);
#7422 = CARTESIAN_POINT('',(-1.,3.026586790433,2.273316237127));
#7423 = CIRCLE('',#7424,0.5);
#7424 = AXIS2_PLACEMENT_3D('',#7425,#7426,#7427);
#7425 = CARTESIAN_POINT('',(-1.,3.026586790433,1.773316237127));
#7426 = DIRECTION('',(-1.,2.465190328816E-32,0.));
#7427 = DIRECTION('',(-2.138211768074E-47,-8.673617379884E-16,-1.));
#7428 = ORIENTED_EDGE('',*,*,#7429,.T.);
#7429 = EDGE_CURVE('',#7421,#7068,#7430,.T.);
#7430 = CIRCLE('',#7431,0.5);
#7431 = AXIS2_PLACEMENT_3D('',#7432,#7433,#7434);
#7432 = CARTESIAN_POINT('',(-1.,3.026586790433,1.773316237127));
#7433 = DIRECTION('',(-1.,2.465190328816E-32,0.));
#7434 = DIRECTION('',(0.,0.,-1.));
#7435 = ORIENTED_EDGE('',*,*,#7067,.F.);
#7436 = ORIENTED_EDGE('',*,*,#7437,.F.);
#7437 = EDGE_CURVE('',#7438,#7060,#7440,.T.);
#7438 = VERTEX_POINT('',#7439);
#7439 = CARTESIAN_POINT('',(-2.5,3.026586790433,2.273316237127));
#7440 = CIRCLE('',#7441,0.5);
#7441 = AXIS2_PLACEMENT_3D('',#7442,#7443,#7444);
#7442 = CARTESIAN_POINT('',(-2.5,3.026586790433,1.773316237127));
#7443 = DIRECTION('',(-1.,2.465190328816E-32,0.));
#7444 = DIRECTION('',(0.,0.,-1.));
#7445 = ORIENTED_EDGE('',*,*,#7446,.F.);
#7446 = EDGE_CURVE('',#7447,#7438,#7449,.T.);
#7447 = VERTEX_POINT('',#7448);
#7448 = CARTESIAN_POINT('',(-2.5,2.56165154865,1.957259763646));
#7449 = CIRCLE('',#7450,0.5);
#7450 = AXIS2_PLACEMENT_3D('',#7451,#7452,#7453);
#7451 = CARTESIAN_POINT('',(-2.5,3.026586790433,1.773316237127));
#7452 = DIRECTION('',(-1.,2.465190328816E-32,0.));
#7453 = DIRECTION('',(4.276423536148E-47,1.734723475977E-15,-1.));
#7454 = ORIENTED_EDGE('',*,*,#7455,.T.);
#7455 = EDGE_CURVE('',#7447,#7419,#7456,.T.);
#7456 = LINE('',#7457,#7458);
#7457 = CARTESIAN_POINT('',(-2.5,2.56165154865,1.957259763646));
#7458 = VECTOR('',#7459,1.);
#7459 = DIRECTION('',(1.,-2.465190328816E-32,0.));
#7460 = CYLINDRICAL_SURFACE('',#7461,0.5);
#7461 = AXIS2_PLACEMENT_3D('',#7462,#7463,#7464);
#7462 = CARTESIAN_POINT('',(-2.5,3.026586790433,1.773316237127));
#7463 = DIRECTION('',(1.,-2.465190328816E-32,0.));
#7464 = DIRECTION('',(0.,0.,1.));
#7465 = ADVANCED_FACE('',(#7466),#7470,.F.);
#7466 = FACE_BOUND('',#7467,.T.);
#7467 = EDGE_LOOP('',(#7468,#7469));
#7468 = ORIENTED_EDGE('',*,*,#7213,.F.);
#7469 = ORIENTED_EDGE('',*,*,#7189,.F.);
#7470 = PLANE('',#7471);
#7471 = AXIS2_PLACEMENT_3D('',#7472,#7473,#7474);
#7472 = CARTESIAN_POINT('',(-1.75,-3.8,-0.1));
#7473 = DIRECTION('',(0.,1.,0.));
#7474 = DIRECTION('',(0.,0.,1.));
#7475 = ADVANCED_FACE('',(#7476),#7573,.T.);
#7476 = FACE_BOUND('',#7477,.T.);
#7477 = EDGE_LOOP('',(#7478,#7489,#7497,#7505,#7513,#7522,#7530,#7539,
    #7545,#7546,#7547,#7548,#7549,#7550,#7558,#7567));
#7478 = ORIENTED_EDGE('',*,*,#7479,.F.);
#7479 = EDGE_CURVE('',#7480,#7482,#7484,.T.);
#7480 = VERTEX_POINT('',#7481);
#7481 = CARTESIAN_POINT('',(-1.,2.070786649837,-0.724885790226));
#7482 = VERTEX_POINT('',#7483);
#7483 = CARTESIAN_POINT('',(-1.,2.069533474425,-0.689507760837));
#7484 = CIRCLE('',#7485,0.5);
#7485 = AXIS2_PLACEMENT_3D('',#7486,#7487,#7488);
#7486 = CARTESIAN_POINT('',(-1.,2.569533474425,-0.689507760837));
#7487 = DIRECTION('',(-1.,2.465190328816E-32,0.));
#7488 = DIRECTION('',(0.,0.,-1.));
#7489 = ORIENTED_EDGE('',*,*,#7490,.F.);
#7490 = EDGE_CURVE('',#7491,#7480,#7493,.T.);
#7491 = VERTEX_POINT('',#7492);
#7492 = CARTESIAN_POINT('',(-1.,2.149278849796,-1.831440795147));
#7493 = LINE('',#7494,#7495);
#7494 = CARTESIAN_POINT('',(-1.,2.149278849796,-1.831440795147));
#7495 = VECTOR('',#7496,1.);
#7496 = DIRECTION('',(2.465190328816E-32,-7.075605877766E-02,
    0.997493649176));
#7497 = ORIENTED_EDGE('',*,*,#7498,.F.);
#7498 = EDGE_CURVE('',#7499,#7491,#7501,.T.);
#7499 = VERTEX_POINT('',#7500);
#7500 = CARTESIAN_POINT('',(-1.,2.348777579631,-1.817289583392));
#7501 = LINE('',#7502,#7503);
#7502 = CARTESIAN_POINT('',(-1.,2.348777579631,-1.817289583392));
#7503 = VECTOR('',#7504,1.);
#7504 = DIRECTION('',(0.,-0.997493649176,-7.075605877766E-02));
#7505 = ORIENTED_EDGE('',*,*,#7506,.T.);
#7506 = EDGE_CURVE('',#7499,#7507,#7509,.T.);
#7507 = VERTEX_POINT('',#7508);
#7508 = CARTESIAN_POINT('',(-1.,2.270285379672,-0.71073457847));
#7509 = LINE('',#7510,#7511);
#7510 = CARTESIAN_POINT('',(-1.,2.348777579631,-1.817289583392));
#7511 = VECTOR('',#7512,1.);
#7512 = DIRECTION('',(2.465190328816E-32,-7.075605877766E-02,
    0.997493649176));
#7513 = ORIENTED_EDGE('',*,*,#7514,.T.);
#7514 = EDGE_CURVE('',#7507,#7515,#7517,.T.);
#7515 = VERTEX_POINT('',#7516);
#7516 = CARTESIAN_POINT('',(-1.,2.269533474425,-0.689507760837));
#7517 = CIRCLE('',#7518,0.3);
#7518 = AXIS2_PLACEMENT_3D('',#7519,#7520,#7521);
#7519 = CARTESIAN_POINT('',(-1.,2.569533474425,-0.689507760837));
#7520 = DIRECTION('',(-1.,2.465190328816E-32,0.));
#7521 = DIRECTION('',(1.425474512049E-46,5.782411586589E-15,-1.));
#7522 = ORIENTED_EDGE('',*,*,#7523,.T.);
#7523 = EDGE_CURVE('',#7515,#7524,#7526,.T.);
#7524 = VERTEX_POINT('',#7525);
#7525 = CARTESIAN_POINT('',(-1.,2.269533474425,0.618069308855));
#7526 = LINE('',#7527,#7528);
#7527 = CARTESIAN_POINT('',(-1.,2.269533474425,-0.700134486805));
#7528 = VECTOR('',#7529,1.);
#7529 = DIRECTION('',(0.,2.052704284081E-32,1.));
#7530 = ORIENTED_EDGE('',*,*,#7531,.T.);
#7531 = EDGE_CURVE('',#7524,#7532,#7534,.T.);
#7532 = VERTEX_POINT('',#7533);
#7533 = CARTESIAN_POINT('',(-1.,2.290572329355,0.728435424766));
#7534 = CIRCLE('',#7535,0.3);
#7535 = AXIS2_PLACEMENT_3D('',#7536,#7537,#7538);
#7536 = CARTESIAN_POINT('',(-1.,2.569533474425,0.618069308855));
#7537 = DIRECTION('',(-1.,2.465190328816E-32,0.));
#7538 = DIRECTION('',(7.127372560246E-47,2.891205793295E-15,-1.));
#7539 = ORIENTED_EDGE('',*,*,#7540,.T.);
#7540 = EDGE_CURVE('',#7532,#7311,#7541,.T.);
#7541 = LINE('',#7542,#7543);
#7542 = CARTESIAN_POINT('',(-1.,2.269533474425,0.675257662608));
#7543 = VECTOR('',#7544,1.);
#7544 = DIRECTION('',(0.,0.367887053037,0.929870483566));
#7545 = ORIENTED_EDGE('',*,*,#7318,.T.);
#7546 = ORIENTED_EDGE('',*,*,#7327,.T.);
#7547 = ORIENTED_EDGE('',*,*,#7285,.T.);
#7548 = ORIENTED_EDGE('',*,*,#7429,.F.);
#7549 = ORIENTED_EDGE('',*,*,#7418,.F.);
#7550 = ORIENTED_EDGE('',*,*,#7551,.F.);
#7551 = EDGE_CURVE('',#7552,#7419,#7554,.T.);
#7552 = VERTEX_POINT('',#7553);
#7553 = CARTESIAN_POINT('',(-1.,2.104598232642,0.802012835373));
#7554 = LINE('',#7555,#7556);
#7555 = CARTESIAN_POINT('',(-1.,2.083559377712,0.748835073215));
#7556 = VECTOR('',#7557,1.);
#7557 = DIRECTION('',(0.,0.367887053037,0.929870483566));
#7558 = ORIENTED_EDGE('',*,*,#7559,.F.);
#7559 = EDGE_CURVE('',#7560,#7552,#7562,.T.);
#7560 = VERTEX_POINT('',#7561);
#7561 = CARTESIAN_POINT('',(-1.,2.069533474425,0.618069308855));
#7562 = CIRCLE('',#7563,0.5);
#7563 = AXIS2_PLACEMENT_3D('',#7564,#7565,#7566);
#7564 = CARTESIAN_POINT('',(-1.,2.569533474425,0.618069308855));
#7565 = DIRECTION('',(-1.,2.465190328816E-32,0.));
#7566 = DIRECTION('',(-2.138211768074E-47,-8.673617379884E-16,-1.));
#7567 = ORIENTED_EDGE('',*,*,#7568,.F.);
#7568 = EDGE_CURVE('',#7482,#7560,#7569,.T.);
#7569 = LINE('',#7570,#7571);
#7570 = CARTESIAN_POINT('',(-1.,2.069533474425,-0.700134486805));
#7571 = VECTOR('',#7572,1.);
#7572 = DIRECTION('',(0.,2.052704284081E-32,1.));
#7573 = PLANE('',#7574);
#7574 = AXIS2_PLACEMENT_3D('',#7575,#7576,#7577);
#7575 = CARTESIAN_POINT('',(-1.,2.345310493091,0.313717291353));
#7576 = DIRECTION('',(1.,0.,0.));
#7577 = DIRECTION('',(0.,0.,1.));
#7578 = ADVANCED_FACE('',(#7579),#7676,.T.);
#7579 = FACE_BOUND('',#7580,.T.);
#7580 = EDGE_LOOP('',(#7581,#7592,#7600,#7609,#7615,#7616,#7617,#7618,
    #7619,#7620,#7628,#7637,#7645,#7654,#7662,#7670));
#7581 = ORIENTED_EDGE('',*,*,#7582,.T.);
#7582 = EDGE_CURVE('',#7583,#7585,#7587,.T.);
#7583 = VERTEX_POINT('',#7584);
#7584 = CARTESIAN_POINT('',(-2.5,2.070786649837,-0.724885790226));
#7585 = VERTEX_POINT('',#7586);
#7586 = CARTESIAN_POINT('',(-2.5,2.069533474425,-0.689507760837));
#7587 = CIRCLE('',#7588,0.5);
#7588 = AXIS2_PLACEMENT_3D('',#7589,#7590,#7591);
#7589 = CARTESIAN_POINT('',(-2.5,2.569533474425,-0.689507760837));
#7590 = DIRECTION('',(-1.,2.465190328816E-32,0.));
#7591 = DIRECTION('',(0.,0.,-1.));
#7592 = ORIENTED_EDGE('',*,*,#7593,.T.);
#7593 = EDGE_CURVE('',#7585,#7594,#7596,.T.);
#7594 = VERTEX_POINT('',#7595);
#7595 = CARTESIAN_POINT('',(-2.5,2.069533474425,0.618069308855));
#7596 = LINE('',#7597,#7598);
#7597 = CARTESIAN_POINT('',(-2.5,2.069533474425,-0.700134486805));
#7598 = VECTOR('',#7599,1.);
#7599 = DIRECTION('',(0.,2.052704284081E-32,1.));
#7600 = ORIENTED_EDGE('',*,*,#7601,.T.);
#7601 = EDGE_CURVE('',#7594,#7602,#7604,.T.);
#7602 = VERTEX_POINT('',#7603);
#7603 = CARTESIAN_POINT('',(-2.5,2.104598232642,0.802012835373));
#7604 = CIRCLE('',#7605,0.5);
#7605 = AXIS2_PLACEMENT_3D('',#7606,#7607,#7608);
#7606 = CARTESIAN_POINT('',(-2.5,2.569533474425,0.618069308855));
#7607 = DIRECTION('',(-1.,2.465190328816E-32,0.));
#7608 = DIRECTION('',(-2.138211768074E-47,-8.673617379884E-16,-1.));
#7609 = ORIENTED_EDGE('',*,*,#7610,.T.);
#7610 = EDGE_CURVE('',#7602,#7447,#7611,.T.);
#7611 = LINE('',#7612,#7613);
#7612 = CARTESIAN_POINT('',(-2.5,2.083559377712,0.748835073215));
#7613 = VECTOR('',#7614,1.);
#7614 = DIRECTION('',(0.,0.367887053037,0.929870483566));
#7615 = ORIENTED_EDGE('',*,*,#7446,.T.);
#7616 = ORIENTED_EDGE('',*,*,#7437,.T.);
#7617 = ORIENTED_EDGE('',*,*,#7358,.T.);
#7618 = ORIENTED_EDGE('',*,*,#7335,.F.);
#7619 = ORIENTED_EDGE('',*,*,#7299,.F.);
#7620 = ORIENTED_EDGE('',*,*,#7621,.F.);
#7621 = EDGE_CURVE('',#7622,#7300,#7624,.T.);
#7622 = VERTEX_POINT('',#7623);
#7623 = CARTESIAN_POINT('',(-2.5,2.290572329355,0.728435424766));
#7624 = LINE('',#7625,#7626);
#7625 = CARTESIAN_POINT('',(-2.5,2.269533474425,0.675257662608));
#7626 = VECTOR('',#7627,1.);
#7627 = DIRECTION('',(0.,0.367887053037,0.929870483566));
#7628 = ORIENTED_EDGE('',*,*,#7629,.F.);
#7629 = EDGE_CURVE('',#7630,#7622,#7632,.T.);
#7630 = VERTEX_POINT('',#7631);
#7631 = CARTESIAN_POINT('',(-2.5,2.269533474425,0.618069308855));
#7632 = CIRCLE('',#7633,0.3);
#7633 = AXIS2_PLACEMENT_3D('',#7634,#7635,#7636);
#7634 = CARTESIAN_POINT('',(-2.5,2.569533474425,0.618069308855));
#7635 = DIRECTION('',(-1.,2.465190328816E-32,0.));
#7636 = DIRECTION('',(7.127372560246E-47,2.891205793295E-15,-1.));
#7637 = ORIENTED_EDGE('',*,*,#7638,.F.);
#7638 = EDGE_CURVE('',#7639,#7630,#7641,.T.);
#7639 = VERTEX_POINT('',#7640);
#7640 = CARTESIAN_POINT('',(-2.5,2.269533474425,-0.689507760837));
#7641 = LINE('',#7642,#7643);
#7642 = CARTESIAN_POINT('',(-2.5,2.269533474425,-0.700134486805));
#7643 = VECTOR('',#7644,1.);
#7644 = DIRECTION('',(0.,2.052704284081E-32,1.));
#7645 = ORIENTED_EDGE('',*,*,#7646,.F.);
#7646 = EDGE_CURVE('',#7647,#7639,#7649,.T.);
#7647 = VERTEX_POINT('',#7648);
#7648 = CARTESIAN_POINT('',(-2.5,2.270285379672,-0.71073457847));
#7649 = CIRCLE('',#7650,0.3);
#7650 = AXIS2_PLACEMENT_3D('',#7651,#7652,#7653);
#7651 = CARTESIAN_POINT('',(-2.5,2.569533474425,-0.689507760837));
#7652 = DIRECTION('',(-1.,2.465190328816E-32,0.));
#7653 = DIRECTION('',(1.425474512049E-46,5.782411586589E-15,-1.));
#7654 = ORIENTED_EDGE('',*,*,#7655,.F.);
#7655 = EDGE_CURVE('',#7656,#7647,#7658,.T.);
#7656 = VERTEX_POINT('',#7657);
#7657 = CARTESIAN_POINT('',(-2.5,2.348777579631,-1.817289583392));
#7658 = LINE('',#7659,#7660);
#7659 = CARTESIAN_POINT('',(-2.5,2.348777579631,-1.817289583392));
#7660 = VECTOR('',#7661,1.);
#7661 = DIRECTION('',(2.465190328816E-32,-7.075605877766E-02,
    0.997493649176));
#7662 = ORIENTED_EDGE('',*,*,#7663,.T.);
#7663 = EDGE_CURVE('',#7656,#7664,#7666,.T.);
#7664 = VERTEX_POINT('',#7665);
#7665 = CARTESIAN_POINT('',(-2.5,2.149278849796,-1.831440795147));
#7666 = LINE('',#7667,#7668);
#7667 = CARTESIAN_POINT('',(-2.5,2.348777579631,-1.817289583392));
#7668 = VECTOR('',#7669,1.);
#7669 = DIRECTION('',(0.,-0.997493649176,-7.075605877766E-02));
#7670 = ORIENTED_EDGE('',*,*,#7671,.T.);
#7671 = EDGE_CURVE('',#7664,#7583,#7672,.T.);
#7672 = LINE('',#7673,#7674);
#7673 = CARTESIAN_POINT('',(-2.5,2.149278849796,-1.831440795147));
#7674 = VECTOR('',#7675,1.);
#7675 = DIRECTION('',(2.465190328816E-32,-7.075605877766E-02,
    0.997493649176));
#7676 = PLANE('',#7677);
#7677 = AXIS2_PLACEMENT_3D('',#7678,#7679,#7680);
#7678 = CARTESIAN_POINT('',(-2.5,2.345310493091,0.313717291353));
#7679 = DIRECTION('',(-1.,-0.,-0.));
#7680 = DIRECTION('',(0.,0.,-1.));
#7681 = ADVANCED_FACE('',(#7682),#7693,.F.);
#7682 = FACE_BOUND('',#7683,.T.);
#7683 = EDGE_LOOP('',(#7684,#7685,#7691,#7692));
#7684 = ORIENTED_EDGE('',*,*,#7540,.F.);
#7685 = ORIENTED_EDGE('',*,*,#7686,.F.);
#7686 = EDGE_CURVE('',#7622,#7532,#7687,.T.);
#7687 = LINE('',#7688,#7689);
#7688 = CARTESIAN_POINT('',(-2.5,2.290572329355,0.728435424766));
#7689 = VECTOR('',#7690,1.);
#7690 = DIRECTION('',(1.,-2.465190328816E-32,0.));
#7691 = ORIENTED_EDGE('',*,*,#7621,.T.);
#7692 = ORIENTED_EDGE('',*,*,#7310,.T.);
#7693 = PLANE('',#7694);
#7694 = AXIS2_PLACEMENT_3D('',#7695,#7696,#7697);
#7695 = CARTESIAN_POINT('',(-2.5,2.269533474425,0.675257662608));
#7696 = DIRECTION('',(0.,-0.929870483566,0.367887053037));
#7697 = DIRECTION('',(0.,-0.367887053037,-0.929870483566));
#7698 = ADVANCED_FACE('',(#7699),#7710,.T.);
#7699 = FACE_BOUND('',#7700,.T.);
#7700 = EDGE_LOOP('',(#7701,#7702,#7703,#7704));
#7701 = ORIENTED_EDGE('',*,*,#7551,.T.);
#7702 = ORIENTED_EDGE('',*,*,#7455,.F.);
#7703 = ORIENTED_EDGE('',*,*,#7610,.F.);
#7704 = ORIENTED_EDGE('',*,*,#7705,.T.);
#7705 = EDGE_CURVE('',#7602,#7552,#7706,.T.);
#7706 = LINE('',#7707,#7708);
#7707 = CARTESIAN_POINT('',(-2.5,2.104598232642,0.802012835373));
#7708 = VECTOR('',#7709,1.);
#7709 = DIRECTION('',(1.,-2.465190328816E-32,0.));
#7710 = PLANE('',#7711);
#7711 = AXIS2_PLACEMENT_3D('',#7712,#7713,#7714);
#7712 = CARTESIAN_POINT('',(-2.5,2.083559377712,0.748835073215));
#7713 = DIRECTION('',(0.,-0.929870483566,0.367887053037));
#7714 = DIRECTION('',(0.,-0.367887053037,-0.929870483566));
#7715 = ADVANCED_FACE('',(#7716),#7732,.T.);
#7716 = FACE_BOUND('',#7717,.T.);
#7717 = EDGE_LOOP('',(#7718,#7719,#7725,#7726));
#7718 = ORIENTED_EDGE('',*,*,#7479,.T.);
#7719 = ORIENTED_EDGE('',*,*,#7720,.F.);
#7720 = EDGE_CURVE('',#7585,#7482,#7721,.T.);
#7721 = LINE('',#7722,#7723);
#7722 = CARTESIAN_POINT('',(-2.5,2.069533474425,-0.689507760837));
#7723 = VECTOR('',#7724,1.);
#7724 = DIRECTION('',(1.,-2.465190328816E-32,0.));
#7725 = ORIENTED_EDGE('',*,*,#7582,.F.);
#7726 = ORIENTED_EDGE('',*,*,#7727,.T.);
#7727 = EDGE_CURVE('',#7583,#7480,#7728,.T.);
#7728 = LINE('',#7729,#7730);
#7729 = CARTESIAN_POINT('',(-2.5,2.070786649837,-0.724885790226));
#7730 = VECTOR('',#7731,1.);
#7731 = DIRECTION('',(1.,-2.465190328816E-32,0.));
#7732 = CYLINDRICAL_SURFACE('',#7733,0.5);
#7733 = AXIS2_PLACEMENT_3D('',#7734,#7735,#7736);
#7734 = CARTESIAN_POINT('',(-2.5,2.569533474425,-0.689507760837));
#7735 = DIRECTION('',(1.,-2.465190328816E-32,0.));
#7736 = DIRECTION('',(0.,0.,1.));
#7737 = ADVANCED_FACE('',(#7738),#7749,.T.);
#7738 = FACE_BOUND('',#7739,.T.);
#7739 = EDGE_LOOP('',(#7740,#7741,#7742,#7743));
#7740 = ORIENTED_EDGE('',*,*,#7490,.T.);
#7741 = ORIENTED_EDGE('',*,*,#7727,.F.);
#7742 = ORIENTED_EDGE('',*,*,#7671,.F.);
#7743 = ORIENTED_EDGE('',*,*,#7744,.T.);
#7744 = EDGE_CURVE('',#7664,#7491,#7745,.T.);
#7745 = LINE('',#7746,#7747);
#7746 = CARTESIAN_POINT('',(-2.5,2.149278849796,-1.831440795147));
#7747 = VECTOR('',#7748,1.);
#7748 = DIRECTION('',(1.,-2.465190328816E-32,0.));
#7749 = PLANE('',#7750);
#7750 = AXIS2_PLACEMENT_3D('',#7751,#7752,#7753);
#7751 = CARTESIAN_POINT('',(-2.5,2.149278849796,-1.831440795147));
#7752 = DIRECTION('',(3.421138828918E-49,-0.997493649176,
    -7.075605877766E-02));
#7753 = DIRECTION('',(-2.465190328816E-32,7.075605877766E-02,
    -0.997493649176));
#7754 = ADVANCED_FACE('',(#7755),#7766,.T.);
#7755 = FACE_BOUND('',#7756,.T.);
#7756 = EDGE_LOOP('',(#7757,#7758,#7759,#7760));
#7757 = ORIENTED_EDGE('',*,*,#7498,.T.);
#7758 = ORIENTED_EDGE('',*,*,#7744,.F.);
#7759 = ORIENTED_EDGE('',*,*,#7663,.F.);
#7760 = ORIENTED_EDGE('',*,*,#7761,.T.);
#7761 = EDGE_CURVE('',#7656,#7499,#7762,.T.);
#7762 = LINE('',#7763,#7764);
#7763 = CARTESIAN_POINT('',(-2.5,2.348777579631,-1.817289583392));
#7764 = VECTOR('',#7765,1.);
#7765 = DIRECTION('',(1.,-2.465190328816E-32,0.));
#7766 = PLANE('',#7767);
#7767 = AXIS2_PLACEMENT_3D('',#7768,#7769,#7770);
#7768 = CARTESIAN_POINT('',(-2.5,2.348777579631,-1.817289583392));
#7769 = DIRECTION('',(0.,7.075605877766E-02,-0.997493649176));
#7770 = DIRECTION('',(0.,0.997493649176,7.075605877766E-02));
#7771 = ADVANCED_FACE('',(#7772),#7783,.F.);
#7772 = FACE_BOUND('',#7773,.T.);
#7773 = EDGE_LOOP('',(#7774,#7775,#7776,#7777));
#7774 = ORIENTED_EDGE('',*,*,#7506,.F.);
#7775 = ORIENTED_EDGE('',*,*,#7761,.F.);
#7776 = ORIENTED_EDGE('',*,*,#7655,.T.);
#7777 = ORIENTED_EDGE('',*,*,#7778,.T.);
#7778 = EDGE_CURVE('',#7647,#7507,#7779,.T.);
#7779 = LINE('',#7780,#7781);
#7780 = CARTESIAN_POINT('',(-2.5,2.270285379672,-0.71073457847));
#7781 = VECTOR('',#7782,1.);
#7782 = DIRECTION('',(1.,-2.465190328816E-32,0.));
#7783 = PLANE('',#7784);
#7784 = AXIS2_PLACEMENT_3D('',#7785,#7786,#7787);
#7785 = CARTESIAN_POINT('',(-2.5,2.348777579631,-1.817289583392));
#7786 = DIRECTION('',(2.465190328816E-32,-0.997493649176,
    -7.075605877766E-02));
#7787 = DIRECTION('',(-6.842277657836E-49,7.075605877766E-02,
    -0.997493649176));
#7788 = ADVANCED_FACE('',(#7789),#7800,.F.);
#7789 = FACE_BOUND('',#7790,.F.);
#7790 = EDGE_LOOP('',(#7791,#7797,#7798,#7799));
#7791 = ORIENTED_EDGE('',*,*,#7792,.F.);
#7792 = EDGE_CURVE('',#7639,#7515,#7793,.T.);
#7793 = LINE('',#7794,#7795);
#7794 = CARTESIAN_POINT('',(-2.5,2.269533474425,-0.689507760837));
#7795 = VECTOR('',#7796,1.);
#7796 = DIRECTION('',(1.,-2.465190328816E-32,0.));
#7797 = ORIENTED_EDGE('',*,*,#7646,.F.);
#7798 = ORIENTED_EDGE('',*,*,#7778,.T.);
#7799 = ORIENTED_EDGE('',*,*,#7514,.T.);
#7800 = CYLINDRICAL_SURFACE('',#7801,0.3);
#7801 = AXIS2_PLACEMENT_3D('',#7802,#7803,#7804);
#7802 = CARTESIAN_POINT('',(-2.5,2.569533474425,-0.689507760837));
#7803 = DIRECTION('',(1.,-2.465190328816E-32,0.));
#7804 = DIRECTION('',(0.,0.,1.));
#7805 = ADVANCED_FACE('',(#7806),#7817,.F.);
#7806 = FACE_BOUND('',#7807,.T.);
#7807 = EDGE_LOOP('',(#7808,#7809,#7810,#7811));
#7808 = ORIENTED_EDGE('',*,*,#7523,.F.);
#7809 = ORIENTED_EDGE('',*,*,#7792,.F.);
#7810 = ORIENTED_EDGE('',*,*,#7638,.T.);
#7811 = ORIENTED_EDGE('',*,*,#7812,.T.);
#7812 = EDGE_CURVE('',#7630,#7524,#7813,.T.);
#7813 = LINE('',#7814,#7815);
#7814 = CARTESIAN_POINT('',(-2.5,2.269533474425,0.618069308855));
#7815 = VECTOR('',#7816,1.);
#7816 = DIRECTION('',(1.,-2.465190328816E-32,0.));
#7817 = PLANE('',#7818);
#7818 = AXIS2_PLACEMENT_3D('',#7819,#7820,#7821);
#7819 = CARTESIAN_POINT('',(-2.5,2.269533474425,-0.700134486805));
#7820 = DIRECTION('',(2.465190328816E-32,-1.,2.052704284081E-32));
#7821 = DIRECTION('',(0.,-2.052704284081E-32,-1.));
#7822 = ADVANCED_FACE('',(#7823),#7829,.F.);
#7823 = FACE_BOUND('',#7824,.F.);
#7824 = EDGE_LOOP('',(#7825,#7826,#7827,#7828));
#7825 = ORIENTED_EDGE('',*,*,#7686,.F.);
#7826 = ORIENTED_EDGE('',*,*,#7629,.F.);
#7827 = ORIENTED_EDGE('',*,*,#7812,.T.);
#7828 = ORIENTED_EDGE('',*,*,#7531,.T.);
#7829 = CYLINDRICAL_SURFACE('',#7830,0.3);
#7830 = AXIS2_PLACEMENT_3D('',#7831,#7832,#7833);
#7831 = CARTESIAN_POINT('',(-2.5,2.569533474425,0.618069308855));
#7832 = DIRECTION('',(1.,-2.465190328816E-32,0.));
#7833 = DIRECTION('',(0.,0.,1.));
#7834 = ADVANCED_FACE('',(#7835),#7846,.T.);
#7835 = FACE_BOUND('',#7836,.T.);
#7836 = EDGE_LOOP('',(#7837,#7838,#7839,#7840));
#7837 = ORIENTED_EDGE('',*,*,#7559,.T.);
#7838 = ORIENTED_EDGE('',*,*,#7705,.F.);
#7839 = ORIENTED_EDGE('',*,*,#7601,.F.);
#7840 = ORIENTED_EDGE('',*,*,#7841,.T.);
#7841 = EDGE_CURVE('',#7594,#7560,#7842,.T.);
#7842 = LINE('',#7843,#7844);
#7843 = CARTESIAN_POINT('',(-2.5,2.069533474425,0.618069308855));
#7844 = VECTOR('',#7845,1.);
#7845 = DIRECTION('',(1.,-2.465190328816E-32,0.));
#7846 = CYLINDRICAL_SURFACE('',#7847,0.5);
#7847 = AXIS2_PLACEMENT_3D('',#7848,#7849,#7850);
#7848 = CARTESIAN_POINT('',(-2.5,2.569533474425,0.618069308855));
#7849 = DIRECTION('',(1.,-2.465190328816E-32,0.));
#7850 = DIRECTION('',(0.,0.,1.));
#7851 = ADVANCED_FACE('',(#7852),#7858,.T.);
#7852 = FACE_BOUND('',#7853,.T.);
#7853 = EDGE_LOOP('',(#7854,#7855,#7856,#7857));
#7854 = ORIENTED_EDGE('',*,*,#7568,.T.);
#7855 = ORIENTED_EDGE('',*,*,#7841,.F.);
#7856 = ORIENTED_EDGE('',*,*,#7593,.F.);
#7857 = ORIENTED_EDGE('',*,*,#7720,.T.);
#7858 = PLANE('',#7859);
#7859 = AXIS2_PLACEMENT_3D('',#7860,#7861,#7862);
#7860 = CARTESIAN_POINT('',(-2.5,2.069533474425,-0.700134486805));
#7861 = DIRECTION('',(2.465190328816E-32,-1.,2.052704284081E-32));
#7862 = DIRECTION('',(0.,-2.052704284081E-32,-1.));
#7863 = ADVANCED_FACE('',(#7864),#7887,.T.);
#7864 = FACE_BOUND('',#7865,.T.);
#7865 = EDGE_LOOP('',(#7866,#7867,#7868,#7869,#7870,#7871,#7872,#7878,
    #7879,#7880,#7881,#7882,#7883,#7884,#7885,#7886));
#7866 = ORIENTED_EDGE('',*,*,#2639,.F.);
#7867 = ORIENTED_EDGE('',*,*,#5629,.T.);
#7868 = ORIENTED_EDGE('',*,*,#5953,.F.);
#7869 = ORIENTED_EDGE('',*,*,#5928,.T.);
#7870 = ORIENTED_EDGE('',*,*,#2559,.T.);
#7871 = ORIENTED_EDGE('',*,*,#5504,.T.);
#7872 = ORIENTED_EDGE('',*,*,#7873,.T.);
#7873 = EDGE_CURVE('',#5497,#5124,#7874,.T.);
#7874 = LINE('',#7875,#7876);
#7875 = CARTESIAN_POINT('',(8.673617379884E-16,0.1,-1.7));
#7876 = VECTOR('',#7877,1.);
#7877 = DIRECTION('',(1.,0.,0.));
#7878 = ORIENTED_EDGE('',*,*,#5123,.F.);
#7879 = ORIENTED_EDGE('',*,*,#2527,.F.);
#7880 = ORIENTED_EDGE('',*,*,#2716,.F.);
#7881 = ORIENTED_EDGE('',*,*,#3018,.T.);
#7882 = ORIENTED_EDGE('',*,*,#2653,.F.);
#7883 = ORIENTED_EDGE('',*,*,#2447,.F.);
#7884 = ORIENTED_EDGE('',*,*,#2286,.F.);
#7885 = ORIENTED_EDGE('',*,*,#2139,.T.);
#7886 = ORIENTED_EDGE('',*,*,#2262,.F.);
#7887 = PLANE('',#7888);
#7888 = AXIS2_PLACEMENT_3D('',#7889,#7890,#7891);
#7889 = CARTESIAN_POINT('',(1.75,0.1,0.894379929886));
#7890 = DIRECTION('',(-0.,-1.,-0.));
#7891 = DIRECTION('',(0.,0.,-1.));
#7892 = ADVANCED_FACE('',(#7893),#7909,.T.);
#7893 = FACE_BOUND('',#7894,.T.);
#7894 = EDGE_LOOP('',(#7895,#7901,#7902,#7908));
#7895 = ORIENTED_EDGE('',*,*,#7896,.T.);
#7896 = EDGE_CURVE('',#5465,#5156,#7897,.T.);
#7897 = LINE('',#7898,#7899);
#7898 = CARTESIAN_POINT('',(8.673617379884E-16,0.1,-3.5));
#7899 = VECTOR('',#7900,1.);
#7900 = DIRECTION('',(1.,0.,0.));
#7901 = ORIENTED_EDGE('',*,*,#5155,.F.);
#7902 = ORIENTED_EDGE('',*,*,#7903,.F.);
#7903 = EDGE_CURVE('',#5473,#5148,#7904,.T.);
#7904 = LINE('',#7905,#7906);
#7905 = CARTESIAN_POINT('',(3.5,0.1,-3.3));
#7906 = VECTOR('',#7907,1.);
#7907 = DIRECTION('',(1.,0.,0.));
#7908 = ORIENTED_EDGE('',*,*,#5472,.T.);
#7909 = PLANE('',#7910);
#7910 = AXIS2_PLACEMENT_3D('',#7911,#7912,#7913);
#7911 = CARTESIAN_POINT('',(1.75,0.1,-3.4));
#7912 = DIRECTION('',(-0.,-1.,-0.));
#7913 = DIRECTION('',(0.,0.,-1.));
#7914 = ADVANCED_FACE('',(#7915),#7926,.T.);
#7915 = FACE_BOUND('',#7916,.T.);
#7916 = EDGE_LOOP('',(#7917,#7918,#7919,#7925));
#7917 = ORIENTED_EDGE('',*,*,#2543,.T.);
#7918 = ORIENTED_EDGE('',*,*,#5211,.F.);
#7919 = ORIENTED_EDGE('',*,*,#7920,.F.);
#7920 = EDGE_CURVE('',#5512,#5204,#7921,.T.);
#7921 = LINE('',#7922,#7923);
#7922 = CARTESIAN_POINT('',(3.5,8.4,2.5));
#7923 = VECTOR('',#7924,1.);
#7924 = DIRECTION('',(1.,0.,0.));
#7925 = ORIENTED_EDGE('',*,*,#5511,.T.);
#7926 = PLANE('',#7927);
#7927 = AXIS2_PLACEMENT_3D('',#7928,#7929,#7930);
#7928 = CARTESIAN_POINT('',(1.75,6.905657518629,3.));
#7929 = DIRECTION('',(0.,0.317304656405,0.948323655206));
#7930 = DIRECTION('',(0.,0.948323655206,-0.317304656405));
#7931 = ADVANCED_FACE('',(#7932),#7943,.T.);
#7932 = FACE_BOUND('',#7933,.T.);
#7933 = EDGE_LOOP('',(#7934,#7935,#7936,#7937));
#7934 = ORIENTED_EDGE('',*,*,#5131,.F.);
#7935 = ORIENTED_EDGE('',*,*,#7873,.F.);
#7936 = ORIENTED_EDGE('',*,*,#5496,.T.);
#7937 = ORIENTED_EDGE('',*,*,#7938,.T.);
#7938 = EDGE_CURVE('',#5489,#5132,#7939,.T.);
#7939 = LINE('',#7940,#7941);
#7940 = CARTESIAN_POINT('',(8.673617379884E-16,0.,-1.7));
#7941 = VECTOR('',#7942,1.);
#7942 = DIRECTION('',(1.,0.,0.));
#7943 = PLANE('',#7944);
#7944 = AXIS2_PLACEMENT_3D('',#7945,#7946,#7947);
#7945 = CARTESIAN_POINT('',(1.75,5.E-02,-1.7));
#7946 = DIRECTION('',(0.,0.,1.));
#7947 = DIRECTION('',(1.,0.,-0.));
#7948 = ADVANCED_FACE('',(#7949,#7968,#7988,#8008,#8028,#8062,#8096,
    #8130,#8199,#8218,#8245),#8272,.T.);
#7949 = FACE_BOUND('',#7950,.T.);
#7950 = EDGE_LOOP('',(#7951,#7952,#7953,#7954,#7955,#7956,#7957,#7958,
    #7959,#7960,#7961,#7962));
#7951 = ORIENTED_EDGE('',*,*,#5456,.T.);
#7952 = ORIENTED_EDGE('',*,*,#5588,.T.);
#7953 = ORIENTED_EDGE('',*,*,#5612,.T.);
#7954 = ORIENTED_EDGE('',*,*,#5533,.T.);
#7955 = ORIENTED_EDGE('',*,*,#5519,.T.);
#7956 = ORIENTED_EDGE('',*,*,#7920,.T.);
#7957 = ORIENTED_EDGE('',*,*,#5203,.F.);
#7958 = ORIENTED_EDGE('',*,*,#5377,.F.);
#7959 = ORIENTED_EDGE('',*,*,#5401,.F.);
#7960 = ORIENTED_EDGE('',*,*,#5322,.F.);
#7961 = ORIENTED_EDGE('',*,*,#5171,.F.);
#7962 = ORIENTED_EDGE('',*,*,#7963,.F.);
#7963 = EDGE_CURVE('',#5457,#5164,#7964,.T.);
#7964 = LINE('',#7965,#7966);
#7965 = CARTESIAN_POINT('',(3.5,8.4,-3.5));
#7966 = VECTOR('',#7967,1.);
#7967 = DIRECTION('',(1.,0.,0.));
#7968 = FACE_BOUND('',#7969,.T.);
#7969 = EDGE_LOOP('',(#7970,#7981));
#7970 = ORIENTED_EDGE('',*,*,#7971,.F.);
#7971 = EDGE_CURVE('',#7972,#7974,#7976,.T.);
#7972 = VERTEX_POINT('',#7973);
#7973 = CARTESIAN_POINT('',(-1.75,8.4,-1.6));
#7974 = VERTEX_POINT('',#7975);
#7975 = CARTESIAN_POINT('',(-1.75,8.4,1.4));
#7976 = CIRCLE('',#7977,1.5);
#7977 = AXIS2_PLACEMENT_3D('',#7978,#7979,#7980);
#7978 = CARTESIAN_POINT('',(-1.75,8.4,-0.1));
#7979 = DIRECTION('',(0.,1.,0.));
#7980 = DIRECTION('',(0.,0.,-1.));
#7981 = ORIENTED_EDGE('',*,*,#7982,.F.);
#7982 = EDGE_CURVE('',#7974,#7972,#7983,.T.);
#7983 = CIRCLE('',#7984,1.5);
#7984 = AXIS2_PLACEMENT_3D('',#7985,#7986,#7987);
#7985 = CARTESIAN_POINT('',(-1.75,8.4,-0.1));
#7986 = DIRECTION('',(0.,1.,0.));
#7987 = DIRECTION('',(0.,0.,-1.));
#7988 = FACE_BOUND('',#7989,.T.);
#7989 = EDGE_LOOP('',(#7990,#8001));
#7990 = ORIENTED_EDGE('',*,*,#7991,.T.);
#7991 = EDGE_CURVE('',#7992,#7994,#7996,.T.);
#7992 = VERTEX_POINT('',#7993);
#7993 = CARTESIAN_POINT('',(5.25,8.4,-1.6));
#7994 = VERTEX_POINT('',#7995);
#7995 = CARTESIAN_POINT('',(5.25,8.4,1.4));
#7996 = CIRCLE('',#7997,1.5);
#7997 = AXIS2_PLACEMENT_3D('',#7998,#7999,#8000);
#7998 = CARTESIAN_POINT('',(5.25,8.4,-0.1));
#7999 = DIRECTION('',(0.,-1.,0.));
#8000 = DIRECTION('',(0.,0.,-1.));
#8001 = ORIENTED_EDGE('',*,*,#8002,.T.);
#8002 = EDGE_CURVE('',#7994,#7992,#8003,.T.);
#8003 = CIRCLE('',#8004,1.5);
#8004 = AXIS2_PLACEMENT_3D('',#8005,#8006,#8007);
#8005 = CARTESIAN_POINT('',(5.25,8.4,-0.1));
#8006 = DIRECTION('',(0.,-1.,0.));
#8007 = DIRECTION('',(0.,0.,-1.));
#8008 = FACE_BOUND('',#8009,.T.);
#8009 = EDGE_LOOP('',(#8010,#8021));
#8010 = ORIENTED_EDGE('',*,*,#8011,.T.);
#8011 = EDGE_CURVE('',#8012,#8014,#8016,.T.);
#8012 = VERTEX_POINT('',#8013);
#8013 = CARTESIAN_POINT('',(1.75,8.4,-1.6));
#8014 = VERTEX_POINT('',#8015);
#8015 = CARTESIAN_POINT('',(1.75,8.4,1.4));
#8016 = CIRCLE('',#8017,1.5);
#8017 = AXIS2_PLACEMENT_3D('',#8018,#8019,#8020);
#8018 = CARTESIAN_POINT('',(1.75,8.4,-0.1));
#8019 = DIRECTION('',(0.,-1.,0.));
#8020 = DIRECTION('',(0.,0.,-1.));
#8021 = ORIENTED_EDGE('',*,*,#8022,.T.);
#8022 = EDGE_CURVE('',#8014,#8012,#8023,.T.);
#8023 = CIRCLE('',#8024,1.5);
#8024 = AXIS2_PLACEMENT_3D('',#8025,#8026,#8027);
#8025 = CARTESIAN_POINT('',(1.75,8.4,-0.1));
#8026 = DIRECTION('',(0.,-1.,0.));
#8027 = DIRECTION('',(0.,0.,-1.));
#8028 = FACE_BOUND('',#8029,.T.);
#8029 = EDGE_LOOP('',(#8030,#8040,#8048,#8056));
#8030 = ORIENTED_EDGE('',*,*,#8031,.T.);
#8031 = EDGE_CURVE('',#8032,#8034,#8036,.T.);
#8032 = VERTEX_POINT('',#8033);
#8033 = CARTESIAN_POINT('',(-0.325,8.4,-2.09));
#8034 = VERTEX_POINT('',#8035);
#8035 = CARTESIAN_POINT('',(-3.175,8.4,-2.09));
#8036 = LINE('',#8037,#8038);
#8037 = CARTESIAN_POINT('',(-0.325,8.4,-2.09));
#8038 = VECTOR('',#8039,1.);
#8039 = DIRECTION('',(-1.,0.,0.));
#8040 = ORIENTED_EDGE('',*,*,#8041,.F.);
#8041 = EDGE_CURVE('',#8042,#8034,#8044,.T.);
#8042 = VERTEX_POINT('',#8043);
#8043 = CARTESIAN_POINT('',(-3.175,8.4,-2.94));
#8044 = LINE('',#8045,#8046);
#8045 = CARTESIAN_POINT('',(-3.175,8.4,-2.09));
#8046 = VECTOR('',#8047,1.);
#8047 = DIRECTION('',(0.,0.,1.));
#8048 = ORIENTED_EDGE('',*,*,#8049,.F.);
#8049 = EDGE_CURVE('',#8050,#8042,#8052,.T.);
#8050 = VERTEX_POINT('',#8051);
#8051 = CARTESIAN_POINT('',(-0.325,8.4,-2.94));
#8052 = LINE('',#8053,#8054);
#8053 = CARTESIAN_POINT('',(-0.325,8.4,-2.94));
#8054 = VECTOR('',#8055,1.);
#8055 = DIRECTION('',(-1.,0.,0.));
#8056 = ORIENTED_EDGE('',*,*,#8057,.T.);
#8057 = EDGE_CURVE('',#8050,#8032,#8058,.T.);
#8058 = LINE('',#8059,#8060);
#8059 = CARTESIAN_POINT('',(-0.325,8.4,-2.09));
#8060 = VECTOR('',#8061,1.);
#8061 = DIRECTION('',(0.,0.,1.));
#8062 = FACE_BOUND('',#8063,.T.);
#8063 = EDGE_LOOP('',(#8064,#8074,#8082,#8090));
#8064 = ORIENTED_EDGE('',*,*,#8065,.F.);
#8065 = EDGE_CURVE('',#8066,#8068,#8070,.T.);
#8066 = VERTEX_POINT('',#8067);
#8067 = CARTESIAN_POINT('',(3.825,8.4,-2.09));
#8068 = VERTEX_POINT('',#8069);
#8069 = CARTESIAN_POINT('',(6.675,8.4,-2.09));
#8070 = LINE('',#8071,#8072);
#8071 = CARTESIAN_POINT('',(3.825,8.4,-2.09));
#8072 = VECTOR('',#8073,1.);
#8073 = DIRECTION('',(1.,0.,0.));
#8074 = ORIENTED_EDGE('',*,*,#8075,.F.);
#8075 = EDGE_CURVE('',#8076,#8066,#8078,.T.);
#8076 = VERTEX_POINT('',#8077);
#8077 = CARTESIAN_POINT('',(3.825,8.4,-2.94));
#8078 = LINE('',#8079,#8080);
#8079 = CARTESIAN_POINT('',(3.825,8.4,-2.09));
#8080 = VECTOR('',#8081,1.);
#8081 = DIRECTION('',(0.,0.,1.));
#8082 = ORIENTED_EDGE('',*,*,#8083,.T.);
#8083 = EDGE_CURVE('',#8076,#8084,#8086,.T.);
#8084 = VERTEX_POINT('',#8085);
#8085 = CARTESIAN_POINT('',(6.675,8.4,-2.94));
#8086 = LINE('',#8087,#8088);
#8087 = CARTESIAN_POINT('',(3.825,8.4,-2.94));
#8088 = VECTOR('',#8089,1.);
#8089 = DIRECTION('',(1.,0.,0.));
#8090 = ORIENTED_EDGE('',*,*,#8091,.T.);
#8091 = EDGE_CURVE('',#8084,#8068,#8092,.T.);
#8092 = LINE('',#8093,#8094);
#8093 = CARTESIAN_POINT('',(6.675,8.4,-2.09));
#8094 = VECTOR('',#8095,1.);
#8095 = DIRECTION('',(0.,0.,1.));
#8096 = FACE_BOUND('',#8097,.T.);
#8097 = EDGE_LOOP('',(#8098,#8108,#8116,#8124));
#8098 = ORIENTED_EDGE('',*,*,#8099,.F.);
#8099 = EDGE_CURVE('',#8100,#8102,#8104,.T.);
#8100 = VERTEX_POINT('',#8101);
#8101 = CARTESIAN_POINT('',(0.325,8.4,-2.09));
#8102 = VERTEX_POINT('',#8103);
#8103 = CARTESIAN_POINT('',(3.175,8.4,-2.09));
#8104 = LINE('',#8105,#8106);
#8105 = CARTESIAN_POINT('',(0.325,8.4,-2.09));
#8106 = VECTOR('',#8107,1.);
#8107 = DIRECTION('',(1.,0.,0.));
#8108 = ORIENTED_EDGE('',*,*,#8109,.F.);
#8109 = EDGE_CURVE('',#8110,#8100,#8112,.T.);
#8110 = VERTEX_POINT('',#8111);
#8111 = CARTESIAN_POINT('',(0.325,8.4,-2.94));
#8112 = LINE('',#8113,#8114);
#8113 = CARTESIAN_POINT('',(0.325,8.4,-2.09));
#8114 = VECTOR('',#8115,1.);
#8115 = DIRECTION('',(0.,0.,1.));
#8116 = ORIENTED_EDGE('',*,*,#8117,.T.);
#8117 = EDGE_CURVE('',#8110,#8118,#8120,.T.);
#8118 = VERTEX_POINT('',#8119);
#8119 = CARTESIAN_POINT('',(3.175,8.4,-2.94));
#8120 = LINE('',#8121,#8122);
#8121 = CARTESIAN_POINT('',(0.325,8.4,-2.94));
#8122 = VECTOR('',#8123,1.);
#8123 = DIRECTION('',(1.,0.,0.));
#8124 = ORIENTED_EDGE('',*,*,#8125,.T.);
#8125 = EDGE_CURVE('',#8118,#8102,#8126,.T.);
#8126 = LINE('',#8127,#8128);
#8127 = CARTESIAN_POINT('',(3.175,8.4,-2.09));
#8128 = VECTOR('',#8129,1.);
#8129 = DIRECTION('',(0.,0.,1.));
#8130 = FACE_BOUND('',#8131,.T.);
#8131 = EDGE_LOOP('',(#8132,#8143,#8151,#8159,#8168,#8176,#8185,#8193));
#8132 = ORIENTED_EDGE('',*,*,#8133,.F.);
#8133 = EDGE_CURVE('',#8134,#8136,#8138,.T.);
#8134 = VERTEX_POINT('',#8135);
#8135 = CARTESIAN_POINT('',(3.5,8.4,2.24));
#8136 = VERTEX_POINT('',#8137);
#8137 = CARTESIAN_POINT('',(3.5,8.4,1.04));
#8138 = CIRCLE('',#8139,0.6);
#8139 = AXIS2_PLACEMENT_3D('',#8140,#8141,#8142);
#8140 = CARTESIAN_POINT('',(3.5,8.4,1.64));
#8141 = DIRECTION('',(0.,1.,0.));
#8142 = DIRECTION('',(0.,0.,1.));
#8143 = ORIENTED_EDGE('',*,*,#8144,.F.);
#8144 = EDGE_CURVE('',#8145,#8134,#8147,.T.);
#8145 = VERTEX_POINT('',#8146);
#8146 = CARTESIAN_POINT('',(3.5,8.4,1.89));
#8147 = LINE('',#8148,#8149);
#8148 = CARTESIAN_POINT('',(3.5,8.4,-3.5));
#8149 = VECTOR('',#8150,1.);
#8150 = DIRECTION('',(0.,0.,1.));
#8151 = ORIENTED_EDGE('',*,*,#8152,.F.);
#8152 = EDGE_CURVE('',#8153,#8145,#8155,.T.);
#8153 = VERTEX_POINT('',#8154);
#8154 = CARTESIAN_POINT('',(3.048038675795,8.4,2.034627623746));
#8155 = LINE('',#8156,#8157);
#8156 = CARTESIAN_POINT('',(3.5,8.4,1.89));
#8157 = VECTOR('',#8158,1.);
#8158 = DIRECTION('',(0.952424147199,0.,-0.304775727104));
#8159 = ORIENTED_EDGE('',*,*,#8160,.F.);
#8160 = EDGE_CURVE('',#8161,#8153,#8163,.T.);
#8161 = VERTEX_POINT('',#8162);
#8162 = CARTESIAN_POINT('',(3.,8.4,1.971662479036));
#8163 = CIRCLE('',#8164,0.6);
#8164 = AXIS2_PLACEMENT_3D('',#8165,#8166,#8167);
#8165 = CARTESIAN_POINT('',(3.5,8.4,1.64));
#8166 = DIRECTION('',(0.,1.,0.));
#8167 = DIRECTION('',(0.,0.,1.));
#8168 = ORIENTED_EDGE('',*,*,#8169,.F.);
#8169 = EDGE_CURVE('',#8170,#8161,#8172,.T.);
#8170 = VERTEX_POINT('',#8171);
#8171 = CARTESIAN_POINT('',(3.,8.4,1.308337520964));
#8172 = LINE('',#8173,#8174);
#8173 = CARTESIAN_POINT('',(3.,8.4,2.05));
#8174 = VECTOR('',#8175,1.);
#8175 = DIRECTION('',(0.,0.,1.));
#8176 = ORIENTED_EDGE('',*,*,#8177,.F.);
#8177 = EDGE_CURVE('',#8178,#8170,#8180,.T.);
#8178 = VERTEX_POINT('',#8179);
#8179 = CARTESIAN_POINT('',(3.048038675795,8.4,1.245372376254));
#8180 = CIRCLE('',#8181,0.6);
#8181 = AXIS2_PLACEMENT_3D('',#8182,#8183,#8184);
#8182 = CARTESIAN_POINT('',(3.5,8.4,1.64));
#8183 = DIRECTION('',(0.,1.,0.));
#8184 = DIRECTION('',(0.,0.,1.));
#8185 = ORIENTED_EDGE('',*,*,#8186,.F.);
#8186 = EDGE_CURVE('',#8187,#8178,#8189,.T.);
#8187 = VERTEX_POINT('',#8188);
#8188 = CARTESIAN_POINT('',(3.5,8.4,1.39));
#8189 = LINE('',#8190,#8191);
#8190 = CARTESIAN_POINT('',(3.,8.4,1.23));
#8191 = VECTOR('',#8192,1.);
#8192 = DIRECTION('',(-0.952424147199,-0.,-0.304775727104));
#8193 = ORIENTED_EDGE('',*,*,#8194,.F.);
#8194 = EDGE_CURVE('',#8136,#8187,#8195,.T.);
#8195 = LINE('',#8196,#8197);
#8196 = CARTESIAN_POINT('',(3.5,8.4,-3.5));
#8197 = VECTOR('',#8198,1.);
#8198 = DIRECTION('',(0.,0.,1.));
#8199 = FACE_BOUND('',#8200,.T.);
#8200 = EDGE_LOOP('',(#8201,#8211));
#8201 = ORIENTED_EDGE('',*,*,#8202,.T.);
#8202 = EDGE_CURVE('',#8203,#8205,#8207,.T.);
#8203 = VERTEX_POINT('',#8204);
#8204 = CARTESIAN_POINT('',(-0.5,8.4,1.308337520964));
#8205 = VERTEX_POINT('',#8206);
#8206 = CARTESIAN_POINT('',(-0.5,8.4,1.971662479036));
#8207 = LINE('',#8208,#8209);
#8208 = CARTESIAN_POINT('',(-0.5,8.4,2.05));
#8209 = VECTOR('',#8210,1.);
#8210 = DIRECTION('',(0.,0.,1.));
#8211 = ORIENTED_EDGE('',*,*,#8212,.F.);
#8212 = EDGE_CURVE('',#8203,#8205,#8213,.T.);
#8213 = CIRCLE('',#8214,0.6);
#8214 = AXIS2_PLACEMENT_3D('',#8215,#8216,#8217);
#8215 = CARTESIAN_POINT('',(0.,8.4,1.64));
#8216 = DIRECTION('',(0.,1.,0.));
#8217 = DIRECTION('',(0.,0.,1.));
#8218 = FACE_BOUND('',#8219,.T.);
#8219 = EDGE_LOOP('',(#8220,#8230,#8239));
#8220 = ORIENTED_EDGE('',*,*,#8221,.T.);
#8221 = EDGE_CURVE('',#8222,#8224,#8226,.T.);
#8222 = VERTEX_POINT('',#8223);
#8223 = CARTESIAN_POINT('',(-8.881784197001E-16,8.4,1.39));
#8224 = VERTEX_POINT('',#8225);
#8225 = CARTESIAN_POINT('',(-0.451961324205,8.4,1.245372376254));
#8226 = LINE('',#8227,#8228);
#8227 = CARTESIAN_POINT('',(-0.5,8.4,1.23));
#8228 = VECTOR('',#8229,1.);
#8229 = DIRECTION('',(-0.952424147199,-0.,-0.304775727104));
#8230 = ORIENTED_EDGE('',*,*,#8231,.F.);
#8231 = EDGE_CURVE('',#8232,#8224,#8234,.T.);
#8232 = VERTEX_POINT('',#8233);
#8233 = CARTESIAN_POINT('',(7.347880794884E-17,8.4,1.04));
#8234 = CIRCLE('',#8235,0.6);
#8235 = AXIS2_PLACEMENT_3D('',#8236,#8237,#8238);
#8236 = CARTESIAN_POINT('',(0.,8.4,1.64));
#8237 = DIRECTION('',(0.,1.,0.));
#8238 = DIRECTION('',(0.,0.,1.));
#8239 = ORIENTED_EDGE('',*,*,#8240,.T.);
#8240 = EDGE_CURVE('',#8232,#8222,#8241,.T.);
#8241 = LINE('',#8242,#8243);
#8242 = CARTESIAN_POINT('',(-8.881784197001E-16,8.4,-3.5));
#8243 = VECTOR('',#8244,1.);
#8244 = DIRECTION('',(0.,0.,1.));
#8245 = FACE_BOUND('',#8246,.T.);
#8246 = EDGE_LOOP('',(#8247,#8257,#8266));
#8247 = ORIENTED_EDGE('',*,*,#8248,.T.);
#8248 = EDGE_CURVE('',#8249,#8251,#8253,.T.);
#8249 = VERTEX_POINT('',#8250);
#8250 = CARTESIAN_POINT('',(-4.440892098501E-16,8.4,1.89));
#8251 = VERTEX_POINT('',#8252);
#8252 = CARTESIAN_POINT('',(0.,8.4,2.24));
#8253 = LINE('',#8254,#8255);
#8254 = CARTESIAN_POINT('',(-8.881784197001E-16,8.4,-3.5));
#8255 = VECTOR('',#8256,1.);
#8256 = DIRECTION('',(0.,0.,1.));
#8257 = ORIENTED_EDGE('',*,*,#8258,.F.);
#8258 = EDGE_CURVE('',#8259,#8251,#8261,.T.);
#8259 = VERTEX_POINT('',#8260);
#8260 = CARTESIAN_POINT('',(-0.451961324205,8.4,2.034627623746));
#8261 = CIRCLE('',#8262,0.6);
#8262 = AXIS2_PLACEMENT_3D('',#8263,#8264,#8265);
#8263 = CARTESIAN_POINT('',(0.,8.4,1.64));
#8264 = DIRECTION('',(0.,1.,0.));
#8265 = DIRECTION('',(0.,0.,1.));
#8266 = ORIENTED_EDGE('',*,*,#8267,.T.);
#8267 = EDGE_CURVE('',#8259,#8249,#8268,.T.);
#8268 = LINE('',#8269,#8270);
#8269 = CARTESIAN_POINT('',(-4.440892098501E-16,8.4,1.89));
#8270 = VECTOR('',#8271,1.);
#8271 = DIRECTION('',(0.952424147199,0.,-0.304775727104));
#8272 = PLANE('',#8273);
#8273 = AXIS2_PLACEMENT_3D('',#8274,#8275,#8276);
#8274 = CARTESIAN_POINT('',(1.71236766161,8.4,-0.335942590634));
#8275 = DIRECTION('',(0.,1.,0.));
#8276 = DIRECTION('',(0.,-0.,1.));
#8277 = ADVANCED_FACE('',(#8278),#8374,.F.);
#8278 = FACE_BOUND('',#8279,.F.);
#8279 = EDGE_LOOP('',(#8280,#8281,#8288,#8297,#8305,#8314,#8322,#8331,
    #8340,#8348,#8357,#8365,#8372,#8373));
#8280 = ORIENTED_EDGE('',*,*,#7971,.F.);
#8281 = ORIENTED_EDGE('',*,*,#8282,.T.);
#8282 = EDGE_CURVE('',#7972,#8283,#8285,.T.);
#8283 = VERTEX_POINT('',#8284);
#8284 = CARTESIAN_POINT('',(-1.75,6.684473107316,-1.6));
#8285 = B_SPLINE_CURVE_WITH_KNOTS('',1,(#8286,#8287),.UNSPECIFIED.,.F.,
  .F.,(2,2),(-13.85427902053,-10.6224780501),.PIECEWISE_BEZIER_KNOTS.);
#8286 = CARTESIAN_POINT('',(-1.75,8.4,-1.6));
#8287 = CARTESIAN_POINT('',(-1.75,5.168199029567,-1.6));
#8288 = ORIENTED_EDGE('',*,*,#8289,.T.);
#8289 = EDGE_CURVE('',#8283,#8290,#8292,.T.);
#8290 = VERTEX_POINT('',#8291);
#8291 = CARTESIAN_POINT('',(-3.217200514372,6.684473107316,
    -0.411965784385));
#8292 = CIRCLE('',#8293,1.5);
#8293 = AXIS2_PLACEMENT_3D('',#8294,#8295,#8296);
#8294 = CARTESIAN_POINT('',(-1.75,6.684473107316,-0.1));
#8295 = DIRECTION('',(0.,1.,0.));
#8296 = DIRECTION('',(0.,0.,-1.));
#8297 = ORIENTED_EDGE('',*,*,#8298,.T.);
#8298 = EDGE_CURVE('',#8290,#8299,#8301,.T.);
#8299 = VERTEX_POINT('',#8300);
#8300 = CARTESIAN_POINT('',(-3.217200514372,6.328119964252,
    -0.411965784385));
#8301 = LINE('',#8302,#8303);
#8302 = CARTESIAN_POINT('',(-3.217200514372,-5.454279020539,
    -0.411965784385));
#8303 = VECTOR('',#8304,1.);
#8304 = DIRECTION('',(0.,-1.,0.));
#8305 = ORIENTED_EDGE('',*,*,#8306,.T.);
#8306 = EDGE_CURVE('',#8299,#8307,#8309,.T.);
#8307 = VERTEX_POINT('',#8308);
#8308 = CARTESIAN_POINT('',(-3.217200514372,6.328119964252,
    0.211965784385));
#8309 = CIRCLE('',#8310,1.5);
#8310 = AXIS2_PLACEMENT_3D('',#8311,#8312,#8313);
#8311 = CARTESIAN_POINT('',(-1.75,6.328119964252,-0.1));
#8312 = DIRECTION('',(-0.,1.,0.));
#8313 = DIRECTION('',(0.,0.,-1.));
#8314 = ORIENTED_EDGE('',*,*,#8315,.T.);
#8315 = EDGE_CURVE('',#8307,#8316,#8318,.T.);
#8316 = VERTEX_POINT('',#8317);
#8317 = CARTESIAN_POINT('',(-3.217200514397,6.684473107311,
    0.211965784385));
#8318 = LINE('',#8319,#8320);
#8319 = CARTESIAN_POINT('',(-3.217200514372,-5.454279020539,
    0.211965784385));
#8320 = VECTOR('',#8321,1.);
#8321 = DIRECTION('',(0.,1.,0.));
#8322 = ORIENTED_EDGE('',*,*,#8323,.T.);
#8323 = EDGE_CURVE('',#8316,#8324,#8326,.T.);
#8324 = VERTEX_POINT('',#8325);
#8325 = CARTESIAN_POINT('',(-1.75,6.684473107316,1.4));
#8326 = CIRCLE('',#8327,1.5);
#8327 = AXIS2_PLACEMENT_3D('',#8328,#8329,#8330);
#8328 = CARTESIAN_POINT('',(-1.75,6.684473107316,-0.1));
#8329 = DIRECTION('',(0.,1.,0.));
#8330 = DIRECTION('',(0.,0.,-1.));
#8331 = ORIENTED_EDGE('',*,*,#8332,.T.);
#8332 = EDGE_CURVE('',#8324,#8333,#8335,.T.);
#8333 = VERTEX_POINT('',#8334);
#8334 = CARTESIAN_POINT('',(-0.282799485628,6.684473107316,
    0.211965784385));
#8335 = CIRCLE('',#8336,1.5);
#8336 = AXIS2_PLACEMENT_3D('',#8337,#8338,#8339);
#8337 = CARTESIAN_POINT('',(-1.75,6.684473107316,-0.1));
#8338 = DIRECTION('',(0.,1.,0.));
#8339 = DIRECTION('',(0.,0.,-1.));
#8340 = ORIENTED_EDGE('',*,*,#8341,.T.);
#8341 = EDGE_CURVE('',#8333,#8342,#8344,.T.);
#8342 = VERTEX_POINT('',#8343);
#8343 = CARTESIAN_POINT('',(-0.282799485628,6.328119964252,
    0.211965784385));
#8344 = LINE('',#8345,#8346);
#8345 = CARTESIAN_POINT('',(-0.282799485628,-5.454279020539,
    0.211965784385));
#8346 = VECTOR('',#8347,1.);
#8347 = DIRECTION('',(0.,-1.,0.));
#8348 = ORIENTED_EDGE('',*,*,#8349,.T.);
#8349 = EDGE_CURVE('',#8342,#8350,#8352,.T.);
#8350 = VERTEX_POINT('',#8351);
#8351 = CARTESIAN_POINT('',(-0.282799485628,6.328119964252,
    -0.411965784385));
#8352 = CIRCLE('',#8353,1.5);
#8353 = AXIS2_PLACEMENT_3D('',#8354,#8355,#8356);
#8354 = CARTESIAN_POINT('',(-1.75,6.328119964252,-0.1));
#8355 = DIRECTION('',(-0.,1.,0.));
#8356 = DIRECTION('',(0.,0.,-1.));
#8357 = ORIENTED_EDGE('',*,*,#8358,.T.);
#8358 = EDGE_CURVE('',#8350,#8359,#8361,.T.);
#8359 = VERTEX_POINT('',#8360);
#8360 = CARTESIAN_POINT('',(-0.282799485628,6.684473107316,
    -0.411965784385));
#8361 = LINE('',#8362,#8363);
#8362 = CARTESIAN_POINT('',(-0.282799485628,-5.454279020539,
    -0.411965784385));
#8363 = VECTOR('',#8364,1.);
#8364 = DIRECTION('',(0.,1.,0.));
#8365 = ORIENTED_EDGE('',*,*,#8366,.T.);
#8366 = EDGE_CURVE('',#8359,#8283,#8367,.T.);
#8367 = CIRCLE('',#8368,1.5);
#8368 = AXIS2_PLACEMENT_3D('',#8369,#8370,#8371);
#8369 = CARTESIAN_POINT('',(-1.75,6.684473107316,-0.1));
#8370 = DIRECTION('',(0.,1.,0.));
#8371 = DIRECTION('',(0.,0.,-1.));
#8372 = ORIENTED_EDGE('',*,*,#8282,.F.);
#8373 = ORIENTED_EDGE('',*,*,#7982,.F.);
#8374 = CYLINDRICAL_SURFACE('',#8375,1.5);
#8375 = AXIS2_PLACEMENT_3D('',#8376,#8377,#8378);
#8376 = CARTESIAN_POINT('',(-1.75,-5.454279020539,-0.1));
#8377 = DIRECTION('',(0.,-1.,0.));
#8378 = DIRECTION('',(0.,0.,-1.));
#8379 = ADVANCED_FACE('',(#8380),#8410,.T.);
#8380 = FACE_BOUND('',#8381,.T.);
#8381 = EDGE_LOOP('',(#8382,#8391,#8400,#8409));
#8382 = ORIENTED_EDGE('',*,*,#8383,.F.);
#8383 = EDGE_CURVE('',#8384,#8283,#8386,.T.);
#8384 = VERTEX_POINT('',#8385);
#8385 = CARTESIAN_POINT('',(-1.75,6.943795372366,-1.34242486786));
#8386 = CIRCLE('',#8387,0.259328190454);
#8387 = AXIS2_PLACEMENT_3D('',#8388,#8389,#8390);
#8388 = CARTESIAN_POINT('',(-1.75,6.684473107316,-1.340671809546));
#8389 = DIRECTION('',(-1.,0.,0.));
#8390 = DIRECTION('',(0.,0.,1.));
#8391 = ORIENTED_EDGE('',*,*,#8392,.F.);
#8392 = EDGE_CURVE('',#8393,#8384,#8395,.T.);
#8393 = VERTEX_POINT('',#8394);
#8394 = CARTESIAN_POINT('',(-0.547379152996,6.943795372366,
    -0.411965784385));
#8395 = CIRCLE('',#8396,1.24242486786);
#8396 = AXIS2_PLACEMENT_3D('',#8397,#8398,#8399);
#8397 = CARTESIAN_POINT('',(-1.75,6.943795372366,-0.1));
#8398 = DIRECTION('',(0.,1.,0.));
#8399 = DIRECTION('',(0.,0.,-1.));
#8400 = ORIENTED_EDGE('',*,*,#8401,.F.);
#8401 = EDGE_CURVE('',#8359,#8393,#8402,.T.);
#8402 = B_SPLINE_CURVE_WITH_KNOTS('',3,(#8403,#8404,#8405,#8406,#8407,
    #8408),.UNSPECIFIED.,.F.,.F.,(4,2,4),(1.500281251994E-03,
    1.704690659222E-03,1.90910006645E-03),.UNSPECIFIED.);
#8403 = CARTESIAN_POINT('',(-0.282799485628,6.684473107316,
    -0.411965784385));
#8404 = CARTESIAN_POINT('',(-0.282799485628,6.753078242021,
    -0.411965784385));
#8405 = CARTESIAN_POINT('',(-0.312409129827,6.82133317566,
    -0.411965784385));
#8406 = CARTESIAN_POINT('',(-0.41049818661,6.916119604593,
    -0.411965784385));
#8407 = CARTESIAN_POINT('',(-0.478534241714,6.943344880459,
    -0.411965784385));
#8408 = CARTESIAN_POINT('',(-0.547379152996,6.943795372366,
    -0.411965784385));
#8409 = ORIENTED_EDGE('',*,*,#8366,.T.);
#8410 = TOROIDAL_SURFACE('',#8411,1.240671809546,0.259328190454);
#8411 = AXIS2_PLACEMENT_3D('',#8412,#8413,#8414);
#8412 = CARTESIAN_POINT('',(-1.75,6.684473107316,-0.1));
#8413 = DIRECTION('',(0.,-1.,0.));
#8414 = DIRECTION('',(0.,0.,-1.));
#8415 = ADVANCED_FACE('',(#8416),#8444,.F.);
#8416 = FACE_BOUND('',#8417,.T.);
#8417 = EDGE_LOOP('',(#8418,#8429,#8430,#8436,#8437,#8438));
#8418 = ORIENTED_EDGE('',*,*,#8419,.T.);
#8419 = EDGE_CURVE('',#8420,#8290,#8422,.T.);
#8420 = VERTEX_POINT('',#8421);
#8421 = CARTESIAN_POINT('',(-2.952620847004,6.943795372366,
    -0.411965784385));
#8422 = B_SPLINE_CURVE_WITH_KNOTS('',3,(#8423,#8424,#8425,#8426,#8427,
    #8428),.UNSPECIFIED.,.F.,.F.,(4,2,4),(3.257835117292E-04,
    5.304060173026E-04,7.350285228761E-04),.UNSPECIFIED.);
#8423 = CARTESIAN_POINT('',(-2.952620847004,6.943795372366,
    -0.411965784385));
#8424 = CARTESIAN_POINT('',(-3.02089175852,6.94334863647,-0.411965784385
    ));
#8425 = CARTESIAN_POINT('',(-3.089190829213,6.916439790391,
    -0.411965784385));
#8426 = CARTESIAN_POINT('',(-3.18797943676,6.820938004173,
    -0.411965784385));
#8427 = CARTESIAN_POINT('',(-3.217200514372,6.753086065455,
    -0.411965784385));
#8428 = CARTESIAN_POINT('',(-3.217200514372,6.684473107316,
    -0.411965784385));
#8429 = ORIENTED_EDGE('',*,*,#8298,.T.);
#8430 = ORIENTED_EDGE('',*,*,#8431,.F.);
#8431 = EDGE_CURVE('',#8350,#8299,#8432,.T.);
#8432 = LINE('',#8433,#8434);
#8433 = CARTESIAN_POINT('',(-8.673617379884E-16,6.328119964252,
    -0.411965784385));
#8434 = VECTOR('',#8435,1.);
#8435 = DIRECTION('',(-1.,0.,0.));
#8436 = ORIENTED_EDGE('',*,*,#8358,.T.);
#8437 = ORIENTED_EDGE('',*,*,#8401,.T.);
#8438 = ORIENTED_EDGE('',*,*,#8439,.T.);
#8439 = EDGE_CURVE('',#8393,#8420,#8440,.T.);
#8440 = LINE('',#8441,#8442);
#8441 = CARTESIAN_POINT('',(-1.75,6.943795372366,-0.411965784385));
#8442 = VECTOR('',#8443,1.);
#8443 = DIRECTION('',(-1.,0.,0.));
#8444 = PLANE('',#8445);
#8445 = AXIS2_PLACEMENT_3D('',#8446,#8447,#8448);
#8446 = CARTESIAN_POINT('',(-8.673617379884E-16,7.127919999073,
    -0.411965784385));
#8447 = DIRECTION('',(0.,0.,-1.));
#8448 = DIRECTION('',(1.,0.,0.));
#8449 = ADVANCED_FACE('',(#8450),#8461,.F.);
#8450 = FACE_BOUND('',#8451,.T.);
#8451 = EDGE_LOOP('',(#8452,#8453,#8454,#8460));
#8452 = ORIENTED_EDGE('',*,*,#8431,.T.);
#8453 = ORIENTED_EDGE('',*,*,#8306,.T.);
#8454 = ORIENTED_EDGE('',*,*,#8455,.F.);
#8455 = EDGE_CURVE('',#8342,#8307,#8456,.T.);
#8456 = LINE('',#8457,#8458);
#8457 = CARTESIAN_POINT('',(-8.673617379884E-16,6.328119964252,
    0.211965784385));
#8458 = VECTOR('',#8459,1.);
#8459 = DIRECTION('',(-1.,0.,0.));
#8460 = ORIENTED_EDGE('',*,*,#8349,.T.);
#8461 = PLANE('',#8462);
#8462 = AXIS2_PLACEMENT_3D('',#8463,#8464,#8465);
#8463 = CARTESIAN_POINT('',(-8.673617379884E-16,6.328119964252,
    -0.411965784385));
#8464 = DIRECTION('',(0.,-1.,0.));
#8465 = DIRECTION('',(0.,0.,-1.));
#8466 = ADVANCED_FACE('',(#8467),#8500,.F.);
#8467 = FACE_BOUND('',#8468,.T.);
#8468 = EDGE_LOOP('',(#8469,#8480,#8481,#8482,#8483,#8494));
#8469 = ORIENTED_EDGE('',*,*,#8470,.T.);
#8470 = EDGE_CURVE('',#8471,#8333,#8473,.T.);
#8471 = VERTEX_POINT('',#8472);
#8472 = CARTESIAN_POINT('',(-0.547379152996,6.943795372366,
    0.211965784385));
#8473 = B_SPLINE_CURVE_WITH_KNOTS('',3,(#8474,#8475,#8476,#8477,#8478,
    #8479),.UNSPECIFIED.,.F.,.F.,(4,2,4),(1.390221189591E-03,
    1.594804925275E-03,1.799388660959E-03),.UNSPECIFIED.);
#8474 = CARTESIAN_POINT('',(-0.547379152996,6.943795372366,
    0.211965784385));
#8475 = CARTESIAN_POINT('',(-0.478838516656,6.943346871505,
    0.211965784385));
#8476 = CARTESIAN_POINT('',(-0.411083155924,6.91671081779,0.211965784385
    ));
#8477 = CARTESIAN_POINT('',(-0.311722448338,6.82064364834,0.211965784385
    ));
#8478 = CARTESIAN_POINT('',(-0.282799485628,6.752886577033,
    0.211965784385));
#8479 = CARTESIAN_POINT('',(-0.282799485628,6.684473107316,
    0.211965784385));
#8480 = ORIENTED_EDGE('',*,*,#8341,.T.);
#8481 = ORIENTED_EDGE('',*,*,#8455,.T.);
#8482 = ORIENTED_EDGE('',*,*,#8315,.T.);
#8483 = ORIENTED_EDGE('',*,*,#8484,.T.);
#8484 = EDGE_CURVE('',#8316,#8485,#8487,.T.);
#8485 = VERTEX_POINT('',#8486);
#8486 = CARTESIAN_POINT('',(-2.952620847004,6.943795372366,
    0.211965784385));
#8487 = B_SPLINE_CURVE_WITH_KNOTS('',3,(#8488,#8489,#8490,#8491,#8492,
    #8493),.UNSPECIFIED.,.F.,.F.,(4,2,4),(9.150906952608E-04,
    1.119767803223E-03,1.324444911185E-03),.UNSPECIFIED.);
#8488 = CARTESIAN_POINT('',(-3.217200514397,6.684473107311,
    0.211965784385));
#8489 = CARTESIAN_POINT('',(-3.217200514373,6.752702288224,
    0.211965784385));
#8490 = CARTESIAN_POINT('',(-3.188042590865,6.820783603875,
    0.211965784385));
#8491 = CARTESIAN_POINT('',(-3.089495234753,6.916238512868,
    0.211965784385));
#8492 = CARTESIAN_POINT('',(-3.021326631674,6.943345790845,
    0.211965784385));
#8493 = CARTESIAN_POINT('',(-2.952620847004,6.943795372366,
    0.211965784385));
#8494 = ORIENTED_EDGE('',*,*,#8495,.T.);
#8495 = EDGE_CURVE('',#8485,#8471,#8496,.T.);
#8496 = LINE('',#8497,#8498);
#8497 = CARTESIAN_POINT('',(-1.75,6.943795372366,0.211965784385));
#8498 = VECTOR('',#8499,1.);
#8499 = DIRECTION('',(1.,0.,0.));
#8500 = PLANE('',#8501);
#8501 = AXIS2_PLACEMENT_3D('',#8502,#8503,#8504);
#8502 = CARTESIAN_POINT('',(-8.673617379884E-16,7.127919999073,
    0.211965784385));
#8503 = DIRECTION('',(0.,0.,1.));
#8504 = DIRECTION('',(-1.,0.,0.));
#8505 = ADVANCED_FACE('',(#8506),#8519,.T.);
#8506 = FACE_BOUND('',#8507,.T.);
#8507 = EDGE_LOOP('',(#8508,#8515,#8516,#8517,#8518));
#8508 = ORIENTED_EDGE('',*,*,#8509,.F.);
#8509 = EDGE_CURVE('',#8485,#8471,#8510,.T.);
#8510 = CIRCLE('',#8511,1.24242486786);
#8511 = AXIS2_PLACEMENT_3D('',#8512,#8513,#8514);
#8512 = CARTESIAN_POINT('',(-1.75,6.943795372366,-0.1));
#8513 = DIRECTION('',(0.,1.,0.));
#8514 = DIRECTION('',(0.,0.,-1.));
#8515 = ORIENTED_EDGE('',*,*,#8484,.F.);
#8516 = ORIENTED_EDGE('',*,*,#8323,.T.);
#8517 = ORIENTED_EDGE('',*,*,#8332,.T.);
#8518 = ORIENTED_EDGE('',*,*,#8470,.F.);
#8519 = TOROIDAL_SURFACE('',#8520,1.240671809546,0.259328190454);
#8520 = AXIS2_PLACEMENT_3D('',#8521,#8522,#8523);
#8521 = CARTESIAN_POINT('',(-1.75,6.684473107316,-0.1));
#8522 = DIRECTION('',(0.,-1.,0.));
#8523 = DIRECTION('',(0.,0.,-1.));
#8524 = ADVANCED_FACE('',(#8525),#8537,.T.);
#8525 = FACE_BOUND('',#8526,.T.);
#8526 = EDGE_LOOP('',(#8527,#8534,#8535,#8536));
#8527 = ORIENTED_EDGE('',*,*,#8528,.F.);
#8528 = EDGE_CURVE('',#8384,#8420,#8529,.T.);
#8529 = CIRCLE('',#8530,1.24242486786);
#8530 = AXIS2_PLACEMENT_3D('',#8531,#8532,#8533);
#8531 = CARTESIAN_POINT('',(-1.75,6.943795372366,-0.1));
#8532 = DIRECTION('',(0.,1.,0.));
#8533 = DIRECTION('',(0.,0.,-1.));
#8534 = ORIENTED_EDGE('',*,*,#8383,.T.);
#8535 = ORIENTED_EDGE('',*,*,#8289,.T.);
#8536 = ORIENTED_EDGE('',*,*,#8419,.F.);
#8537 = TOROIDAL_SURFACE('',#8538,1.240671809546,0.259328190454);
#8538 = AXIS2_PLACEMENT_3D('',#8539,#8540,#8541);
#8539 = CARTESIAN_POINT('',(-1.75,6.684473107316,-0.1));
#8540 = DIRECTION('',(0.,-1.,0.));
#8541 = DIRECTION('',(0.,0.,-1.));
#8542 = ADVANCED_FACE('',(#8543),#8548,.F.);
#8543 = FACE_BOUND('',#8544,.T.);
#8544 = EDGE_LOOP('',(#8545,#8546,#8547));
#8545 = ORIENTED_EDGE('',*,*,#8392,.T.);
#8546 = ORIENTED_EDGE('',*,*,#8528,.T.);
#8547 = ORIENTED_EDGE('',*,*,#8439,.F.);
#8548 = PLANE('',#8549);
#8549 = AXIS2_PLACEMENT_3D('',#8550,#8551,#8552);
#8550 = CARTESIAN_POINT('',(-1.75,6.943795372366,1.14242486786));
#8551 = DIRECTION('',(0.,-1.,0.));
#8552 = DIRECTION('',(0.,0.,-1.));
#8553 = ADVANCED_FACE('',(#8554),#8558,.F.);
#8554 = FACE_BOUND('',#8555,.T.);
#8555 = EDGE_LOOP('',(#8556,#8557));
#8556 = ORIENTED_EDGE('',*,*,#8509,.T.);
#8557 = ORIENTED_EDGE('',*,*,#8495,.F.);
#8558 = PLANE('',#8559);
#8559 = AXIS2_PLACEMENT_3D('',#8560,#8561,#8562);
#8560 = CARTESIAN_POINT('',(-1.75,6.943795372366,1.14242486786));
#8561 = DIRECTION('',(0.,-1.,0.));
#8562 = DIRECTION('',(0.,0.,-1.));
#8563 = ADVANCED_FACE('',(#8564),#8660,.F.);
#8564 = FACE_BOUND('',#8565,.F.);
#8565 = EDGE_LOOP('',(#8566,#8567,#8568,#8575,#8584,#8592,#8601,#8609,
    #8618,#8627,#8635,#8644,#8652,#8659));
#8566 = ORIENTED_EDGE('',*,*,#7991,.T.);
#8567 = ORIENTED_EDGE('',*,*,#8002,.T.);
#8568 = ORIENTED_EDGE('',*,*,#8569,.T.);
#8569 = EDGE_CURVE('',#7992,#8570,#8572,.T.);
#8570 = VERTEX_POINT('',#8571);
#8571 = CARTESIAN_POINT('',(5.25,6.684473107316,-1.6));
#8572 = B_SPLINE_CURVE_WITH_KNOTS('',1,(#8573,#8574),.UNSPECIFIED.,.F.,
  .F.,(2,2),(-13.85427902053,-10.6224780501),.PIECEWISE_BEZIER_KNOTS.);
#8573 = CARTESIAN_POINT('',(5.25,8.4,-1.6));
#8574 = CARTESIAN_POINT('',(5.25,5.168199029567,-1.6));
#8575 = ORIENTED_EDGE('',*,*,#8576,.F.);
#8576 = EDGE_CURVE('',#8577,#8570,#8579,.T.);
#8577 = VERTEX_POINT('',#8578);
#8578 = CARTESIAN_POINT('',(3.782799485628,6.684473107316,
    -0.411965784385));
#8579 = CIRCLE('',#8580,1.5);
#8580 = AXIS2_PLACEMENT_3D('',#8581,#8582,#8583);
#8581 = CARTESIAN_POINT('',(5.25,6.684473107316,-0.1));
#8582 = DIRECTION('',(0.,-1.,0.));
#8583 = DIRECTION('',(0.,0.,-1.));
#8584 = ORIENTED_EDGE('',*,*,#8585,.F.);
#8585 = EDGE_CURVE('',#8586,#8577,#8588,.T.);
#8586 = VERTEX_POINT('',#8587);
#8587 = CARTESIAN_POINT('',(3.782799485628,6.328119964252,
    -0.411965784385));
#8588 = LINE('',#8589,#8590);
#8589 = CARTESIAN_POINT('',(3.782799485628,-5.454279020539,
    -0.411965784385));
#8590 = VECTOR('',#8591,1.);
#8591 = DIRECTION('',(0.,1.,0.));
#8592 = ORIENTED_EDGE('',*,*,#8593,.F.);
#8593 = EDGE_CURVE('',#8594,#8586,#8596,.T.);
#8594 = VERTEX_POINT('',#8595);
#8595 = CARTESIAN_POINT('',(3.782799485628,6.328119964252,0.211965784385
    ));
#8596 = CIRCLE('',#8597,1.5);
#8597 = AXIS2_PLACEMENT_3D('',#8598,#8599,#8600);
#8598 = CARTESIAN_POINT('',(5.25,6.328119964252,-0.1));
#8599 = DIRECTION('',(0.,-1.,0.));
#8600 = DIRECTION('',(0.,0.,-1.));
#8601 = ORIENTED_EDGE('',*,*,#8602,.F.);
#8602 = EDGE_CURVE('',#8603,#8594,#8605,.T.);
#8603 = VERTEX_POINT('',#8604);
#8604 = CARTESIAN_POINT('',(3.782799485628,6.684473107316,0.211965784385
    ));
#8605 = LINE('',#8606,#8607);
#8606 = CARTESIAN_POINT('',(3.782799485628,-5.454279020539,
    0.211965784385));
#8607 = VECTOR('',#8608,1.);
#8608 = DIRECTION('',(-0.,-1.,-0.));
#8609 = ORIENTED_EDGE('',*,*,#8610,.F.);
#8610 = EDGE_CURVE('',#8611,#8603,#8613,.T.);
#8611 = VERTEX_POINT('',#8612);
#8612 = CARTESIAN_POINT('',(5.25,6.684473107316,1.4));
#8613 = CIRCLE('',#8614,1.5);
#8614 = AXIS2_PLACEMENT_3D('',#8615,#8616,#8617);
#8615 = CARTESIAN_POINT('',(5.25,6.684473107316,-0.1));
#8616 = DIRECTION('',(0.,-1.,0.));
#8617 = DIRECTION('',(0.,0.,-1.));
#8618 = ORIENTED_EDGE('',*,*,#8619,.F.);
#8619 = EDGE_CURVE('',#8620,#8611,#8622,.T.);
#8620 = VERTEX_POINT('',#8621);
#8621 = CARTESIAN_POINT('',(6.717200514397,6.684473107311,0.211965784385
    ));
#8622 = CIRCLE('',#8623,1.5);
#8623 = AXIS2_PLACEMENT_3D('',#8624,#8625,#8626);
#8624 = CARTESIAN_POINT('',(5.25,6.684473107316,-0.1));
#8625 = DIRECTION('',(0.,-1.,0.));
#8626 = DIRECTION('',(0.,0.,-1.));
#8627 = ORIENTED_EDGE('',*,*,#8628,.F.);
#8628 = EDGE_CURVE('',#8629,#8620,#8631,.T.);
#8629 = VERTEX_POINT('',#8630);
#8630 = CARTESIAN_POINT('',(6.717200514372,6.328119964252,0.211965784385
    ));
#8631 = LINE('',#8632,#8633);
#8632 = CARTESIAN_POINT('',(6.717200514372,-5.454279020539,
    0.211965784385));
#8633 = VECTOR('',#8634,1.);
#8634 = DIRECTION('',(0.,1.,0.));
#8635 = ORIENTED_EDGE('',*,*,#8636,.F.);
#8636 = EDGE_CURVE('',#8637,#8629,#8639,.T.);
#8637 = VERTEX_POINT('',#8638);
#8638 = CARTESIAN_POINT('',(6.717200514372,6.328119964252,
    -0.411965784385));
#8639 = CIRCLE('',#8640,1.5);
#8640 = AXIS2_PLACEMENT_3D('',#8641,#8642,#8643);
#8641 = CARTESIAN_POINT('',(5.25,6.328119964252,-0.1));
#8642 = DIRECTION('',(0.,-1.,0.));
#8643 = DIRECTION('',(0.,0.,-1.));
#8644 = ORIENTED_EDGE('',*,*,#8645,.F.);
#8645 = EDGE_CURVE('',#8646,#8637,#8648,.T.);
#8646 = VERTEX_POINT('',#8647);
#8647 = CARTESIAN_POINT('',(6.717200514372,6.684473107316,
    -0.411965784385));
#8648 = LINE('',#8649,#8650);
#8649 = CARTESIAN_POINT('',(6.717200514372,-5.454279020539,
    -0.411965784385));
#8650 = VECTOR('',#8651,1.);
#8651 = DIRECTION('',(-0.,-1.,-0.));
#8652 = ORIENTED_EDGE('',*,*,#8653,.F.);
#8653 = EDGE_CURVE('',#8570,#8646,#8654,.T.);
#8654 = CIRCLE('',#8655,1.5);
#8655 = AXIS2_PLACEMENT_3D('',#8656,#8657,#8658);
#8656 = CARTESIAN_POINT('',(5.25,6.684473107316,-0.1));
#8657 = DIRECTION('',(0.,-1.,0.));
#8658 = DIRECTION('',(0.,0.,-1.));
#8659 = ORIENTED_EDGE('',*,*,#8569,.F.);
#8660 = CYLINDRICAL_SURFACE('',#8661,1.5);
#8661 = AXIS2_PLACEMENT_3D('',#8662,#8663,#8664);
#8662 = CARTESIAN_POINT('',(5.25,-5.454279020539,-0.1));
#8663 = DIRECTION('',(-0.,-1.,-0.));
#8664 = DIRECTION('',(0.,0.,-1.));
#8665 = ADVANCED_FACE('',(#8666),#8696,.T.);
#8666 = FACE_BOUND('',#8667,.T.);
#8667 = EDGE_LOOP('',(#8668,#8677,#8686,#8695));
#8668 = ORIENTED_EDGE('',*,*,#8669,.F.);
#8669 = EDGE_CURVE('',#8670,#8570,#8672,.T.);
#8670 = VERTEX_POINT('',#8671);
#8671 = CARTESIAN_POINT('',(5.25,6.943795372366,-1.34242486786));
#8672 = CIRCLE('',#8673,0.259328190454);
#8673 = AXIS2_PLACEMENT_3D('',#8674,#8675,#8676);
#8674 = CARTESIAN_POINT('',(5.25,6.684473107316,-1.340671809546));
#8675 = DIRECTION('',(-1.,0.,0.));
#8676 = DIRECTION('',(0.,0.,1.));
#8677 = ORIENTED_EDGE('',*,*,#8678,.T.);
#8678 = EDGE_CURVE('',#8670,#8679,#8681,.T.);
#8679 = VERTEX_POINT('',#8680);
#8680 = CARTESIAN_POINT('',(6.452620847004,6.943795372366,
    -0.411965784385));
#8681 = CIRCLE('',#8682,1.24242486786);
#8682 = AXIS2_PLACEMENT_3D('',#8683,#8684,#8685);
#8683 = CARTESIAN_POINT('',(5.25,6.943795372366,-0.1));
#8684 = DIRECTION('',(0.,-1.,0.));
#8685 = DIRECTION('',(0.,0.,-1.));
#8686 = ORIENTED_EDGE('',*,*,#8687,.T.);
#8687 = EDGE_CURVE('',#8679,#8646,#8688,.T.);
#8688 = B_SPLINE_CURVE_WITH_KNOTS('',3,(#8689,#8690,#8691,#8692,#8693,
    #8694),.UNSPECIFIED.,.F.,.F.,(4,2,4),(3.257835117292E-04,
    5.304060173026E-04,7.350285228761E-04),.UNSPECIFIED.);
#8689 = CARTESIAN_POINT('',(6.452620847004,6.943795372366,
    -0.411965784385));
#8690 = CARTESIAN_POINT('',(6.52089175852,6.94334863647,-0.411965784385)
  );
#8691 = CARTESIAN_POINT('',(6.589190829213,6.916439790391,
    -0.411965784385));
#8692 = CARTESIAN_POINT('',(6.68797943676,6.820938004173,-0.411965784385
    ));
#8693 = CARTESIAN_POINT('',(6.717200514372,6.753086065455,
    -0.411965784385));
#8694 = CARTESIAN_POINT('',(6.717200514372,6.684473107316,
    -0.411965784385));
#8695 = ORIENTED_EDGE('',*,*,#8653,.F.);
#8696 = TOROIDAL_SURFACE('',#8697,1.240671809546,0.259328190454);
#8697 = AXIS2_PLACEMENT_3D('',#8698,#8699,#8700);
#8698 = CARTESIAN_POINT('',(5.25,6.684473107316,-0.1));
#8699 = DIRECTION('',(-0.,-1.,-0.));
#8700 = DIRECTION('',(0.,0.,-1.));
#8701 = ADVANCED_FACE('',(#8702),#8730,.F.);
#8702 = FACE_BOUND('',#8703,.T.);
#8703 = EDGE_LOOP('',(#8704,#8705,#8713,#8722,#8723,#8729));
#8704 = ORIENTED_EDGE('',*,*,#8687,.F.);
#8705 = ORIENTED_EDGE('',*,*,#8706,.F.);
#8706 = EDGE_CURVE('',#8707,#8679,#8709,.T.);
#8707 = VERTEX_POINT('',#8708);
#8708 = CARTESIAN_POINT('',(4.047379152996,6.943795372366,
    -0.411965784385));
#8709 = LINE('',#8710,#8711);
#8710 = CARTESIAN_POINT('',(5.25,6.943795372366,-0.411965784385));
#8711 = VECTOR('',#8712,1.);
#8712 = DIRECTION('',(1.,0.,0.));
#8713 = ORIENTED_EDGE('',*,*,#8714,.F.);
#8714 = EDGE_CURVE('',#8577,#8707,#8715,.T.);
#8715 = B_SPLINE_CURVE_WITH_KNOTS('',3,(#8716,#8717,#8718,#8719,#8720,
    #8721),.UNSPECIFIED.,.F.,.F.,(4,2,4),(1.500281251994E-03,
    1.704690659222E-03,1.90910006645E-03),.UNSPECIFIED.);
#8716 = CARTESIAN_POINT('',(3.782799485628,6.684473107316,
    -0.411965784385));
#8717 = CARTESIAN_POINT('',(3.782799485628,6.753078242021,
    -0.411965784385));
#8718 = CARTESIAN_POINT('',(3.812409129827,6.82133317566,-0.411965784385
    ));
#8719 = CARTESIAN_POINT('',(3.91049818661,6.916119604593,-0.411965784385
    ));
#8720 = CARTESIAN_POINT('',(3.978534241714,6.943344880459,
    -0.411965784385));
#8721 = CARTESIAN_POINT('',(4.047379152996,6.943795372366,
    -0.411965784385));
#8722 = ORIENTED_EDGE('',*,*,#8585,.F.);
#8723 = ORIENTED_EDGE('',*,*,#8724,.T.);
#8724 = EDGE_CURVE('',#8586,#8637,#8725,.T.);
#8725 = LINE('',#8726,#8727);
#8726 = CARTESIAN_POINT('',(3.5,6.328119964252,-0.411965784385));
#8727 = VECTOR('',#8728,1.);
#8728 = DIRECTION('',(1.,0.,0.));
#8729 = ORIENTED_EDGE('',*,*,#8645,.F.);
#8730 = PLANE('',#8731);
#8731 = AXIS2_PLACEMENT_3D('',#8732,#8733,#8734);
#8732 = CARTESIAN_POINT('',(3.5,7.127919999073,-0.411965784385));
#8733 = DIRECTION('',(0.,0.,-1.));
#8734 = DIRECTION('',(-1.,0.,0.));
#8735 = ADVANCED_FACE('',(#8736),#8747,.F.);
#8736 = FACE_BOUND('',#8737,.T.);
#8737 = EDGE_LOOP('',(#8738,#8739,#8740,#8746));
#8738 = ORIENTED_EDGE('',*,*,#8724,.F.);
#8739 = ORIENTED_EDGE('',*,*,#8593,.F.);
#8740 = ORIENTED_EDGE('',*,*,#8741,.T.);
#8741 = EDGE_CURVE('',#8594,#8629,#8742,.T.);
#8742 = LINE('',#8743,#8744);
#8743 = CARTESIAN_POINT('',(3.5,6.328119964252,0.211965784385));
#8744 = VECTOR('',#8745,1.);
#8745 = DIRECTION('',(1.,0.,0.));
#8746 = ORIENTED_EDGE('',*,*,#8636,.F.);
#8747 = PLANE('',#8748);
#8748 = AXIS2_PLACEMENT_3D('',#8749,#8750,#8751);
#8749 = CARTESIAN_POINT('',(3.5,6.328119964252,-0.411965784385));
#8750 = DIRECTION('',(0.,-1.,0.));
#8751 = DIRECTION('',(0.,0.,-1.));
#8752 = ADVANCED_FACE('',(#8753),#8786,.F.);
#8753 = FACE_BOUND('',#8754,.T.);
#8754 = EDGE_LOOP('',(#8755,#8766,#8774,#8783,#8784,#8785));
#8755 = ORIENTED_EDGE('',*,*,#8756,.F.);
#8756 = EDGE_CURVE('',#8757,#8603,#8759,.T.);
#8757 = VERTEX_POINT('',#8758);
#8758 = CARTESIAN_POINT('',(4.047379152996,6.943795372366,0.211965784385
    ));
#8759 = B_SPLINE_CURVE_WITH_KNOTS('',3,(#8760,#8761,#8762,#8763,#8764,
    #8765),.UNSPECIFIED.,.F.,.F.,(4,2,4),(1.390221189591E-03,
    1.594804925275E-03,1.799388660959E-03),.UNSPECIFIED.);
#8760 = CARTESIAN_POINT('',(4.047379152996,6.943795372366,0.211965784385
    ));
#8761 = CARTESIAN_POINT('',(3.978838516656,6.943346871505,0.211965784385
    ));
#8762 = CARTESIAN_POINT('',(3.911083155924,6.91671081779,0.211965784385)
  );
#8763 = CARTESIAN_POINT('',(3.811722448338,6.82064364834,0.211965784385)
  );
#8764 = CARTESIAN_POINT('',(3.782799485628,6.752886577033,0.211965784385
    ));
#8765 = CARTESIAN_POINT('',(3.782799485628,6.684473107316,0.211965784385
    ));
#8766 = ORIENTED_EDGE('',*,*,#8767,.F.);
#8767 = EDGE_CURVE('',#8768,#8757,#8770,.T.);
#8768 = VERTEX_POINT('',#8769);
#8769 = CARTESIAN_POINT('',(6.452620847004,6.943795372366,0.211965784385
    ));
#8770 = LINE('',#8771,#8772);
#8771 = CARTESIAN_POINT('',(5.25,6.943795372366,0.211965784385));
#8772 = VECTOR('',#8773,1.);
#8773 = DIRECTION('',(-1.,0.,0.));
#8774 = ORIENTED_EDGE('',*,*,#8775,.F.);
#8775 = EDGE_CURVE('',#8620,#8768,#8776,.T.);
#8776 = B_SPLINE_CURVE_WITH_KNOTS('',3,(#8777,#8778,#8779,#8780,#8781,
    #8782),.UNSPECIFIED.,.F.,.F.,(4,2,4),(9.150906952608E-04,
    1.119767803223E-03,1.324444911185E-03),.UNSPECIFIED.);
#8777 = CARTESIAN_POINT('',(6.717200514397,6.684473107311,0.211965784385
    ));
#8778 = CARTESIAN_POINT('',(6.717200514373,6.752702288224,0.211965784385
    ));
#8779 = CARTESIAN_POINT('',(6.688042590865,6.820783603875,0.211965784385
    ));
#8780 = CARTESIAN_POINT('',(6.589495234753,6.916238512868,0.211965784385
    ));
#8781 = CARTESIAN_POINT('',(6.521326631674,6.943345790845,0.211965784385
    ));
#8782 = CARTESIAN_POINT('',(6.452620847004,6.943795372366,0.211965784385
    ));
#8783 = ORIENTED_EDGE('',*,*,#8628,.F.);
#8784 = ORIENTED_EDGE('',*,*,#8741,.F.);
#8785 = ORIENTED_EDGE('',*,*,#8602,.F.);
#8786 = PLANE('',#8787);
#8787 = AXIS2_PLACEMENT_3D('',#8788,#8789,#8790);
#8788 = CARTESIAN_POINT('',(3.5,7.127919999073,0.211965784385));
#8789 = DIRECTION('',(0.,0.,1.));
#8790 = DIRECTION('',(1.,0.,0.));
#8791 = ADVANCED_FACE('',(#8792),#8805,.T.);
#8792 = FACE_BOUND('',#8793,.T.);
#8793 = EDGE_LOOP('',(#8794,#8801,#8802,#8803,#8804));
#8794 = ORIENTED_EDGE('',*,*,#8795,.T.);
#8795 = EDGE_CURVE('',#8768,#8757,#8796,.T.);
#8796 = CIRCLE('',#8797,1.24242486786);
#8797 = AXIS2_PLACEMENT_3D('',#8798,#8799,#8800);
#8798 = CARTESIAN_POINT('',(5.25,6.943795372366,-0.1));
#8799 = DIRECTION('',(0.,-1.,0.));
#8800 = DIRECTION('',(0.,0.,-1.));
#8801 = ORIENTED_EDGE('',*,*,#8756,.T.);
#8802 = ORIENTED_EDGE('',*,*,#8610,.F.);
#8803 = ORIENTED_EDGE('',*,*,#8619,.F.);
#8804 = ORIENTED_EDGE('',*,*,#8775,.T.);
#8805 = TOROIDAL_SURFACE('',#8806,1.240671809546,0.259328190454);
#8806 = AXIS2_PLACEMENT_3D('',#8807,#8808,#8809);
#8807 = CARTESIAN_POINT('',(5.25,6.684473107316,-0.1));
#8808 = DIRECTION('',(-0.,-1.,-0.));
#8809 = DIRECTION('',(0.,0.,-1.));
#8810 = ADVANCED_FACE('',(#8811),#8823,.T.);
#8811 = FACE_BOUND('',#8812,.T.);
#8812 = EDGE_LOOP('',(#8813,#8820,#8821,#8822));
#8813 = ORIENTED_EDGE('',*,*,#8814,.T.);
#8814 = EDGE_CURVE('',#8707,#8670,#8815,.T.);
#8815 = CIRCLE('',#8816,1.24242486786);
#8816 = AXIS2_PLACEMENT_3D('',#8817,#8818,#8819);
#8817 = CARTESIAN_POINT('',(5.25,6.943795372366,-0.1));
#8818 = DIRECTION('',(0.,-1.,0.));
#8819 = DIRECTION('',(0.,0.,-1.));
#8820 = ORIENTED_EDGE('',*,*,#8669,.T.);
#8821 = ORIENTED_EDGE('',*,*,#8576,.F.);
#8822 = ORIENTED_EDGE('',*,*,#8714,.T.);
#8823 = TOROIDAL_SURFACE('',#8824,1.240671809546,0.259328190454);
#8824 = AXIS2_PLACEMENT_3D('',#8825,#8826,#8827);
#8825 = CARTESIAN_POINT('',(5.25,6.684473107316,-0.1));
#8826 = DIRECTION('',(-0.,-1.,-0.));
#8827 = DIRECTION('',(0.,0.,-1.));
#8828 = ADVANCED_FACE('',(#8829),#8834,.F.);
#8829 = FACE_BOUND('',#8830,.T.);
#8830 = EDGE_LOOP('',(#8831,#8832,#8833));
#8831 = ORIENTED_EDGE('',*,*,#8814,.F.);
#8832 = ORIENTED_EDGE('',*,*,#8706,.T.);
#8833 = ORIENTED_EDGE('',*,*,#8678,.F.);
#8834 = PLANE('',#8835);
#8835 = AXIS2_PLACEMENT_3D('',#8836,#8837,#8838);
#8836 = CARTESIAN_POINT('',(5.25,6.943795372366,1.14242486786));
#8837 = DIRECTION('',(0.,-1.,0.));
#8838 = DIRECTION('',(0.,0.,-1.));
#8839 = ADVANCED_FACE('',(#8840),#8844,.F.);
#8840 = FACE_BOUND('',#8841,.T.);
#8841 = EDGE_LOOP('',(#8842,#8843));
#8842 = ORIENTED_EDGE('',*,*,#8795,.F.);
#8843 = ORIENTED_EDGE('',*,*,#8767,.T.);
#8844 = PLANE('',#8845);
#8845 = AXIS2_PLACEMENT_3D('',#8846,#8847,#8848);
#8846 = CARTESIAN_POINT('',(5.25,6.943795372366,1.14242486786));
#8847 = DIRECTION('',(0.,-1.,0.));
#8848 = DIRECTION('',(0.,0.,-1.));
#8849 = ADVANCED_FACE('',(#8850),#8946,.F.);
#8850 = FACE_BOUND('',#8851,.F.);
#8851 = EDGE_LOOP('',(#8852,#8859,#8860,#8861,#8862,#8871,#8879,#8888,
    #8896,#8905,#8914,#8922,#8931,#8939));
#8852 = ORIENTED_EDGE('',*,*,#8853,.F.);
#8853 = EDGE_CURVE('',#8012,#8854,#8856,.T.);
#8854 = VERTEX_POINT('',#8855);
#8855 = CARTESIAN_POINT('',(1.75,6.684473107316,-1.6));
#8856 = B_SPLINE_CURVE_WITH_KNOTS('',1,(#8857,#8858),.UNSPECIFIED.,.F.,
  .F.,(2,2),(-13.85427902053,-10.6224780501),.PIECEWISE_BEZIER_KNOTS.);
#8857 = CARTESIAN_POINT('',(1.75,8.4,-1.6));
#8858 = CARTESIAN_POINT('',(1.75,5.168199029567,-1.6));
#8859 = ORIENTED_EDGE('',*,*,#8011,.T.);
#8860 = ORIENTED_EDGE('',*,*,#8022,.T.);
#8861 = ORIENTED_EDGE('',*,*,#8853,.T.);
#8862 = ORIENTED_EDGE('',*,*,#8863,.F.);
#8863 = EDGE_CURVE('',#8864,#8854,#8866,.T.);
#8864 = VERTEX_POINT('',#8865);
#8865 = CARTESIAN_POINT('',(0.282799485628,6.684473107316,
    -0.411965784385));
#8866 = CIRCLE('',#8867,1.5);
#8867 = AXIS2_PLACEMENT_3D('',#8868,#8869,#8870);
#8868 = CARTESIAN_POINT('',(1.75,6.684473107316,-0.1));
#8869 = DIRECTION('',(0.,-1.,0.));
#8870 = DIRECTION('',(0.,0.,-1.));
#8871 = ORIENTED_EDGE('',*,*,#8872,.F.);
#8872 = EDGE_CURVE('',#8873,#8864,#8875,.T.);
#8873 = VERTEX_POINT('',#8874);
#8874 = CARTESIAN_POINT('',(0.282799485628,6.328119964252,
    -0.411965784385));
#8875 = LINE('',#8876,#8877);
#8876 = CARTESIAN_POINT('',(0.282799485628,-5.454279020539,
    -0.411965784385));
#8877 = VECTOR('',#8878,1.);
#8878 = DIRECTION('',(0.,1.,0.));
#8879 = ORIENTED_EDGE('',*,*,#8880,.F.);
#8880 = EDGE_CURVE('',#8881,#8873,#8883,.T.);
#8881 = VERTEX_POINT('',#8882);
#8882 = CARTESIAN_POINT('',(0.282799485628,6.328119964252,0.211965784385
    ));
#8883 = CIRCLE('',#8884,1.5);
#8884 = AXIS2_PLACEMENT_3D('',#8885,#8886,#8887);
#8885 = CARTESIAN_POINT('',(1.75,6.328119964252,-0.1));
#8886 = DIRECTION('',(0.,-1.,0.));
#8887 = DIRECTION('',(0.,0.,-1.));
#8888 = ORIENTED_EDGE('',*,*,#8889,.F.);
#8889 = EDGE_CURVE('',#8890,#8881,#8892,.T.);
#8890 = VERTEX_POINT('',#8891);
#8891 = CARTESIAN_POINT('',(0.282799485611,6.684473107313,0.211965784385
    ));
#8892 = LINE('',#8893,#8894);
#8893 = CARTESIAN_POINT('',(0.282799485628,-5.454279020539,
    0.211965784385));
#8894 = VECTOR('',#8895,1.);
#8895 = DIRECTION('',(-0.,-1.,-0.));
#8896 = ORIENTED_EDGE('',*,*,#8897,.F.);
#8897 = EDGE_CURVE('',#8898,#8890,#8900,.T.);
#8898 = VERTEX_POINT('',#8899);
#8899 = CARTESIAN_POINT('',(1.75,6.684473107316,1.4));
#8900 = CIRCLE('',#8901,1.5);
#8901 = AXIS2_PLACEMENT_3D('',#8902,#8903,#8904);
#8902 = CARTESIAN_POINT('',(1.75,6.684473107316,-0.1));
#8903 = DIRECTION('',(0.,-1.,0.));
#8904 = DIRECTION('',(0.,0.,-1.));
#8905 = ORIENTED_EDGE('',*,*,#8906,.F.);
#8906 = EDGE_CURVE('',#8907,#8898,#8909,.T.);
#8907 = VERTEX_POINT('',#8908);
#8908 = CARTESIAN_POINT('',(3.217200514389,6.684473107313,0.211965784385
    ));
#8909 = CIRCLE('',#8910,1.5);
#8910 = AXIS2_PLACEMENT_3D('',#8911,#8912,#8913);
#8911 = CARTESIAN_POINT('',(1.75,6.684473107316,-0.1));
#8912 = DIRECTION('',(0.,-1.,0.));
#8913 = DIRECTION('',(0.,0.,-1.));
#8914 = ORIENTED_EDGE('',*,*,#8915,.F.);
#8915 = EDGE_CURVE('',#8916,#8907,#8918,.T.);
#8916 = VERTEX_POINT('',#8917);
#8917 = CARTESIAN_POINT('',(3.217200514372,6.328119964252,0.211965784385
    ));
#8918 = LINE('',#8919,#8920);
#8919 = CARTESIAN_POINT('',(3.217200514372,-5.454279020539,
    0.211965784385));
#8920 = VECTOR('',#8921,1.);
#8921 = DIRECTION('',(0.,1.,0.));
#8922 = ORIENTED_EDGE('',*,*,#8923,.F.);
#8923 = EDGE_CURVE('',#8924,#8916,#8926,.T.);
#8924 = VERTEX_POINT('',#8925);
#8925 = CARTESIAN_POINT('',(3.217200514372,6.328119964252,
    -0.411965784385));
#8926 = CIRCLE('',#8927,1.5);
#8927 = AXIS2_PLACEMENT_3D('',#8928,#8929,#8930);
#8928 = CARTESIAN_POINT('',(1.75,6.328119964252,-0.1));
#8929 = DIRECTION('',(0.,-1.,0.));
#8930 = DIRECTION('',(0.,0.,-1.));
#8931 = ORIENTED_EDGE('',*,*,#8932,.F.);
#8932 = EDGE_CURVE('',#8933,#8924,#8935,.T.);
#8933 = VERTEX_POINT('',#8934);
#8934 = CARTESIAN_POINT('',(3.217200514372,6.684473107316,
    -0.411965784385));
#8935 = LINE('',#8936,#8937);
#8936 = CARTESIAN_POINT('',(3.217200514372,-5.454279020539,
    -0.411965784385));
#8937 = VECTOR('',#8938,1.);
#8938 = DIRECTION('',(-0.,-1.,-0.));
#8939 = ORIENTED_EDGE('',*,*,#8940,.F.);
#8940 = EDGE_CURVE('',#8854,#8933,#8941,.T.);
#8941 = CIRCLE('',#8942,1.5);
#8942 = AXIS2_PLACEMENT_3D('',#8943,#8944,#8945);
#8943 = CARTESIAN_POINT('',(1.75,6.684473107316,-0.1));
#8944 = DIRECTION('',(0.,-1.,0.));
#8945 = DIRECTION('',(0.,0.,-1.));
#8946 = CYLINDRICAL_SURFACE('',#8947,1.5);
#8947 = AXIS2_PLACEMENT_3D('',#8948,#8949,#8950);
#8948 = CARTESIAN_POINT('',(1.75,-5.454279020539,-0.1));
#8949 = DIRECTION('',(-0.,-1.,-0.));
#8950 = DIRECTION('',(0.,0.,-1.));
#8951 = ADVANCED_FACE('',(#8952),#8982,.T.);
#8952 = FACE_BOUND('',#8953,.T.);
#8953 = EDGE_LOOP('',(#8954,#8963,#8972,#8981));
#8954 = ORIENTED_EDGE('',*,*,#8955,.F.);
#8955 = EDGE_CURVE('',#8956,#8854,#8958,.T.);
#8956 = VERTEX_POINT('',#8957);
#8957 = CARTESIAN_POINT('',(1.75,6.943795372366,-1.34242486786));
#8958 = CIRCLE('',#8959,0.259328190454);
#8959 = AXIS2_PLACEMENT_3D('',#8960,#8961,#8962);
#8960 = CARTESIAN_POINT('',(1.75,6.684473107316,-1.340671809546));
#8961 = DIRECTION('',(-1.,0.,0.));
#8962 = DIRECTION('',(0.,0.,1.));
#8963 = ORIENTED_EDGE('',*,*,#8964,.T.);
#8964 = EDGE_CURVE('',#8956,#8965,#8967,.T.);
#8965 = VERTEX_POINT('',#8966);
#8966 = CARTESIAN_POINT('',(2.952620847004,6.943795372366,
    -0.411965784385));
#8967 = CIRCLE('',#8968,1.24242486786);
#8968 = AXIS2_PLACEMENT_3D('',#8969,#8970,#8971);
#8969 = CARTESIAN_POINT('',(1.75,6.943795372366,-0.1));
#8970 = DIRECTION('',(0.,-1.,0.));
#8971 = DIRECTION('',(0.,0.,-1.));
#8972 = ORIENTED_EDGE('',*,*,#8973,.T.);
#8973 = EDGE_CURVE('',#8965,#8933,#8974,.T.);
#8974 = B_SPLINE_CURVE_WITH_KNOTS('',3,(#8975,#8976,#8977,#8978,#8979,
    #8980),.UNSPECIFIED.,.F.,.F.,(4,2,4),(3.257835117292E-04,
    5.304060173026E-04,7.350285228761E-04),.UNSPECIFIED.);
#8975 = CARTESIAN_POINT('',(2.952620847004,6.943795372366,
    -0.411965784385));
#8976 = CARTESIAN_POINT('',(3.02089175852,6.94334863647,-0.411965784385)
  );
#8977 = CARTESIAN_POINT('',(3.089190829213,6.916439790391,
    -0.411965784385));
#8978 = CARTESIAN_POINT('',(3.18797943676,6.820938004173,-0.411965784385
    ));
#8979 = CARTESIAN_POINT('',(3.217200514372,6.753086065455,
    -0.411965784385));
#8980 = CARTESIAN_POINT('',(3.217200514372,6.684473107316,
    -0.411965784385));
#8981 = ORIENTED_EDGE('',*,*,#8940,.F.);
#8982 = TOROIDAL_SURFACE('',#8983,1.240671809546,0.259328190454);
#8983 = AXIS2_PLACEMENT_3D('',#8984,#8985,#8986);
#8984 = CARTESIAN_POINT('',(1.75,6.684473107316,-0.1));
#8985 = DIRECTION('',(-0.,-1.,-0.));
#8986 = DIRECTION('',(0.,0.,-1.));
#8987 = ADVANCED_FACE('',(#8988),#9016,.F.);
#8988 = FACE_BOUND('',#8989,.T.);
#8989 = EDGE_LOOP('',(#8990,#8991,#8999,#9008,#9009,#9015));
#8990 = ORIENTED_EDGE('',*,*,#8973,.F.);
#8991 = ORIENTED_EDGE('',*,*,#8992,.F.);
#8992 = EDGE_CURVE('',#8993,#8965,#8995,.T.);
#8993 = VERTEX_POINT('',#8994);
#8994 = CARTESIAN_POINT('',(0.547379152996,6.943795372366,
    -0.411965784385));
#8995 = LINE('',#8996,#8997);
#8996 = CARTESIAN_POINT('',(1.75,6.943795372366,-0.411965784385));
#8997 = VECTOR('',#8998,1.);
#8998 = DIRECTION('',(1.,0.,0.));
#8999 = ORIENTED_EDGE('',*,*,#9000,.F.);
#9000 = EDGE_CURVE('',#8864,#8993,#9001,.T.);
#9001 = B_SPLINE_CURVE_WITH_KNOTS('',3,(#9002,#9003,#9004,#9005,#9006,
    #9007),.UNSPECIFIED.,.F.,.F.,(4,2,4),(1.500281251994E-03,
    1.704690659222E-03,1.90910006645E-03),.UNSPECIFIED.);
#9002 = CARTESIAN_POINT('',(0.282799485628,6.684473107316,
    -0.411965784385));
#9003 = CARTESIAN_POINT('',(0.282799485628,6.753078242021,
    -0.411965784385));
#9004 = CARTESIAN_POINT('',(0.312409129827,6.82133317566,-0.411965784385
    ));
#9005 = CARTESIAN_POINT('',(0.41049818661,6.916119604593,-0.411965784385
    ));
#9006 = CARTESIAN_POINT('',(0.478534241714,6.943344880459,
    -0.411965784385));
#9007 = CARTESIAN_POINT('',(0.547379152996,6.943795372366,
    -0.411965784385));
#9008 = ORIENTED_EDGE('',*,*,#8872,.F.);
#9009 = ORIENTED_EDGE('',*,*,#9010,.T.);
#9010 = EDGE_CURVE('',#8873,#8924,#9011,.T.);
#9011 = LINE('',#9012,#9013);
#9012 = CARTESIAN_POINT('',(8.673617379884E-16,6.328119964252,
    -0.411965784385));
#9013 = VECTOR('',#9014,1.);
#9014 = DIRECTION('',(1.,0.,0.));
#9015 = ORIENTED_EDGE('',*,*,#8932,.F.);
#9016 = PLANE('',#9017);
#9017 = AXIS2_PLACEMENT_3D('',#9018,#9019,#9020);
#9018 = CARTESIAN_POINT('',(8.673617379884E-16,7.127919999073,
    -0.411965784385));
#9019 = DIRECTION('',(0.,0.,-1.));
#9020 = DIRECTION('',(-1.,0.,0.));
#9021 = ADVANCED_FACE('',(#9022),#9033,.F.);
#9022 = FACE_BOUND('',#9023,.T.);
#9023 = EDGE_LOOP('',(#9024,#9025,#9026,#9032));
#9024 = ORIENTED_EDGE('',*,*,#9010,.F.);
#9025 = ORIENTED_EDGE('',*,*,#8880,.F.);
#9026 = ORIENTED_EDGE('',*,*,#9027,.T.);
#9027 = EDGE_CURVE('',#8881,#8916,#9028,.T.);
#9028 = LINE('',#9029,#9030);
#9029 = CARTESIAN_POINT('',(8.673617379884E-16,6.328119964252,
    0.211965784385));
#9030 = VECTOR('',#9031,1.);
#9031 = DIRECTION('',(1.,0.,0.));
#9032 = ORIENTED_EDGE('',*,*,#8923,.F.);
#9033 = PLANE('',#9034);
#9034 = AXIS2_PLACEMENT_3D('',#9035,#9036,#9037);
#9035 = CARTESIAN_POINT('',(8.673617379884E-16,6.328119964252,
    -0.411965784385));
#9036 = DIRECTION('',(0.,-1.,0.));
#9037 = DIRECTION('',(0.,0.,-1.));
#9038 = ADVANCED_FACE('',(#9039),#9072,.F.);
#9039 = FACE_BOUND('',#9040,.T.);
#9040 = EDGE_LOOP('',(#9041,#9052,#9060,#9069,#9070,#9071));
#9041 = ORIENTED_EDGE('',*,*,#9042,.F.);
#9042 = EDGE_CURVE('',#9043,#8890,#9045,.T.);
#9043 = VERTEX_POINT('',#9044);
#9044 = CARTESIAN_POINT('',(0.547379152996,6.943795372366,0.211965784385
    ));
#9045 = B_SPLINE_CURVE_WITH_KNOTS('',3,(#9046,#9047,#9048,#9049,#9050,
    #9051),.UNSPECIFIED.,.F.,.F.,(4,2,4),(1.390221189591E-03,
    1.594804925275E-03,1.799388660959E-03),.UNSPECIFIED.);
#9046 = CARTESIAN_POINT('',(0.547379152996,6.943795372366,0.211965784385
    ));
#9047 = CARTESIAN_POINT('',(0.478838516656,6.943346871505,0.211965784385
    ));
#9048 = CARTESIAN_POINT('',(0.411083155924,6.91671081779,0.211965784385)
  );
#9049 = CARTESIAN_POINT('',(0.311722448338,6.82064364834,0.211965784385)
  );
#9050 = CARTESIAN_POINT('',(0.282799485628,6.752886577033,0.211965784385
    ));
#9051 = CARTESIAN_POINT('',(0.282799485628,6.684473107316,0.211965784385
    ));
#9052 = ORIENTED_EDGE('',*,*,#9053,.F.);
#9053 = EDGE_CURVE('',#9054,#9043,#9056,.T.);
#9054 = VERTEX_POINT('',#9055);
#9055 = CARTESIAN_POINT('',(2.952620847004,6.943795372366,0.211965784385
    ));
#9056 = LINE('',#9057,#9058);
#9057 = CARTESIAN_POINT('',(1.75,6.943795372366,0.211965784385));
#9058 = VECTOR('',#9059,1.);
#9059 = DIRECTION('',(-1.,0.,0.));
#9060 = ORIENTED_EDGE('',*,*,#9061,.F.);
#9061 = EDGE_CURVE('',#8907,#9054,#9062,.T.);
#9062 = B_SPLINE_CURVE_WITH_KNOTS('',3,(#9063,#9064,#9065,#9066,#9067,
    #9068),.UNSPECIFIED.,.F.,.F.,(4,2,4),(9.150906952608E-04,
    1.119767803223E-03,1.324444911185E-03),.UNSPECIFIED.);
#9063 = CARTESIAN_POINT('',(3.217200514397,6.684473107311,0.211965784385
    ));
#9064 = CARTESIAN_POINT('',(3.217200514373,6.752702288224,0.211965784385
    ));
#9065 = CARTESIAN_POINT('',(3.188042590865,6.820783603875,0.211965784385
    ));
#9066 = CARTESIAN_POINT('',(3.089495234753,6.916238512868,0.211965784385
    ));
#9067 = CARTESIAN_POINT('',(3.021326631674,6.943345790845,0.211965784385
    ));
#9068 = CARTESIAN_POINT('',(2.952620847004,6.943795372366,0.211965784385
    ));
#9069 = ORIENTED_EDGE('',*,*,#8915,.F.);
#9070 = ORIENTED_EDGE('',*,*,#9027,.F.);
#9071 = ORIENTED_EDGE('',*,*,#8889,.F.);
#9072 = PLANE('',#9073);
#9073 = AXIS2_PLACEMENT_3D('',#9074,#9075,#9076);
#9074 = CARTESIAN_POINT('',(8.673617379884E-16,7.127919999073,
    0.211965784385));
#9075 = DIRECTION('',(0.,0.,1.));
#9076 = DIRECTION('',(1.,0.,0.));
#9077 = ADVANCED_FACE('',(#9078),#9091,.T.);
#9078 = FACE_BOUND('',#9079,.T.);
#9079 = EDGE_LOOP('',(#9080,#9087,#9088,#9089,#9090));
#9080 = ORIENTED_EDGE('',*,*,#9081,.T.);
#9081 = EDGE_CURVE('',#9054,#9043,#9082,.T.);
#9082 = CIRCLE('',#9083,1.24242486786);
#9083 = AXIS2_PLACEMENT_3D('',#9084,#9085,#9086);
#9084 = CARTESIAN_POINT('',(1.75,6.943795372366,-0.1));
#9085 = DIRECTION('',(0.,-1.,0.));
#9086 = DIRECTION('',(0.,0.,-1.));
#9087 = ORIENTED_EDGE('',*,*,#9042,.T.);
#9088 = ORIENTED_EDGE('',*,*,#8897,.F.);
#9089 = ORIENTED_EDGE('',*,*,#8906,.F.);
#9090 = ORIENTED_EDGE('',*,*,#9061,.T.);
#9091 = TOROIDAL_SURFACE('',#9092,1.240671809546,0.259328190454);
#9092 = AXIS2_PLACEMENT_3D('',#9093,#9094,#9095);
#9093 = CARTESIAN_POINT('',(1.75,6.684473107316,-0.1));
#9094 = DIRECTION('',(-0.,-1.,-0.));
#9095 = DIRECTION('',(0.,0.,-1.));
#9096 = ADVANCED_FACE('',(#9097),#9109,.T.);
#9097 = FACE_BOUND('',#9098,.T.);
#9098 = EDGE_LOOP('',(#9099,#9106,#9107,#9108));
#9099 = ORIENTED_EDGE('',*,*,#9100,.T.);
#9100 = EDGE_CURVE('',#8993,#8956,#9101,.T.);
#9101 = CIRCLE('',#9102,1.24242486786);
#9102 = AXIS2_PLACEMENT_3D('',#9103,#9104,#9105);
#9103 = CARTESIAN_POINT('',(1.75,6.943795372366,-0.1));
#9104 = DIRECTION('',(0.,-1.,0.));
#9105 = DIRECTION('',(0.,0.,-1.));
#9106 = ORIENTED_EDGE('',*,*,#8955,.T.);
#9107 = ORIENTED_EDGE('',*,*,#8863,.F.);
#9108 = ORIENTED_EDGE('',*,*,#9000,.T.);
#9109 = TOROIDAL_SURFACE('',#9110,1.240671809546,0.259328190454);
#9110 = AXIS2_PLACEMENT_3D('',#9111,#9112,#9113);
#9111 = CARTESIAN_POINT('',(1.75,6.684473107316,-0.1));
#9112 = DIRECTION('',(-0.,-1.,-0.));
#9113 = DIRECTION('',(0.,0.,-1.));
#9114 = ADVANCED_FACE('',(#9115),#9120,.F.);
#9115 = FACE_BOUND('',#9116,.T.);
#9116 = EDGE_LOOP('',(#9117,#9118,#9119));
#9117 = ORIENTED_EDGE('',*,*,#9100,.F.);
#9118 = ORIENTED_EDGE('',*,*,#8992,.T.);
#9119 = ORIENTED_EDGE('',*,*,#8964,.F.);
#9120 = PLANE('',#9121);
#9121 = AXIS2_PLACEMENT_3D('',#9122,#9123,#9124);
#9122 = CARTESIAN_POINT('',(1.75,6.943795372366,1.14242486786));
#9123 = DIRECTION('',(0.,-1.,0.));
#9124 = DIRECTION('',(0.,0.,-1.));
#9125 = ADVANCED_FACE('',(#9126),#9130,.F.);
#9126 = FACE_BOUND('',#9127,.T.);
#9127 = EDGE_LOOP('',(#9128,#9129));
#9128 = ORIENTED_EDGE('',*,*,#9081,.F.);
#9129 = ORIENTED_EDGE('',*,*,#9053,.T.);
#9130 = PLANE('',#9131);
#9131 = AXIS2_PLACEMENT_3D('',#9132,#9133,#9134);
#9132 = CARTESIAN_POINT('',(1.75,6.943795372366,1.14242486786));
#9133 = DIRECTION('',(0.,-1.,0.));
#9134 = DIRECTION('',(0.,0.,-1.));
#9135 = ADVANCED_FACE('',(#9136),#9161,.F.);
#9136 = FACE_BOUND('',#9137,.T.);
#9137 = EDGE_LOOP('',(#9138,#9146,#9147,#9155));
#9138 = ORIENTED_EDGE('',*,*,#9139,.F.);
#9139 = EDGE_CURVE('',#8034,#9140,#9142,.T.);
#9140 = VERTEX_POINT('',#9141);
#9141 = CARTESIAN_POINT('',(-3.175,5.15,-2.09));
#9142 = LINE('',#9143,#9144);
#9143 = CARTESIAN_POINT('',(-3.175,8.4,-2.09));
#9144 = VECTOR('',#9145,1.);
#9145 = DIRECTION('',(-0.,-1.,-1.334402673828E-16));
#9146 = ORIENTED_EDGE('',*,*,#8031,.F.);
#9147 = ORIENTED_EDGE('',*,*,#9148,.T.);
#9148 = EDGE_CURVE('',#8032,#9149,#9151,.T.);
#9149 = VERTEX_POINT('',#9150);
#9150 = CARTESIAN_POINT('',(-0.325,5.15,-2.09));
#9151 = LINE('',#9152,#9153);
#9152 = CARTESIAN_POINT('',(-0.325,8.4,-2.09));
#9153 = VECTOR('',#9154,1.);
#9154 = DIRECTION('',(-0.,-1.,-1.334402673828E-16));
#9155 = ORIENTED_EDGE('',*,*,#9156,.T.);
#9156 = EDGE_CURVE('',#9149,#9140,#9157,.T.);
#9157 = LINE('',#9158,#9159);
#9158 = CARTESIAN_POINT('',(-0.325,5.15,-2.09));
#9159 = VECTOR('',#9160,1.);
#9160 = DIRECTION('',(-1.,0.,0.));
#9161 = PLANE('',#9162);
#9162 = AXIS2_PLACEMENT_3D('',#9163,#9164,#9165);
#9163 = CARTESIAN_POINT('',(-0.325,8.4,-2.09));
#9164 = DIRECTION('',(0.,-1.334402673828E-16,1.));
#9165 = DIRECTION('',(-0.,-1.,-1.334402673828E-16));
#9166 = ADVANCED_FACE('',(#9167),#9185,.T.);
#9167 = FACE_BOUND('',#9168,.T.);
#9168 = EDGE_LOOP('',(#9169,#9170,#9171,#9179));
#9169 = ORIENTED_EDGE('',*,*,#9148,.F.);
#9170 = ORIENTED_EDGE('',*,*,#8057,.F.);
#9171 = ORIENTED_EDGE('',*,*,#9172,.F.);
#9172 = EDGE_CURVE('',#9173,#8050,#9175,.T.);
#9173 = VERTEX_POINT('',#9174);
#9174 = CARTESIAN_POINT('',(-0.325,5.15,-2.94));
#9175 = LINE('',#9176,#9177);
#9176 = CARTESIAN_POINT('',(-0.325,8.4,-2.94));
#9177 = VECTOR('',#9178,1.);
#9178 = DIRECTION('',(0.,1.,1.334402673828E-16));
#9179 = ORIENTED_EDGE('',*,*,#9180,.F.);
#9180 = EDGE_CURVE('',#9149,#9173,#9181,.T.);
#9181 = LINE('',#9182,#9183);
#9182 = CARTESIAN_POINT('',(-0.325,5.15,-2.09));
#9183 = VECTOR('',#9184,1.);
#9184 = DIRECTION('',(0.,0.,-1.));
#9185 = PLANE('',#9186);
#9186 = AXIS2_PLACEMENT_3D('',#9187,#9188,#9189);
#9187 = CARTESIAN_POINT('',(-0.325,0.,0.));
#9188 = DIRECTION('',(-1.,0.,0.));
#9189 = DIRECTION('',(0.,0.,-1.));
#9190 = ADVANCED_FACE('',(#9191),#9209,.F.);
#9191 = FACE_BOUND('',#9192,.T.);
#9192 = EDGE_LOOP('',(#9193,#9194,#9202,#9208));
#9193 = ORIENTED_EDGE('',*,*,#9139,.T.);
#9194 = ORIENTED_EDGE('',*,*,#9195,.T.);
#9195 = EDGE_CURVE('',#9140,#9196,#9198,.T.);
#9196 = VERTEX_POINT('',#9197);
#9197 = CARTESIAN_POINT('',(-3.175,5.15,-2.94));
#9198 = LINE('',#9199,#9200);
#9199 = CARTESIAN_POINT('',(-3.175,5.15,-2.09));
#9200 = VECTOR('',#9201,1.);
#9201 = DIRECTION('',(0.,0.,-1.));
#9202 = ORIENTED_EDGE('',*,*,#9203,.T.);
#9203 = EDGE_CURVE('',#9196,#8042,#9204,.T.);
#9204 = LINE('',#9205,#9206);
#9205 = CARTESIAN_POINT('',(-3.175,8.4,-2.94));
#9206 = VECTOR('',#9207,1.);
#9207 = DIRECTION('',(0.,1.,1.334402673828E-16));
#9208 = ORIENTED_EDGE('',*,*,#8041,.T.);
#9209 = PLANE('',#9210);
#9210 = AXIS2_PLACEMENT_3D('',#9211,#9212,#9213);
#9211 = CARTESIAN_POINT('',(-3.175,0.,0.));
#9212 = DIRECTION('',(-1.,0.,0.));
#9213 = DIRECTION('',(0.,0.,-1.));
#9214 = ADVANCED_FACE('',(#9215),#9226,.F.);
#9215 = FACE_BOUND('',#9216,.T.);
#9216 = EDGE_LOOP('',(#9217,#9218,#9224,#9225));
#9217 = ORIENTED_EDGE('',*,*,#9203,.F.);
#9218 = ORIENTED_EDGE('',*,*,#9219,.F.);
#9219 = EDGE_CURVE('',#9173,#9196,#9220,.T.);
#9220 = LINE('',#9221,#9222);
#9221 = CARTESIAN_POINT('',(-0.325,5.15,-2.94));
#9222 = VECTOR('',#9223,1.);
#9223 = DIRECTION('',(-1.,0.,0.));
#9224 = ORIENTED_EDGE('',*,*,#9172,.T.);
#9225 = ORIENTED_EDGE('',*,*,#8049,.T.);
#9226 = PLANE('',#9227);
#9227 = AXIS2_PLACEMENT_3D('',#9228,#9229,#9230);
#9228 = CARTESIAN_POINT('',(-0.325,8.4,-2.94));
#9229 = DIRECTION('',(0.,1.334402673828E-16,-1.));
#9230 = DIRECTION('',(0.,1.,1.334402673828E-16));
#9231 = ADVANCED_FACE('',(#9232),#9238,.F.);
#9232 = FACE_BOUND('',#9233,.T.);
#9233 = EDGE_LOOP('',(#9234,#9235,#9236,#9237));
#9234 = ORIENTED_EDGE('',*,*,#9195,.F.);
#9235 = ORIENTED_EDGE('',*,*,#9156,.F.);
#9236 = ORIENTED_EDGE('',*,*,#9180,.T.);
#9237 = ORIENTED_EDGE('',*,*,#9219,.T.);
#9238 = PLANE('',#9239);
#9239 = AXIS2_PLACEMENT_3D('',#9240,#9241,#9242);
#9240 = CARTESIAN_POINT('',(-0.325,5.15,-2.09));
#9241 = DIRECTION('',(0.,-1.,0.));
#9242 = DIRECTION('',(0.,0.,-1.));
#9243 = ADVANCED_FACE('',(#9244),#9269,.F.);
#9244 = FACE_BOUND('',#9245,.T.);
#9245 = EDGE_LOOP('',(#9246,#9254,#9262,#9268));
#9246 = ORIENTED_EDGE('',*,*,#9247,.T.);
#9247 = EDGE_CURVE('',#8068,#9248,#9250,.T.);
#9248 = VERTEX_POINT('',#9249);
#9249 = CARTESIAN_POINT('',(6.675,5.15,-2.09));
#9250 = LINE('',#9251,#9252);
#9251 = CARTESIAN_POINT('',(6.675,8.4,-2.09));
#9252 = VECTOR('',#9253,1.);
#9253 = DIRECTION('',(0.,-1.,-1.334402673828E-16));
#9254 = ORIENTED_EDGE('',*,*,#9255,.F.);
#9255 = EDGE_CURVE('',#9256,#9248,#9258,.T.);
#9256 = VERTEX_POINT('',#9257);
#9257 = CARTESIAN_POINT('',(3.825,5.15,-2.09));
#9258 = LINE('',#9259,#9260);
#9259 = CARTESIAN_POINT('',(3.825,5.15,-2.09));
#9260 = VECTOR('',#9261,1.);
#9261 = DIRECTION('',(1.,0.,0.));
#9262 = ORIENTED_EDGE('',*,*,#9263,.F.);
#9263 = EDGE_CURVE('',#8066,#9256,#9264,.T.);
#9264 = LINE('',#9265,#9266);
#9265 = CARTESIAN_POINT('',(3.825,8.4,-2.09));
#9266 = VECTOR('',#9267,1.);
#9267 = DIRECTION('',(0.,-1.,-1.334402673828E-16));
#9268 = ORIENTED_EDGE('',*,*,#8065,.T.);
#9269 = PLANE('',#9270);
#9270 = AXIS2_PLACEMENT_3D('',#9271,#9272,#9273);
#9271 = CARTESIAN_POINT('',(3.825,8.4,-2.09));
#9272 = DIRECTION('',(0.,-1.334402673828E-16,1.));
#9273 = DIRECTION('',(0.,-1.,-1.334402673828E-16));
#9274 = ADVANCED_FACE('',(#9275),#9309,.T.);
#9275 = FACE_BOUND('',#9276,.T.);
#9276 = EDGE_LOOP('',(#9277,#9278,#9279,#9287,#9295,#9303));
#9277 = ORIENTED_EDGE('',*,*,#8075,.T.);
#9278 = ORIENTED_EDGE('',*,*,#9263,.T.);
#9279 = ORIENTED_EDGE('',*,*,#9280,.T.);
#9280 = EDGE_CURVE('',#9256,#9281,#9283,.T.);
#9281 = VERTEX_POINT('',#9282);
#9282 = CARTESIAN_POINT('',(3.825,5.15,-2.256));
#9283 = LINE('',#9284,#9285);
#9284 = CARTESIAN_POINT('',(3.825,5.15,-2.09));
#9285 = VECTOR('',#9286,1.);
#9286 = DIRECTION('',(0.,0.,-1.));
#9287 = ORIENTED_EDGE('',*,*,#9288,.T.);
#9288 = EDGE_CURVE('',#9281,#9289,#9291,.T.);
#9289 = VERTEX_POINT('',#9290);
#9290 = CARTESIAN_POINT('',(3.825,5.411315037257,-2.256));
#9291 = LINE('',#9292,#9293);
#9292 = CARTESIAN_POINT('',(3.825,-0.430208288142,-2.256));
#9293 = VECTOR('',#9294,1.);
#9294 = DIRECTION('',(0.,1.,-0.));
#9295 = ORIENTED_EDGE('',*,*,#9296,.F.);
#9296 = EDGE_CURVE('',#9297,#9289,#9299,.T.);
#9297 = VERTEX_POINT('',#9298);
#9298 = CARTESIAN_POINT('',(3.825,5.411315037257,-2.94));
#9299 = LINE('',#9300,#9301);
#9300 = CARTESIAN_POINT('',(3.825,5.411315037257,0.));
#9301 = VECTOR('',#9302,1.);
#9302 = DIRECTION('',(-0.,0.,1.));
#9303 = ORIENTED_EDGE('',*,*,#9304,.T.);
#9304 = EDGE_CURVE('',#9297,#8076,#9305,.T.);
#9305 = LINE('',#9306,#9307);
#9306 = CARTESIAN_POINT('',(3.825,8.4,-2.94));
#9307 = VECTOR('',#9308,1.);
#9308 = DIRECTION('',(0.,1.,1.334402673828E-16));
#9309 = PLANE('',#9310);
#9310 = AXIS2_PLACEMENT_3D('',#9311,#9312,#9313);
#9311 = CARTESIAN_POINT('',(3.825,0.,0.));
#9312 = DIRECTION('',(1.,0.,0.));
#9313 = DIRECTION('',(0.,0.,-1.));
#9314 = ADVANCED_FACE('',(#9315),#9333,.F.);
#9315 = FACE_BOUND('',#9316,.T.);
#9316 = EDGE_LOOP('',(#9317,#9318,#9319,#9327));
#9317 = ORIENTED_EDGE('',*,*,#9247,.F.);
#9318 = ORIENTED_EDGE('',*,*,#8091,.F.);
#9319 = ORIENTED_EDGE('',*,*,#9320,.F.);
#9320 = EDGE_CURVE('',#9321,#8084,#9323,.T.);
#9321 = VERTEX_POINT('',#9322);
#9322 = CARTESIAN_POINT('',(6.675,5.15,-2.94));
#9323 = LINE('',#9324,#9325);
#9324 = CARTESIAN_POINT('',(6.675,8.4,-2.94));
#9325 = VECTOR('',#9326,1.);
#9326 = DIRECTION('',(0.,1.,1.334402673828E-16));
#9327 = ORIENTED_EDGE('',*,*,#9328,.F.);
#9328 = EDGE_CURVE('',#9248,#9321,#9329,.T.);
#9329 = LINE('',#9330,#9331);
#9330 = CARTESIAN_POINT('',(6.675,5.15,-2.09));
#9331 = VECTOR('',#9332,1.);
#9332 = DIRECTION('',(0.,0.,-1.));
#9333 = PLANE('',#9334);
#9334 = AXIS2_PLACEMENT_3D('',#9335,#9336,#9337);
#9335 = CARTESIAN_POINT('',(6.675,0.,0.));
#9336 = DIRECTION('',(1.,0.,0.));
#9337 = DIRECTION('',(0.,0.,-1.));
#9338 = ADVANCED_FACE('',(#9339),#9366,.F.);
#9339 = FACE_BOUND('',#9340,.F.);
#9340 = EDGE_LOOP('',(#9341,#9342,#9350,#9358,#9364,#9365));
#9341 = ORIENTED_EDGE('',*,*,#9320,.F.);
#9342 = ORIENTED_EDGE('',*,*,#9343,.F.);
#9343 = EDGE_CURVE('',#9344,#9321,#9346,.T.);
#9344 = VERTEX_POINT('',#9345);
#9345 = CARTESIAN_POINT('',(4.,5.15,-2.94));
#9346 = LINE('',#9347,#9348);
#9347 = CARTESIAN_POINT('',(3.825,5.15,-2.94));
#9348 = VECTOR('',#9349,1.);
#9349 = DIRECTION('',(1.,0.,0.));
#9350 = ORIENTED_EDGE('',*,*,#9351,.T.);
#9351 = EDGE_CURVE('',#9344,#9352,#9354,.T.);
#9352 = VERTEX_POINT('',#9353);
#9353 = CARTESIAN_POINT('',(4.,5.411315037257,-2.94));
#9354 = LINE('',#9355,#9356);
#9355 = CARTESIAN_POINT('',(4.,3.769791711858,-2.94));
#9356 = VECTOR('',#9357,1.);
#9357 = DIRECTION('',(-1.411475393107E-31,1.,1.334402673828E-16));
#9358 = ORIENTED_EDGE('',*,*,#9359,.F.);
#9359 = EDGE_CURVE('',#9297,#9352,#9360,.T.);
#9360 = LINE('',#9361,#9362);
#9361 = CARTESIAN_POINT('',(1.9125,5.411315037257,-2.94));
#9362 = VECTOR('',#9363,1.);
#9363 = DIRECTION('',(1.,0.,0.));
#9364 = ORIENTED_EDGE('',*,*,#9304,.T.);
#9365 = ORIENTED_EDGE('',*,*,#8083,.T.);
#9366 = PLANE('',#9367);
#9367 = AXIS2_PLACEMENT_3D('',#9368,#9369,#9370);
#9368 = CARTESIAN_POINT('',(3.825,8.4,-2.94));
#9369 = DIRECTION('',(0.,1.334402673828E-16,-1.));
#9370 = DIRECTION('',(0.,1.,1.334402673828E-16));
#9371 = ADVANCED_FACE('',(#9372),#9392,.F.);
#9372 = FACE_BOUND('',#9373,.F.);
#9373 = EDGE_LOOP('',(#9374,#9375,#9376,#9377,#9385,#9391));
#9374 = ORIENTED_EDGE('',*,*,#9328,.F.);
#9375 = ORIENTED_EDGE('',*,*,#9255,.F.);
#9376 = ORIENTED_EDGE('',*,*,#9280,.T.);
#9377 = ORIENTED_EDGE('',*,*,#9378,.T.);
#9378 = EDGE_CURVE('',#9281,#9379,#9381,.T.);
#9379 = VERTEX_POINT('',#9380);
#9380 = CARTESIAN_POINT('',(4.,5.15,-2.2));
#9381 = LINE('',#9382,#9383);
#9382 = CARTESIAN_POINT('',(3.936592888244,5.15,-2.220290275762));
#9383 = VECTOR('',#9384,1.);
#9384 = DIRECTION('',(0.952424147199,0.,0.304775727104));
#9385 = ORIENTED_EDGE('',*,*,#9386,.T.);
#9386 = EDGE_CURVE('',#9379,#9344,#9387,.T.);
#9387 = LINE('',#9388,#9389);
#9388 = CARTESIAN_POINT('',(4.,5.15,-2.555));
#9389 = VECTOR('',#9390,1.);
#9390 = DIRECTION('',(1.057758217059E-15,0.,-1.));
#9391 = ORIENTED_EDGE('',*,*,#9343,.T.);
#9392 = PLANE('',#9393);
#9393 = AXIS2_PLACEMENT_3D('',#9394,#9395,#9396);
#9394 = CARTESIAN_POINT('',(3.825,5.15,-2.09));
#9395 = DIRECTION('',(0.,-1.,0.));
#9396 = DIRECTION('',(0.,0.,-1.));
#9397 = ADVANCED_FACE('',(#9398),#9416,.F.);
#9398 = FACE_BOUND('',#9399,.F.);
#9399 = EDGE_LOOP('',(#9400,#9408,#9409,#9410));
#9400 = ORIENTED_EDGE('',*,*,#9401,.F.);
#9401 = EDGE_CURVE('',#9289,#9402,#9404,.T.);
#9402 = VERTEX_POINT('',#9403);
#9403 = CARTESIAN_POINT('',(4.,5.411315037257,-2.2));
#9404 = LINE('',#9405,#9406);
#9405 = CARTESIAN_POINT('',(4.,5.411315037257,-2.2));
#9406 = VECTOR('',#9407,1.);
#9407 = DIRECTION('',(0.952424147199,0.,0.304775727104));
#9408 = ORIENTED_EDGE('',*,*,#9296,.F.);
#9409 = ORIENTED_EDGE('',*,*,#9359,.T.);
#9410 = ORIENTED_EDGE('',*,*,#9411,.F.);
#9411 = EDGE_CURVE('',#9402,#9352,#9412,.T.);
#9412 = LINE('',#9413,#9414);
#9413 = CARTESIAN_POINT('',(4.,5.411315037257,-3.02));
#9414 = VECTOR('',#9415,1.);
#9415 = DIRECTION('',(1.057758217059E-15,0.,-1.));
#9416 = PLANE('',#9417);
#9417 = AXIS2_PLACEMENT_3D('',#9418,#9419,#9420);
#9418 = CARTESIAN_POINT('',(0.,5.411315037257,0.));
#9419 = DIRECTION('',(0.,-1.,0.));
#9420 = DIRECTION('',(0.,0.,-1.));
#9421 = ADVANCED_FACE('',(#9422),#9433,.T.);
#9422 = FACE_BOUND('',#9423,.T.);
#9423 = EDGE_LOOP('',(#9424,#9425,#9426,#9427));
#9424 = ORIENTED_EDGE('',*,*,#9401,.F.);
#9425 = ORIENTED_EDGE('',*,*,#9288,.F.);
#9426 = ORIENTED_EDGE('',*,*,#9378,.T.);
#9427 = ORIENTED_EDGE('',*,*,#9428,.T.);
#9428 = EDGE_CURVE('',#9379,#9402,#9429,.T.);
#9429 = LINE('',#9430,#9431);
#9430 = CARTESIAN_POINT('',(4.,-0.860416576283,-2.2));
#9431 = VECTOR('',#9432,1.);
#9432 = DIRECTION('',(0.,1.,0.));
#9433 = PLANE('',#9434);
#9434 = AXIS2_PLACEMENT_3D('',#9435,#9436,#9437);
#9435 = CARTESIAN_POINT('',(4.,-0.860416576283,-2.2));
#9436 = DIRECTION('',(-0.304775727104,0.,0.952424147199));
#9437 = DIRECTION('',(0.952424147199,0.,0.304775727104));
#9438 = ADVANCED_FACE('',(#9439),#9445,.T.);
#9439 = FACE_BOUND('',#9440,.T.);
#9440 = EDGE_LOOP('',(#9441,#9442,#9443,#9444));
#9441 = ORIENTED_EDGE('',*,*,#9428,.F.);
#9442 = ORIENTED_EDGE('',*,*,#9386,.T.);
#9443 = ORIENTED_EDGE('',*,*,#9351,.T.);
#9444 = ORIENTED_EDGE('',*,*,#9411,.F.);
#9445 = PLANE('',#9446);
#9446 = AXIS2_PLACEMENT_3D('',#9447,#9448,#9449);
#9447 = CARTESIAN_POINT('',(4.,-0.860416576283,-3.02));
#9448 = DIRECTION('',(1.,0.,1.057758217059E-15));
#9449 = DIRECTION('',(1.057758217059E-15,0.,-1.));
#9450 = ADVANCED_FACE('',(#9451),#9476,.F.);
#9451 = FACE_BOUND('',#9452,.T.);
#9452 = EDGE_LOOP('',(#9453,#9461,#9469,#9475));
#9453 = ORIENTED_EDGE('',*,*,#9454,.T.);
#9454 = EDGE_CURVE('',#8102,#9455,#9457,.T.);
#9455 = VERTEX_POINT('',#9456);
#9456 = CARTESIAN_POINT('',(3.175,5.15,-2.09));
#9457 = LINE('',#9458,#9459);
#9458 = CARTESIAN_POINT('',(3.175,8.4,-2.09));
#9459 = VECTOR('',#9460,1.);
#9460 = DIRECTION('',(0.,-1.,-1.334402673828E-16));
#9461 = ORIENTED_EDGE('',*,*,#9462,.F.);
#9462 = EDGE_CURVE('',#9463,#9455,#9465,.T.);
#9463 = VERTEX_POINT('',#9464);
#9464 = CARTESIAN_POINT('',(0.325,5.15,-2.09));
#9465 = LINE('',#9466,#9467);
#9466 = CARTESIAN_POINT('',(0.325,5.15,-2.09));
#9467 = VECTOR('',#9468,1.);
#9468 = DIRECTION('',(1.,0.,0.));
#9469 = ORIENTED_EDGE('',*,*,#9470,.F.);
#9470 = EDGE_CURVE('',#8100,#9463,#9471,.T.);
#9471 = LINE('',#9472,#9473);
#9472 = CARTESIAN_POINT('',(0.325,8.4,-2.09));
#9473 = VECTOR('',#9474,1.);
#9474 = DIRECTION('',(0.,-1.,-1.334402673828E-16));
#9475 = ORIENTED_EDGE('',*,*,#8099,.T.);
#9476 = PLANE('',#9477);
#9477 = AXIS2_PLACEMENT_3D('',#9478,#9479,#9480);
#9478 = CARTESIAN_POINT('',(0.325,8.4,-2.09));
#9479 = DIRECTION('',(0.,-1.334402673828E-16,1.));
#9480 = DIRECTION('',(0.,-1.,-1.334402673828E-16));
#9481 = ADVANCED_FACE('',(#9482),#9500,.T.);
#9482 = FACE_BOUND('',#9483,.T.);
#9483 = EDGE_LOOP('',(#9484,#9485,#9493,#9499));
#9484 = ORIENTED_EDGE('',*,*,#9470,.T.);
#9485 = ORIENTED_EDGE('',*,*,#9486,.T.);
#9486 = EDGE_CURVE('',#9463,#9487,#9489,.T.);
#9487 = VERTEX_POINT('',#9488);
#9488 = CARTESIAN_POINT('',(0.325,5.15,-2.94));
#9489 = LINE('',#9490,#9491);
#9490 = CARTESIAN_POINT('',(0.325,5.15,-2.09));
#9491 = VECTOR('',#9492,1.);
#9492 = DIRECTION('',(0.,0.,-1.));
#9493 = ORIENTED_EDGE('',*,*,#9494,.T.);
#9494 = EDGE_CURVE('',#9487,#8110,#9495,.T.);
#9495 = LINE('',#9496,#9497);
#9496 = CARTESIAN_POINT('',(0.325,8.4,-2.94));
#9497 = VECTOR('',#9498,1.);
#9498 = DIRECTION('',(0.,1.,1.334402673828E-16));
#9499 = ORIENTED_EDGE('',*,*,#8109,.T.);
#9500 = PLANE('',#9501);
#9501 = AXIS2_PLACEMENT_3D('',#9502,#9503,#9504);
#9502 = CARTESIAN_POINT('',(0.325,0.,0.));
#9503 = DIRECTION('',(1.,0.,0.));
#9504 = DIRECTION('',(0.,0.,-1.));
#9505 = ADVANCED_FACE('',(#9506),#9524,.F.);
#9506 = FACE_BOUND('',#9507,.T.);
#9507 = EDGE_LOOP('',(#9508,#9509,#9510,#9518));
#9508 = ORIENTED_EDGE('',*,*,#9454,.F.);
#9509 = ORIENTED_EDGE('',*,*,#8125,.F.);
#9510 = ORIENTED_EDGE('',*,*,#9511,.F.);
#9511 = EDGE_CURVE('',#9512,#8118,#9514,.T.);
#9512 = VERTEX_POINT('',#9513);
#9513 = CARTESIAN_POINT('',(3.175,5.15,-2.94));
#9514 = LINE('',#9515,#9516);
#9515 = CARTESIAN_POINT('',(3.175,8.4,-2.94));
#9516 = VECTOR('',#9517,1.);
#9517 = DIRECTION('',(0.,1.,1.334402673828E-16));
#9518 = ORIENTED_EDGE('',*,*,#9519,.F.);
#9519 = EDGE_CURVE('',#9455,#9512,#9520,.T.);
#9520 = LINE('',#9521,#9522);
#9521 = CARTESIAN_POINT('',(3.175,5.15,-2.09));
#9522 = VECTOR('',#9523,1.);
#9523 = DIRECTION('',(0.,0.,-1.));
#9524 = PLANE('',#9525);
#9525 = AXIS2_PLACEMENT_3D('',#9526,#9527,#9528);
#9526 = CARTESIAN_POINT('',(3.175,0.,0.));
#9527 = DIRECTION('',(1.,0.,0.));
#9528 = DIRECTION('',(0.,0.,-1.));
#9529 = ADVANCED_FACE('',(#9530),#9541,.F.);
#9530 = FACE_BOUND('',#9531,.T.);
#9531 = EDGE_LOOP('',(#9532,#9533,#9534,#9535));
#9532 = ORIENTED_EDGE('',*,*,#9511,.T.);
#9533 = ORIENTED_EDGE('',*,*,#8117,.F.);
#9534 = ORIENTED_EDGE('',*,*,#9494,.F.);
#9535 = ORIENTED_EDGE('',*,*,#9536,.T.);
#9536 = EDGE_CURVE('',#9487,#9512,#9537,.T.);
#9537 = LINE('',#9538,#9539);
#9538 = CARTESIAN_POINT('',(0.325,5.15,-2.94));
#9539 = VECTOR('',#9540,1.);
#9540 = DIRECTION('',(1.,0.,0.));
#9541 = PLANE('',#9542);
#9542 = AXIS2_PLACEMENT_3D('',#9543,#9544,#9545);
#9543 = CARTESIAN_POINT('',(0.325,8.4,-2.94));
#9544 = DIRECTION('',(0.,1.334402673828E-16,-1.));
#9545 = DIRECTION('',(0.,1.,1.334402673828E-16));
#9546 = ADVANCED_FACE('',(#9547),#9553,.F.);
#9547 = FACE_BOUND('',#9548,.T.);
#9548 = EDGE_LOOP('',(#9549,#9550,#9551,#9552));
#9549 = ORIENTED_EDGE('',*,*,#9519,.T.);
#9550 = ORIENTED_EDGE('',*,*,#9536,.F.);
#9551 = ORIENTED_EDGE('',*,*,#9486,.F.);
#9552 = ORIENTED_EDGE('',*,*,#9462,.T.);
#9553 = PLANE('',#9554);
#9554 = AXIS2_PLACEMENT_3D('',#9555,#9556,#9557);
#9555 = CARTESIAN_POINT('',(0.325,5.15,-2.09));
#9556 = DIRECTION('',(0.,-1.,0.));
#9557 = DIRECTION('',(0.,0.,-1.));
#9558 = ADVANCED_FACE('',(#9559),#9584,.F.);
#9559 = FACE_BOUND('',#9560,.F.);
#9560 = EDGE_LOOP('',(#9561,#9572,#9578,#9579));
#9561 = ORIENTED_EDGE('',*,*,#9562,.T.);
#9562 = EDGE_CURVE('',#9563,#9565,#9567,.T.);
#9563 = VERTEX_POINT('',#9564);
#9564 = CARTESIAN_POINT('',(3.5,7.9,2.24));
#9565 = VERTEX_POINT('',#9566);
#9566 = CARTESIAN_POINT('',(3.5,7.9,1.04));
#9567 = CIRCLE('',#9568,0.6);
#9568 = AXIS2_PLACEMENT_3D('',#9569,#9570,#9571);
#9569 = CARTESIAN_POINT('',(3.5,7.9,1.64));
#9570 = DIRECTION('',(0.,1.,0.));
#9571 = DIRECTION('',(0.,0.,1.));
#9572 = ORIENTED_EDGE('',*,*,#9573,.T.);
#9573 = EDGE_CURVE('',#9565,#8136,#9574,.T.);
#9574 = LINE('',#9575,#9576);
#9575 = CARTESIAN_POINT('',(3.5,7.9,1.04));
#9576 = VECTOR('',#9577,1.);
#9577 = DIRECTION('',(0.,1.,0.));
#9578 = ORIENTED_EDGE('',*,*,#8133,.F.);
#9579 = ORIENTED_EDGE('',*,*,#9580,.F.);
#9580 = EDGE_CURVE('',#9563,#8134,#9581,.T.);
#9581 = B_SPLINE_CURVE_WITH_KNOTS('',1,(#9582,#9583),.UNSPECIFIED.,.F.,
  .F.,(2,2),(0.,0.5),.PIECEWISE_BEZIER_KNOTS.);
#9582 = CARTESIAN_POINT('',(3.5,7.9,2.24));
#9583 = CARTESIAN_POINT('',(3.5,8.4,2.24));
#9584 = CYLINDRICAL_SURFACE('',#9585,0.6);
#9585 = AXIS2_PLACEMENT_3D('',#9586,#9587,#9588);
#9586 = CARTESIAN_POINT('',(3.5,7.9,1.64));
#9587 = DIRECTION('',(0.,1.,0.));
#9588 = DIRECTION('',(0.,0.,1.));
#9589 = ADVANCED_FACE('',(#9590),#9608,.T.);
#9590 = FACE_BOUND('',#9591,.T.);
#9591 = EDGE_LOOP('',(#9592,#9593,#9594,#9602));
#9592 = ORIENTED_EDGE('',*,*,#9573,.T.);
#9593 = ORIENTED_EDGE('',*,*,#8194,.T.);
#9594 = ORIENTED_EDGE('',*,*,#9595,.F.);
#9595 = EDGE_CURVE('',#9596,#8187,#9598,.T.);
#9596 = VERTEX_POINT('',#9597);
#9597 = CARTESIAN_POINT('',(3.5,7.9,1.39));
#9598 = LINE('',#9599,#9600);
#9599 = CARTESIAN_POINT('',(3.5,5.411315037257,1.39));
#9600 = VECTOR('',#9601,1.);
#9601 = DIRECTION('',(0.,1.,0.));
#9602 = ORIENTED_EDGE('',*,*,#9603,.F.);
#9603 = EDGE_CURVE('',#9565,#9596,#9604,.T.);
#9604 = LINE('',#9605,#9606);
#9605 = CARTESIAN_POINT('',(3.5,7.9,0.82));
#9606 = VECTOR('',#9607,1.);
#9607 = DIRECTION('',(0.,0.,1.));
#9608 = PLANE('',#9609);
#9609 = AXIS2_PLACEMENT_3D('',#9610,#9611,#9612);
#9610 = CARTESIAN_POINT('',(3.5,0.,0.));
#9611 = DIRECTION('',(1.,0.,0.));
#9612 = DIRECTION('',(0.,0.,-1.));
#9613 = ADVANCED_FACE('',(#9614),#9632,.F.);
#9614 = FACE_BOUND('',#9615,.F.);
#9615 = EDGE_LOOP('',(#9616,#9617,#9618,#9626));
#9616 = ORIENTED_EDGE('',*,*,#8186,.F.);
#9617 = ORIENTED_EDGE('',*,*,#9595,.F.);
#9618 = ORIENTED_EDGE('',*,*,#9619,.F.);
#9619 = EDGE_CURVE('',#9620,#9596,#9622,.T.);
#9620 = VERTEX_POINT('',#9621);
#9621 = CARTESIAN_POINT('',(3.048038675795,7.9,1.245372376254));
#9622 = LINE('',#9623,#9624);
#9623 = CARTESIAN_POINT('',(3.286284470247,7.9,1.321611030479));
#9624 = VECTOR('',#9625,1.);
#9625 = DIRECTION('',(0.952424147199,-0.,0.304775727104));
#9626 = ORIENTED_EDGE('',*,*,#9627,.T.);
#9627 = EDGE_CURVE('',#9620,#8178,#9628,.T.);
#9628 = LINE('',#9629,#9630);
#9629 = CARTESIAN_POINT('',(3.048038675795,7.9,1.245372376254));
#9630 = VECTOR('',#9631,1.);
#9631 = DIRECTION('',(0.,1.,0.));
#9632 = PLANE('',#9633);
#9633 = AXIS2_PLACEMENT_3D('',#9634,#9635,#9636);
#9634 = CARTESIAN_POINT('',(3.,5.411315037257,1.23));
#9635 = DIRECTION('',(0.304775727104,0.,-0.952424147199));
#9636 = DIRECTION('',(-0.952424147199,0.,-0.304775727104));
#9637 = ADVANCED_FACE('',(#9638),#9657,.F.);
#9638 = FACE_BOUND('',#9639,.F.);
#9639 = EDGE_LOOP('',(#9640,#9641,#9650,#9656));
#9640 = ORIENTED_EDGE('',*,*,#9627,.F.);
#9641 = ORIENTED_EDGE('',*,*,#9642,.T.);
#9642 = EDGE_CURVE('',#9620,#9643,#9645,.T.);
#9643 = VERTEX_POINT('',#9644);
#9644 = CARTESIAN_POINT('',(3.,7.9,1.308337520964));
#9645 = CIRCLE('',#9646,0.6);
#9646 = AXIS2_PLACEMENT_3D('',#9647,#9648,#9649);
#9647 = CARTESIAN_POINT('',(3.5,7.9,1.64));
#9648 = DIRECTION('',(0.,1.,0.));
#9649 = DIRECTION('',(0.,0.,1.));
#9650 = ORIENTED_EDGE('',*,*,#9651,.T.);
#9651 = EDGE_CURVE('',#9643,#8170,#9652,.T.);
#9652 = LINE('',#9653,#9654);
#9653 = CARTESIAN_POINT('',(3.,7.9,1.308337520964));
#9654 = VECTOR('',#9655,1.);
#9655 = DIRECTION('',(0.,1.,0.));
#9656 = ORIENTED_EDGE('',*,*,#8177,.F.);
#9657 = CYLINDRICAL_SURFACE('',#9658,0.6);
#9658 = AXIS2_PLACEMENT_3D('',#9659,#9660,#9661);
#9659 = CARTESIAN_POINT('',(3.5,7.9,1.64));
#9660 = DIRECTION('',(0.,1.,0.));
#9661 = DIRECTION('',(0.,0.,1.));
#9662 = ADVANCED_FACE('',(#9663),#9681,.F.);
#9663 = FACE_BOUND('',#9664,.F.);
#9664 = EDGE_LOOP('',(#9665,#9666,#9667,#9675));
#9665 = ORIENTED_EDGE('',*,*,#8169,.F.);
#9666 = ORIENTED_EDGE('',*,*,#9651,.F.);
#9667 = ORIENTED_EDGE('',*,*,#9668,.F.);
#9668 = EDGE_CURVE('',#9669,#9643,#9671,.T.);
#9669 = VERTEX_POINT('',#9670);
#9670 = CARTESIAN_POINT('',(3.,7.9,1.971662479036));
#9671 = LINE('',#9672,#9673);
#9672 = CARTESIAN_POINT('',(3.,7.9,1.845));
#9673 = VECTOR('',#9674,1.);
#9674 = DIRECTION('',(0.,0.,-1.));
#9675 = ORIENTED_EDGE('',*,*,#9676,.T.);
#9676 = EDGE_CURVE('',#9669,#8161,#9677,.T.);
#9677 = LINE('',#9678,#9679);
#9678 = CARTESIAN_POINT('',(3.,7.9,1.971662479036));
#9679 = VECTOR('',#9680,1.);
#9680 = DIRECTION('',(0.,1.,0.));
#9681 = PLANE('',#9682);
#9682 = AXIS2_PLACEMENT_3D('',#9683,#9684,#9685);
#9683 = CARTESIAN_POINT('',(3.,5.411315037257,2.05));
#9684 = DIRECTION('',(-1.,0.,0.));
#9685 = DIRECTION('',(0.,0.,1.));
#9686 = ADVANCED_FACE('',(#9687),#9706,.F.);
#9687 = FACE_BOUND('',#9688,.F.);
#9688 = EDGE_LOOP('',(#9689,#9698,#9704,#9705));
#9689 = ORIENTED_EDGE('',*,*,#9690,.T.);
#9690 = EDGE_CURVE('',#9669,#9691,#9693,.T.);
#9691 = VERTEX_POINT('',#9692);
#9692 = CARTESIAN_POINT('',(3.048038675795,7.9,2.034627623746));
#9693 = CIRCLE('',#9694,0.6);
#9694 = AXIS2_PLACEMENT_3D('',#9695,#9696,#9697);
#9695 = CARTESIAN_POINT('',(3.5,7.9,1.64));
#9696 = DIRECTION('',(0.,1.,0.));
#9697 = DIRECTION('',(0.,0.,1.));
#9698 = ORIENTED_EDGE('',*,*,#9699,.T.);
#9699 = EDGE_CURVE('',#9691,#8153,#9700,.T.);
#9700 = LINE('',#9701,#9702);
#9701 = CARTESIAN_POINT('',(3.048038675795,7.9,2.034627623746));
#9702 = VECTOR('',#9703,1.);
#9703 = DIRECTION('',(0.,1.,0.));
#9704 = ORIENTED_EDGE('',*,*,#8160,.F.);
#9705 = ORIENTED_EDGE('',*,*,#9676,.F.);
#9706 = CYLINDRICAL_SURFACE('',#9707,0.6);
#9707 = AXIS2_PLACEMENT_3D('',#9708,#9709,#9710);
#9708 = CARTESIAN_POINT('',(3.5,7.9,1.64));
#9709 = DIRECTION('',(0.,1.,0.));
#9710 = DIRECTION('',(0.,0.,1.));
#9711 = ADVANCED_FACE('',(#9712),#9730,.F.);
#9712 = FACE_BOUND('',#9713,.F.);
#9713 = EDGE_LOOP('',(#9714,#9715,#9716,#9724));
#9714 = ORIENTED_EDGE('',*,*,#8152,.F.);
#9715 = ORIENTED_EDGE('',*,*,#9699,.F.);
#9716 = ORIENTED_EDGE('',*,*,#9717,.F.);
#9717 = EDGE_CURVE('',#9718,#9691,#9720,.T.);
#9718 = VERTEX_POINT('',#9719);
#9719 = CARTESIAN_POINT('',(3.5,7.9,1.89));
#9720 = LINE('',#9721,#9722);
#9721 = CARTESIAN_POINT('',(3.536284470247,7.9,1.878388969521));
#9722 = VECTOR('',#9723,1.);
#9723 = DIRECTION('',(-0.952424147199,0.,0.304775727104));
#9724 = ORIENTED_EDGE('',*,*,#9725,.T.);
#9725 = EDGE_CURVE('',#9718,#8145,#9726,.T.);
#9726 = LINE('',#9727,#9728);
#9727 = CARTESIAN_POINT('',(3.5,5.411315037257,1.89));
#9728 = VECTOR('',#9729,1.);
#9729 = DIRECTION('',(0.,1.,0.));
#9730 = PLANE('',#9731);
#9731 = AXIS2_PLACEMENT_3D('',#9732,#9733,#9734);
#9732 = CARTESIAN_POINT('',(3.5,5.411315037257,1.89));
#9733 = DIRECTION('',(0.304775727104,0.,0.952424147199));
#9734 = DIRECTION('',(0.952424147199,0.,-0.304775727104));
#9735 = ADVANCED_FACE('',(#9736),#9747,.T.);
#9736 = FACE_BOUND('',#9737,.T.);
#9737 = EDGE_LOOP('',(#9738,#9739,#9740,#9746));
#9738 = ORIENTED_EDGE('',*,*,#8144,.T.);
#9739 = ORIENTED_EDGE('',*,*,#9580,.F.);
#9740 = ORIENTED_EDGE('',*,*,#9741,.F.);
#9741 = EDGE_CURVE('',#9718,#9563,#9742,.T.);
#9742 = LINE('',#9743,#9744);
#9743 = CARTESIAN_POINT('',(3.5,7.9,0.82));
#9744 = VECTOR('',#9745,1.);
#9745 = DIRECTION('',(0.,0.,1.));
#9746 = ORIENTED_EDGE('',*,*,#9725,.T.);
#9747 = PLANE('',#9748);
#9748 = AXIS2_PLACEMENT_3D('',#9749,#9750,#9751);
#9749 = CARTESIAN_POINT('',(3.5,0.,0.));
#9750 = DIRECTION('',(1.,0.,0.));
#9751 = DIRECTION('',(0.,0.,-1.));
#9752 = ADVANCED_FACE('',(#9753),#9763,.T.);
#9753 = FACE_BOUND('',#9754,.T.);
#9754 = EDGE_LOOP('',(#9755,#9756,#9757,#9758,#9759,#9760,#9761,#9762));
#9755 = ORIENTED_EDGE('',*,*,#9741,.T.);
#9756 = ORIENTED_EDGE('',*,*,#9562,.T.);
#9757 = ORIENTED_EDGE('',*,*,#9603,.T.);
#9758 = ORIENTED_EDGE('',*,*,#9619,.F.);
#9759 = ORIENTED_EDGE('',*,*,#9642,.T.);
#9760 = ORIENTED_EDGE('',*,*,#9668,.F.);
#9761 = ORIENTED_EDGE('',*,*,#9690,.T.);
#9762 = ORIENTED_EDGE('',*,*,#9717,.F.);
#9763 = PLANE('',#9764);
#9764 = AXIS2_PLACEMENT_3D('',#9765,#9766,#9767);
#9765 = CARTESIAN_POINT('',(3.5,7.9,1.64));
#9766 = DIRECTION('',(0.,1.,0.));
#9767 = DIRECTION('',(0.,0.,1.));
#9768 = ADVANCED_FACE('',(#9769),#9795,.F.);
#9769 = FACE_BOUND('',#9770,.F.);
#9770 = EDGE_LOOP('',(#9771,#9779,#9788,#9794));
#9771 = ORIENTED_EDGE('',*,*,#9772,.F.);
#9772 = EDGE_CURVE('',#9773,#8203,#9775,.T.);
#9773 = VERTEX_POINT('',#9774);
#9774 = CARTESIAN_POINT('',(-0.5,7.9,1.308337520964));
#9775 = LINE('',#9776,#9777);
#9776 = CARTESIAN_POINT('',(-0.5,7.9,1.308337520964));
#9777 = VECTOR('',#9778,1.);
#9778 = DIRECTION('',(0.,1.,0.));
#9779 = ORIENTED_EDGE('',*,*,#9780,.T.);
#9780 = EDGE_CURVE('',#9773,#9781,#9783,.T.);
#9781 = VERTEX_POINT('',#9782);
#9782 = CARTESIAN_POINT('',(-0.5,7.9,1.971662479036));
#9783 = CIRCLE('',#9784,0.6);
#9784 = AXIS2_PLACEMENT_3D('',#9785,#9786,#9787);
#9785 = CARTESIAN_POINT('',(0.,7.9,1.64));
#9786 = DIRECTION('',(0.,1.,0.));
#9787 = DIRECTION('',(0.,0.,1.));
#9788 = ORIENTED_EDGE('',*,*,#9789,.T.);
#9789 = EDGE_CURVE('',#9781,#8205,#9790,.T.);
#9790 = LINE('',#9791,#9792);
#9791 = CARTESIAN_POINT('',(-0.5,7.9,1.971662479036));
#9792 = VECTOR('',#9793,1.);
#9793 = DIRECTION('',(0.,1.,0.));
#9794 = ORIENTED_EDGE('',*,*,#8212,.F.);
#9795 = CYLINDRICAL_SURFACE('',#9796,0.6);
#9796 = AXIS2_PLACEMENT_3D('',#9797,#9798,#9799);
#9797 = CARTESIAN_POINT('',(0.,7.9,1.64));
#9798 = DIRECTION('',(0.,1.,0.));
#9799 = DIRECTION('',(0.,0.,1.));
#9800 = ADVANCED_FACE('',(#9801),#9812,.T.);
#9801 = FACE_BOUND('',#9802,.T.);
#9802 = EDGE_LOOP('',(#9803,#9804,#9805,#9811));
#9803 = ORIENTED_EDGE('',*,*,#8202,.F.);
#9804 = ORIENTED_EDGE('',*,*,#9772,.F.);
#9805 = ORIENTED_EDGE('',*,*,#9806,.T.);
#9806 = EDGE_CURVE('',#9773,#9781,#9807,.T.);
#9807 = LINE('',#9808,#9809);
#9808 = CARTESIAN_POINT('',(-0.5,7.9,1.845));
#9809 = VECTOR('',#9810,1.);
#9810 = DIRECTION('',(0.,-0.,1.));
#9811 = ORIENTED_EDGE('',*,*,#9789,.T.);
#9812 = PLANE('',#9813);
#9813 = AXIS2_PLACEMENT_3D('',#9814,#9815,#9816);
#9814 = CARTESIAN_POINT('',(-0.5,5.411315037257,2.05));
#9815 = DIRECTION('',(-1.,0.,0.));
#9816 = DIRECTION('',(0.,0.,1.));
#9817 = ADVANCED_FACE('',(#9818),#9822,.T.);
#9818 = FACE_BOUND('',#9819,.T.);
#9819 = EDGE_LOOP('',(#9820,#9821));
#9820 = ORIENTED_EDGE('',*,*,#9780,.T.);
#9821 = ORIENTED_EDGE('',*,*,#9806,.F.);
#9822 = PLANE('',#9823);
#9823 = AXIS2_PLACEMENT_3D('',#9824,#9825,#9826);
#9824 = CARTESIAN_POINT('',(0.,7.9,1.64));
#9825 = DIRECTION('',(0.,1.,0.));
#9826 = DIRECTION('',(0.,0.,1.));
#9827 = ADVANCED_FACE('',(#9828),#9854,.F.);
#9828 = FACE_BOUND('',#9829,.F.);
#9829 = EDGE_LOOP('',(#9830,#9838,#9847,#9853));
#9830 = ORIENTED_EDGE('',*,*,#9831,.F.);
#9831 = EDGE_CURVE('',#9832,#8232,#9834,.T.);
#9832 = VERTEX_POINT('',#9833);
#9833 = CARTESIAN_POINT('',(7.347880794884E-17,7.9,1.04));
#9834 = LINE('',#9835,#9836);
#9835 = CARTESIAN_POINT('',(-8.881784197001E-16,7.9,1.04));
#9836 = VECTOR('',#9837,1.);
#9837 = DIRECTION('',(0.,1.,0.));
#9838 = ORIENTED_EDGE('',*,*,#9839,.T.);
#9839 = EDGE_CURVE('',#9832,#9840,#9842,.T.);
#9840 = VERTEX_POINT('',#9841);
#9841 = CARTESIAN_POINT('',(-0.451961324205,7.9,1.245372376254));
#9842 = CIRCLE('',#9843,0.6);
#9843 = AXIS2_PLACEMENT_3D('',#9844,#9845,#9846);
#9844 = CARTESIAN_POINT('',(0.,7.9,1.64));
#9845 = DIRECTION('',(0.,1.,0.));
#9846 = DIRECTION('',(0.,0.,1.));
#9847 = ORIENTED_EDGE('',*,*,#9848,.T.);
#9848 = EDGE_CURVE('',#9840,#8224,#9849,.T.);
#9849 = LINE('',#9850,#9851);
#9850 = CARTESIAN_POINT('',(-0.451961324205,7.9,1.245372376254));
#9851 = VECTOR('',#9852,1.);
#9852 = DIRECTION('',(0.,1.,0.));
#9853 = ORIENTED_EDGE('',*,*,#8231,.F.);
#9854 = CYLINDRICAL_SURFACE('',#9855,0.6);
#9855 = AXIS2_PLACEMENT_3D('',#9856,#9857,#9858);
#9856 = CARTESIAN_POINT('',(0.,7.9,1.64));
#9857 = DIRECTION('',(0.,1.,0.));
#9858 = DIRECTION('',(0.,0.,1.));
#9859 = ADVANCED_FACE('',(#9860),#9878,.T.);
#9860 = FACE_BOUND('',#9861,.T.);
#9861 = EDGE_LOOP('',(#9862,#9863,#9871,#9877));
#9862 = ORIENTED_EDGE('',*,*,#8221,.F.);
#9863 = ORIENTED_EDGE('',*,*,#9864,.F.);
#9864 = EDGE_CURVE('',#9865,#8222,#9867,.T.);
#9865 = VERTEX_POINT('',#9866);
#9866 = CARTESIAN_POINT('',(-4.440892098501E-16,7.9,1.39));
#9867 = LINE('',#9868,#9869);
#9868 = CARTESIAN_POINT('',(-4.440892098501E-16,5.411315037257,1.39));
#9869 = VECTOR('',#9870,1.);
#9870 = DIRECTION('',(0.,1.,0.));
#9871 = ORIENTED_EDGE('',*,*,#9872,.T.);
#9872 = EDGE_CURVE('',#9865,#9840,#9873,.T.);
#9873 = LINE('',#9874,#9875);
#9874 = CARTESIAN_POINT('',(-0.213715529753,7.9,1.321611030479));
#9875 = VECTOR('',#9876,1.);
#9876 = DIRECTION('',(-0.952424147199,0.,-0.304775727104));
#9877 = ORIENTED_EDGE('',*,*,#9848,.T.);
#9878 = PLANE('',#9879);
#9879 = AXIS2_PLACEMENT_3D('',#9880,#9881,#9882);
#9880 = CARTESIAN_POINT('',(-0.5,5.411315037257,1.23));
#9881 = DIRECTION('',(0.304775727104,0.,-0.952424147199));
#9882 = DIRECTION('',(-0.952424147199,0.,-0.304775727104));
#9883 = ADVANCED_FACE('',(#9884),#9895,.T.);
#9884 = FACE_BOUND('',#9885,.T.);
#9885 = EDGE_LOOP('',(#9886,#9892,#9893,#9894));
#9886 = ORIENTED_EDGE('',*,*,#9887,.T.);
#9887 = EDGE_CURVE('',#9832,#9865,#9888,.T.);
#9888 = LINE('',#9889,#9890);
#9889 = CARTESIAN_POINT('',(-8.881784197001E-16,7.9,0.82));
#9890 = VECTOR('',#9891,1.);
#9891 = DIRECTION('',(0.,-0.,1.));
#9892 = ORIENTED_EDGE('',*,*,#9864,.T.);
#9893 = ORIENTED_EDGE('',*,*,#8240,.F.);
#9894 = ORIENTED_EDGE('',*,*,#9831,.F.);
#9895 = PLANE('',#9896);
#9896 = AXIS2_PLACEMENT_3D('',#9897,#9898,#9899);
#9897 = CARTESIAN_POINT('',(-8.881784197001E-16,0.,0.));
#9898 = DIRECTION('',(-1.,0.,0.));
#9899 = DIRECTION('',(0.,0.,-1.));
#9900 = ADVANCED_FACE('',(#9901),#9906,.T.);
#9901 = FACE_BOUND('',#9902,.T.);
#9902 = EDGE_LOOP('',(#9903,#9904,#9905));
#9903 = ORIENTED_EDGE('',*,*,#9887,.F.);
#9904 = ORIENTED_EDGE('',*,*,#9839,.T.);
#9905 = ORIENTED_EDGE('',*,*,#9872,.F.);
#9906 = PLANE('',#9907);
#9907 = AXIS2_PLACEMENT_3D('',#9908,#9909,#9910);
#9908 = CARTESIAN_POINT('',(0.,7.9,1.64));
#9909 = DIRECTION('',(0.,1.,0.));
#9910 = DIRECTION('',(0.,0.,1.));
#9911 = ADVANCED_FACE('',(#9912),#9937,.F.);
#9912 = FACE_BOUND('',#9913,.F.);
#9913 = EDGE_LOOP('',(#9914,#9925,#9930,#9931));
#9914 = ORIENTED_EDGE('',*,*,#9915,.T.);
#9915 = EDGE_CURVE('',#9916,#9918,#9920,.T.);
#9916 = VERTEX_POINT('',#9917);
#9917 = CARTESIAN_POINT('',(-0.451961324205,7.9,2.034627623746));
#9918 = VERTEX_POINT('',#9919);
#9919 = CARTESIAN_POINT('',(0.,7.9,2.24));
#9920 = CIRCLE('',#9921,0.6);
#9921 = AXIS2_PLACEMENT_3D('',#9922,#9923,#9924);
#9922 = CARTESIAN_POINT('',(0.,7.9,1.64));
#9923 = DIRECTION('',(0.,1.,0.));
#9924 = DIRECTION('',(0.,0.,1.));
#9925 = ORIENTED_EDGE('',*,*,#9926,.T.);
#9926 = EDGE_CURVE('',#9918,#8251,#9927,.T.);
#9927 = B_SPLINE_CURVE_WITH_KNOTS('',1,(#9928,#9929),.UNSPECIFIED.,.F.,
  .F.,(2,2),(0.,0.5),.PIECEWISE_BEZIER_KNOTS.);
#9928 = CARTESIAN_POINT('',(0.,7.9,2.24));
#9929 = CARTESIAN_POINT('',(0.,8.4,2.24));
#9930 = ORIENTED_EDGE('',*,*,#8258,.F.);
#9931 = ORIENTED_EDGE('',*,*,#9932,.F.);
#9932 = EDGE_CURVE('',#9916,#8259,#9933,.T.);
#9933 = LINE('',#9934,#9935);
#9934 = CARTESIAN_POINT('',(-0.451961324205,7.9,2.034627623746));
#9935 = VECTOR('',#9936,1.);
#9936 = DIRECTION('',(0.,1.,0.));
#9937 = CYLINDRICAL_SURFACE('',#9938,0.6);
#9938 = AXIS2_PLACEMENT_3D('',#9939,#9940,#9941);
#9939 = CARTESIAN_POINT('',(0.,7.9,1.64));
#9940 = DIRECTION('',(0.,1.,0.));
#9941 = DIRECTION('',(0.,0.,1.));
#9942 = ADVANCED_FACE('',(#9943),#9961,.T.);
#9943 = FACE_BOUND('',#9944,.T.);
#9944 = EDGE_LOOP('',(#9945,#9953,#9959,#9960));
#9945 = ORIENTED_EDGE('',*,*,#9946,.F.);
#9946 = EDGE_CURVE('',#9947,#8249,#9949,.T.);
#9947 = VERTEX_POINT('',#9948);
#9948 = CARTESIAN_POINT('',(-4.440892098501E-16,7.9,1.89));
#9949 = LINE('',#9950,#9951);
#9950 = CARTESIAN_POINT('',(-4.440892098501E-16,5.411315037257,1.89));
#9951 = VECTOR('',#9952,1.);
#9952 = DIRECTION('',(0.,1.,0.));
#9953 = ORIENTED_EDGE('',*,*,#9954,.T.);
#9954 = EDGE_CURVE('',#9947,#9918,#9955,.T.);
#9955 = LINE('',#9956,#9957);
#9956 = CARTESIAN_POINT('',(-8.881784197001E-16,7.9,0.82));
#9957 = VECTOR('',#9958,1.);
#9958 = DIRECTION('',(0.,-0.,1.));
#9959 = ORIENTED_EDGE('',*,*,#9926,.T.);
#9960 = ORIENTED_EDGE('',*,*,#8248,.F.);
#9961 = PLANE('',#9962);
#9962 = AXIS2_PLACEMENT_3D('',#9963,#9964,#9965);
#9963 = CARTESIAN_POINT('',(-8.881784197001E-16,0.,0.));
#9964 = DIRECTION('',(-1.,0.,0.));
#9965 = DIRECTION('',(0.,0.,-1.));
#9966 = ADVANCED_FACE('',(#9967),#9978,.T.);
#9967 = FACE_BOUND('',#9968,.T.);
#9968 = EDGE_LOOP('',(#9969,#9970,#9971,#9977));
#9969 = ORIENTED_EDGE('',*,*,#8267,.F.);
#9970 = ORIENTED_EDGE('',*,*,#9932,.F.);
#9971 = ORIENTED_EDGE('',*,*,#9972,.T.);
#9972 = EDGE_CURVE('',#9916,#9947,#9973,.T.);
#9973 = LINE('',#9974,#9975);
#9974 = CARTESIAN_POINT('',(3.628447024673E-02,7.9,1.878388969521));
#9975 = VECTOR('',#9976,1.);
#9976 = DIRECTION('',(0.952424147199,0.,-0.304775727104));
#9977 = ORIENTED_EDGE('',*,*,#9946,.T.);
#9978 = PLANE('',#9979);
#9979 = AXIS2_PLACEMENT_3D('',#9980,#9981,#9982);
#9980 = CARTESIAN_POINT('',(-4.440892098501E-16,5.411315037257,1.89));
#9981 = DIRECTION('',(0.304775727104,0.,0.952424147199));
#9982 = DIRECTION('',(0.952424147199,0.,-0.304775727104));
#9983 = ADVANCED_FACE('',(#9984),#9989,.T.);
#9984 = FACE_BOUND('',#9985,.T.);
#9985 = EDGE_LOOP('',(#9986,#9987,#9988));
#9986 = ORIENTED_EDGE('',*,*,#9915,.T.);
#9987 = ORIENTED_EDGE('',*,*,#9954,.F.);
#9988 = ORIENTED_EDGE('',*,*,#9972,.F.);
#9989 = PLANE('',#9990);
#9990 = AXIS2_PLACEMENT_3D('',#9991,#9992,#9993);
#9991 = CARTESIAN_POINT('',(0.,7.9,1.64));
#9992 = DIRECTION('',(0.,1.,0.));
#9993 = DIRECTION('',(0.,0.,1.));
#9994 = ADVANCED_FACE('',(#9995),#10006,.T.);
#9995 = FACE_BOUND('',#9996,.T.);
#9996 = EDGE_LOOP('',(#9997,#9998,#9999,#10000));
#9997 = ORIENTED_EDGE('',*,*,#5139,.F.);
#9998 = ORIENTED_EDGE('',*,*,#7938,.F.);
#9999 = ORIENTED_EDGE('',*,*,#5488,.T.);
#10000 = ORIENTED_EDGE('',*,*,#10001,.T.);
#10001 = EDGE_CURVE('',#5481,#5140,#10002,.T.);
#10002 = LINE('',#10003,#10004);
#10003 = CARTESIAN_POINT('',(8.673617379884E-16,0.,-3.3));
#10004 = VECTOR('',#10005,1.);
#10005 = DIRECTION('',(1.,0.,0.));
#10006 = PLANE('',#10007);
#10007 = AXIS2_PLACEMENT_3D('',#10008,#10009,#10010);
#10008 = CARTESIAN_POINT('',(1.75,0.,-2.5));
#10009 = DIRECTION('',(-0.,-1.,-0.));
#10010 = DIRECTION('',(0.,0.,-1.));
#10011 = ADVANCED_FACE('',(#10012),#10018,.T.);
#10012 = FACE_BOUND('',#10013,.T.);
#10013 = EDGE_LOOP('',(#10014,#10015,#10016,#10017));
#10014 = ORIENTED_EDGE('',*,*,#7963,.T.);
#10015 = ORIENTED_EDGE('',*,*,#5163,.F.);
#10016 = ORIENTED_EDGE('',*,*,#7896,.F.);
#10017 = ORIENTED_EDGE('',*,*,#5464,.T.);
#10018 = PLANE('',#10019);
#10019 = AXIS2_PLACEMENT_3D('',#10020,#10021,#10022);
#10020 = CARTESIAN_POINT('',(1.75,4.25,-3.5));
#10021 = DIRECTION('',(-0.,-0.,-1.));
#10022 = DIRECTION('',(-1.,0.,0.));
#10023 = ADVANCED_FACE('',(#10024),#10030,.T.);
#10024 = FACE_BOUND('',#10025,.T.);
#10025 = EDGE_LOOP('',(#10026,#10027,#10028,#10029));
#10026 = ORIENTED_EDGE('',*,*,#7903,.T.);
#10027 = ORIENTED_EDGE('',*,*,#5147,.F.);
#10028 = ORIENTED_EDGE('',*,*,#10001,.F.);
#10029 = ORIENTED_EDGE('',*,*,#5480,.T.);
#10030 = PLANE('',#10031);
#10031 = AXIS2_PLACEMENT_3D('',#10032,#10033,#10034);
#10032 = CARTESIAN_POINT('',(1.75,5.E-02,-3.3));
#10033 = DIRECTION('',(-0.,-0.,-1.));
#10034 = DIRECTION('',(-1.,0.,0.));
#10035 = ADVANCED_FACE('',(#10036),#10048,.F.);
#10036 = FACE_BOUND('',#10037,.F.);
#10037 = EDGE_LOOP('',(#10038,#10039,#10040,#10045,#10046,#10047));
#10038 = ORIENTED_EDGE('',*,*,#1451,.F.);
#10039 = ORIENTED_EDGE('',*,*,#1440,.F.);
#10040 = ORIENTED_EDGE('',*,*,#10041,.T.);
#10041 = EDGE_CURVE('',#1441,#1318,#10042,.T.);
#10042 = B_SPLINE_CURVE_WITH_KNOTS('',1,(#10043,#10044),.UNSPECIFIED.,
  .F.,.F.,(2,2),(1.475,5.325),.PIECEWISE_BEZIER_KNOTS.);
#10043 = CARTESIAN_POINT('',(2.75,2.220184896686,-2.025));
#10044 = CARTESIAN_POINT('',(2.75,2.220184896686,1.825));
#10045 = ORIENTED_EDGE('',*,*,#1328,.F.);
#10046 = ORIENTED_EDGE('',*,*,#1317,.F.);
#10047 = ORIENTED_EDGE('',*,*,#10041,.F.);
#10048 = CYLINDRICAL_SURFACE('',#10049,1.);
#10049 = AXIS2_PLACEMENT_3D('',#10050,#10051,#10052);
#10050 = CARTESIAN_POINT('',(1.75,2.220184896686,-3.5));
#10051 = DIRECTION('',(0.,0.,1.));
#10052 = DIRECTION('',(1.,0.,0.));
#10053 = ( GEOMETRIC_REPRESENTATION_CONTEXT(3) 
GLOBAL_UNCERTAINTY_ASSIGNED_CONTEXT((#10057)) 
GLOBAL_UNIT_ASSIGNED_CONTEXT((#10054,#10055,#10056)) 
REPRESENTATION_CONTEXT('Context #1',
  '3D Context with UNIT and UNCERTAINTY') );
#10054 = ( LENGTH_UNIT() NAMED_UNIT(*) SI_UNIT(.MILLI.,.METRE.) );
#10055 = ( NAMED_UNIT(*) PLANE_ANGLE_UNIT() SI_UNIT($,.RADIAN.) );
#10056 = ( NAMED_UNIT(*) SI_UNIT($,.STERADIAN.) SOLID_ANGLE_UNIT() );
#10057 = UNCERTAINTY_MEASURE_WITH_UNIT(LENGTH_MEASURE(1.E-05),#10054,
  'distance_accuracy_value','confusion accuracy');
#10058 = PRODUCT_RELATED_PRODUCT_CATEGORY('part',$,(#7));
#10059 = MECHANICAL_DESIGN_GEOMETRIC_PRESENTATION_REPRESENTATION('',(
    #10060),#10053);
#10060 = STYLED_ITEM('color',(#10061),#15);
#10061 = PRESENTATION_STYLE_ASSIGNMENT((#10062,#10068));
#10062 = SURFACE_STYLE_USAGE(.BOTH.,#10063);
#10063 = SURFACE_SIDE_STYLE('',(#10064));
#10064 = SURFACE_STYLE_FILL_AREA(#10065);
#10065 = FILL_AREA_STYLE('',(#10066));
#10066 = FILL_AREA_STYLE_COLOUR('',#10067);
#10067 = COLOUR_RGB('',0.250000000672,0.250000000672,0.250000000672);
#10068 = CURVE_STYLE('',#10069,POSITIVE_LENGTH_MEASURE(0.1),#10070);
#10069 = DRAUGHTING_PRE_DEFINED_CURVE_FONT('continuous');
#10070 = COLOUR_RGB('',9.803921802644E-02,9.803921802644E-02,
  9.803921802644E-02);
ENDSEC;
END-ISO-10303-21;
